customer_age,years_as_customer,monthly_premium,num_policies,policy_type,claims_last_year,claim_amount_avg,customer_service_calls,online_account_active,auto_pay_enrolled,satisfaction_score,late_payments,premium_increase_pct,churned
47,2.6,277.93,1,basic,1,9117.85,1,0,1,7,0,-4.1,0
40,0.5,230.82,1,standard,2,3219.61,4,0,0,6,0,8.3,0
49,2.1,455.53,1,standard,0,0.0,3,1,0,9,1,4.0,0
60,0.6,100.31,4,basic,1,500.0,3,1,1,6,0,-1.1,0
39,8.3,299.97,2,standard,2,1177.86,2,1,0,5,0,0.1,1
39,14.8,286.74,1,standard,1,2643.14,3,0,0,5,1,-4.8,1
60,0.5,122.81,1,standard,2,1201.49,1,0,0,8,1,1.8,0
51,15.5,271.2,2,premium,1,5663.06,1,1,0,4,0,3.1,1
36,3.7,207.36,3,basic,1,1914.54,1,1,0,6,0,1.5,1
48,1.8,165.51,1,basic,0,0.0,3,1,1,9,0,5.4,0
36,0.5,130.38,1,premium,1,2130.09,2,0,1,7,0,4.4,1
36,3.5,135.96,3,standard,0,0.0,2,0,0,6,0,6.8,0
44,7.9,411.55,1,standard,0,0.0,4,1,0,6,0,12.5,0
19,6.1,181.32,1,standard,0,0.0,3,1,1,5,1,9.7,0
21,0.5,247.86,4,basic,3,4347.21,1,1,0,5,0,12.6,1
35,0.5,132.11,2,standard,1,1283.81,1,1,1,6,1,-1.8,0
29,2.6,132.7,1,basic,1,2745.83,2,1,1,7,0,0.9,0
45,1.7,279.44,1,basic,0,0.0,1,1,1,8,0,10.2,0
31,1.3,105.65,1,basic,1,760.2,1,1,1,7,1,10.4,0
25,1.6,153.53,1,premium,2,2818.93,1,0,1,9,1,-0.4,1
59,8.1,183.76,3,basic,0,0.0,0,0,1,9,1,9.9,0
39,13.2,189.53,1,standard,2,1312.4,1,0,0,8,0,-2.5,1
42,2.6,168.74,2,premium,0,0.0,2,1,1,9,1,8.8,0
24,11.8,212.37,4,standard,1,1218.65,2,0,1,5,0,4.8,0
35,1.9,239.16,1,standard,0,0.0,2,0,1,4,0,-5.0,1
43,3.2,243.19,1,standard,0,0.0,1,1,1,7,1,1.5,0
28,1.3,122.2,2,basic,4,3479.28,4,1,1,4,2,22.5,1
46,5.1,161.8,4,standard,0,0.0,2,0,1,6,1,6.6,0
34,19.3,292.34,3,standard,1,21372.3,1,0,1,8,1,23.4,0
38,4.6,259.27,1,premium,1,2538.68,0,1,0,9,1,-5.0,0
34,2.2,104.67,2,premium,0,0.0,1,1,1,6,1,11.0,0
64,5.2,208.64,2,premium,2,1524.92,0,0,1,5,1,-5.0,0
41,0.7,82.16,4,premium,1,1634.35,1,0,1,7,0,5.0,0
29,11.0,184.71,1,standard,0,0.0,1,0,1,5,0,10.0,1
51,3.5,387.26,2,standard,1,1916.18,3,1,0,6,1,11.7,0
27,3.0,124.07,3,premium,1,1080.61,2,1,1,6,1,-1.4,0
44,4.4,129.84,1,standard,1,2359.62,2,1,1,6,0,13.3,0
18,4.9,246.07,2,premium,0,0.0,0,0,1,7,0,0.7,0
26,0.5,97.8,1,standard,0,0.0,1,0,0,5,0,3.7,1
44,5.7,140.74,1,standard,2,511.51,2,1,1,5,3,1.5,0
50,1.4,230.11,1,standard,1,1464.33,1,1,0,5,0,-4.1,0
44,6.3,140.65,4,premium,0,0.0,1,0,1,4,0,17.6,1
40,8.6,164.94,1,basic,1,2309.38,1,0,1,7,2,5.4,0
38,8.1,244.12,2,standard,3,1561.51,1,0,0,8,0,13.7,0
24,4.0,214.57,2,standard,2,2211.27,1,1,0,8,1,13.4,0
33,3.7,201.69,1,basic,2,4398.21,1,0,0,6,0,-2.7,0
36,0.8,158.28,2,standard,3,3343.9,0,0,1,5,1,14.7,0
54,7.5,210.19,2,standard,2,1861.33,3,1,1,8,1,9.0,0
46,1.6,172.52,3,standard,1,2611.31,2,0,1,8,0,-3.3,0
20,3.4,217.7,2,basic,1,8673.31,2,1,0,7,0,8.6,0
45,1.7,148.6,2,standard,0,0.0,3,0,0,10,0,-3.2,0
37,0.7,168.51,1,standard,0,0.0,1,0,1,6,0,17.9,1
33,5.0,122.0,4,standard,1,5025.56,1,1,0,6,1,11.5,0
49,0.5,178.75,1,basic,0,0.0,3,0,0,6,1,4.4,0
54,6.9,131.05,3,premium,1,836.96,1,1,1,4,0,15.1,0
53,1.9,116.09,1,standard,2,1564.66,5,0,0,8,2,-5.0,0
31,0.5,201.03,4,standard,0,0.0,0,0,0,6,0,-1.0,0
38,3.6,197.37,2,standard,2,500.0,1,0,1,7,1,3.0,0
45,0.5,247.93,3,standard,2,846.21,1,0,0,10,1,22.9,0
53,1.6,152.56,1,standard,0,0.0,2,1,1,6,0,-3.6,0
36,6.1,213.41,1,standard,0,0.0,2,1,0,2,0,-5.0,0
39,0.5,225.95,2,standard,0,0.0,1,1,0,7,1,-5.0,0
28,9.1,216.57,3,standard,2,500.0,1,0,1,7,0,12.2,1
27,0.5,130.29,1,standard,1,5864.13,3,1,1,5,1,0.2,1
51,1.4,192.43,4,basic,0,0.0,1,0,0,7,0,3.7,0
58,6.8,209.7,3,standard,1,6276.51,5,1,1,8,2,11.1,0
41,1.9,181.79,1,basic,0,0.0,1,0,1,5,0,3.7,1
54,0.5,80.0,3,basic,0,0.0,3,1,1,6,1,6.6,1
46,2.2,193.29,2,premium,0,0.0,3,0,0,9,0,9.3,0
34,1.6,439.23,2,standard,2,1315.38,1,0,0,5,1,1.6,0
46,9.2,156.96,1,standard,0,0.0,1,0,1,7,1,3.7,0
60,1.9,135.47,2,standard,2,1590.99,1,0,0,2,0,6.9,0
41,7.8,210.47,2,premium,0,0.0,1,0,1,4,0,11.9,1
60,11.1,205.4,1,standard,2,500.0,2,0,0,7,0,-1.3,0
18,2.8,292.1,2,standard,1,1691.74,3,0,0,9,1,-5.0,0
51,12.0,109.6,2,standard,1,4347.42,2,1,1,4,0,10.4,1
43,2.4,242.88,2,premium,1,4951.54,0,0,1,7,1,12.4,1
38,16.6,229.56,1,premium,0,0.0,0,0,1,6,0,6.6,0
43,0.5,171.25,3,premium,0,0.0,0,1,1,8,0,7.1,0
18,5.8,207.57,2,basic,1,3722.66,4,0,0,4,0,0.5,0
39,3.4,273.63,1,basic,0,0.0,0,0,1,7,1,9.0,0
46,2.5,256.96,1,basic,0,0.0,0,0,0,5,0,11.8,0
59,5.0,114.75,2,basic,1,564.12,1,0,0,7,0,5.5,0
35,6.1,251.66,3,premium,0,0.0,3,1,0,7,2,24.9,1
32,0.5,176.64,1,basic,0,0.0,2,1,1,6,0,-5.0,0
35,0.9,186.63,2,basic,2,3558.16,1,1,0,7,1,6.3,0
52,6.2,186.66,1,basic,2,906.65,0,1,0,7,0,-4.4,0
45,5.5,170.7,2,basic,1,1927.15,1,0,0,6,1,12.0,0
35,16.9,291.98,4,basic,0,0.0,2,1,0,6,0,-5.0,1
48,7.2,175.3,3,standard,1,3380.15,1,0,1,7,0,-5.0,0
43,15.1,115.84,1,standard,0,0.0,1,0,1,7,0,-0.1,0
53,6.1,154.87,2,basic,0,0.0,2,0,0,5,0,7.1,0
33,1.8,194.7,1,standard,1,765.29,1,1,0,6,0,0.2,0
38,0.6,296.39,1,standard,2,3030.83,1,1,0,5,0,0.3,0
37,7.6,230.73,3,basic,0,0.0,0,1,1,6,1,3.6,0
24,5.2,129.0,3,standard,1,3469.96,2,1,0,5,2,3.1,0
45,0.5,489.84,1,standard,0,0.0,0,0,1,8,0,16.9,1
45,2.2,201.52,4,standard,0,0.0,3,0,1,8,0,10.5,1
42,15.7,301.92,2,standard,1,500.0,1,1,1,5,1,2.4,0
39,3.5,170.6,1,basic,0,0.0,1,0,1,6,0,21.8,1
25,2.8,224.38,2,premium,0,0.0,2,1,1,8,0,8.9,0
36,3.1,253.61,2,premium,0,0.0,0,0,0,6,2,-2.8,0
37,1.2,295.09,2,premium,2,2350.3,3,1,0,5,0,7.1,0
32,2.3,276.7,2,basic,0,0.0,2,0,0,5,1,9.3,0
40,2.3,256.95,2,premium,0,0.0,4,1,0,8,0,-0.5,0
46,0.5,159.81,1,premium,1,563.42,1,1,1,8,0,-3.4,1
64,7.3,144.21,3,premium,1,500.0,1,1,0,6,1,5.7,0
44,2.7,207.07,2,basic,1,500.0,2,1,0,8,0,2.1,0
45,8.6,263.29,1,standard,0,0.0,2,0,0,1,0,16.8,1
41,9.5,165.82,3,premium,1,2260.14,1,1,0,9,2,10.9,0
18,1.2,277.57,4,standard,0,0.0,2,0,1,6,1,-0.1,0
41,5.4,324.1,4,standard,1,536.31,1,0,1,7,0,8.4,0
42,3.2,125.65,1,premium,0,0.0,1,0,1,6,1,15.1,1
71,10.6,129.7,1,standard,0,0.0,1,0,0,9,0,-5.0,0
39,1.2,171.37,2,standard,1,3963.4,4,1,1,5,0,-3.2,0
45,5.7,205.01,1,standard,1,5768.55,3,1,0,9,3,4.9,1
41,4.7,146.96,4,premium,0,0.0,2,0,1,7,1,5.3,0
27,1.7,311.34,1,basic,0,0.0,4,0,0,8,1,4.6,1
55,0.7,214.78,1,standard,1,5434.23,2,0,1,6,0,2.5,0
51,5.3,184.16,1,standard,0,0.0,3,0,1,4,0,2.4,1
51,6.7,102.07,1,standard,0,0.0,3,1,1,8,0,8.1,1
31,1.9,107.09,3,standard,1,1099.57,3,0,0,7,1,14.1,1
58,5.2,202.84,2,premium,1,500.0,4,0,1,9,0,1.2,0
25,2.5,80.0,1,premium,0,0.0,1,1,0,6,0,24.5,0
49,6.2,271.8,1,basic,1,1059.82,3,0,1,6,0,20.7,1
68,1.1,170.16,2,standard,3,2772.33,1,1,0,9,1,15.6,0
30,11.0,600.0,1,basic,1,717.76,4,1,1,10,0,10.0,0
35,1.7,456.31,2,basic,2,1052.96,0,0,0,7,2,21.1,1
43,2.3,168.58,2,standard,0,0.0,4,0,1,5,0,2.7,0
35,0.5,173.72,2,premium,0,0.0,4,0,0,8,1,-1.7,0
23,0.6,269.95,4,premium,1,5293.14,2,0,1,6,1,0.8,0
42,3.6,358.26,4,basic,0,0.0,0,1,0,8,0,-3.0,0
29,1.6,94.14,4,basic,0,0.0,0,0,0,6,0,6.0,0
47,9.0,88.72,1,standard,1,4800.03,2,1,1,9,0,7.4,0
30,0.5,141.34,1,standard,1,1845.55,0,1,1,5,5,6.6,0
60,2.4,228.86,1,basic,2,2012.08,2,1,0,7,1,4.9,0
32,2.1,221.13,3,premium,1,4510.76,2,0,0,6,0,6.1,0
38,0.5,278.08,4,premium,0,0.0,1,1,1,6,2,18.9,1
51,0.7,112.18,3,standard,1,3763.08,1,0,1,6,1,10.0,0
27,2.7,80.0,1,premium,0,0.0,0,0,1,8,2,12.4,0
44,3.4,255.5,4,standard,0,0.0,2,1,1,8,1,6.5,0
57,2.6,130.15,1,standard,0,0.0,0,0,1,8,2,-5.0,1
22,3.8,80.85,1,standard,1,1826.49,2,1,0,6,0,-5.0,0
44,4.5,192.1,1,basic,2,4490.87,1,1,1,7,0,21.7,1
45,0.5,248.95,1,premium,0,0.0,1,0,0,8,0,0.7,0
51,3.1,172.63,2,standard,1,7102.49,1,1,0,8,0,0.1,1
27,16.6,150.94,1,standard,0,0.0,1,0,1,2,0,7.0,0
26,3.7,170.08,2,standard,0,0.0,1,0,0,6,1,9.4,0
48,5.7,156.3,2,basic,2,808.33,2,1,0,6,0,10.4,0
45,1.9,105.72,3,basic,0,0.0,2,0,1,8,3,19.2,0
45,7.4,136.2,2,standard,2,4377.92,2,1,1,6,0,17.0,0
46,7.4,223.3,1,standard,1,3733.64,0,1,0,8,0,-1.5,0
33,3.7,206.16,3,basic,1,1963.45,4,1,0,5,0,12.7,1
44,18.7,193.88,4,standard,0,0.0,3,1,1,7,1,1.9,0
45,0.7,121.75,1,standard,1,815.77,2,1,1,8,1,3.9,0
33,0.5,168.58,2,standard,1,1509.27,2,0,1,4,0,-3.8,0
64,7.4,80.0,1,standard,2,633.87,0,1,1,10,1,-5.0,0
47,8.2,194.69,1,premium,1,1373.95,0,0,1,9,0,4.7,0
27,0.6,321.03,2,standard,1,500.0,2,1,0,7,0,-2.6,0
49,1.5,100.52,3,standard,1,629.59,1,1,0,5,0,12.4,0
30,0.5,143.4,1,basic,0,0.0,0,1,1,6,0,2.8,0
51,1.7,206.78,3,basic,0,0.0,2,0,0,7,1,7.5,0
55,7.4,299.21,3,basic,0,0.0,3,1,1,7,0,15.9,1
32,3.6,151.52,4,standard,2,1904.2,1,1,1,9,1,-5.0,0
53,2.1,137.43,1,basic,0,0.0,1,1,1,6,0,-0.8,0
46,2.3,82.47,4,basic,1,2613.02,1,0,1,8,0,6.4,0
51,0.5,188.93,1,standard,2,2398.63,1,1,1,4,0,7.5,0
64,1.8,410.28,2,basic,0,0.0,2,0,0,6,0,13.8,1
39,5.2,202.54,1,basic,0,0.0,3,1,1,7,1,11.9,0
32,18.3,179.66,1,basic,1,801.5,2,0,0,8,0,5.8,1
31,9.4,206.2,2,standard,1,1598.04,1,1,1,5,1,7.4,0
32,0.5,180.47,1,basic,2,3897.72,2,1,1,6,0,7.6,0
41,11.4,130.95,1,standard,1,2180.89,2,1,0,9,1,-5.0,1
46,7.6,251.97,1,standard,1,2772.49,0,0,0,9,0,3.7,0
45,7.6,198.4,2,standard,0,0.0,1,1,1,7,1,7.0,0
51,3.1,182.55,1,standard,2,1708.58,3,0,0,2,0,8.7,0
42,2.5,122.71,3,premium,1,1905.29,2,1,0,10,1,-2.4,0
59,1.8,305.33,1,basic,0,0.0,3,1,0,6,1,-5.0,1
38,0.5,236.48,1,basic,0,0.0,2,1,1,6,0,3.1,1
74,1.3,145.3,1,basic,0,0.0,0,1,0,6,0,20.7,1
49,1.4,270.62,2,basic,0,0.0,1,0,1,7,0,-1.6,1
31,3.3,148.56,1,basic,0,0.0,4,0,0,7,0,14.4,1
29,6.9,132.58,1,basic,0,0.0,2,0,1,8,1,17.7,1
47,3.2,133.77,4,standard,0,0.0,2,0,1,5,0,5.4,0
39,0.5,89.26,2,standard,1,1193.36,1,1,0,6,0,-0.4,0
50,15.8,218.9,1,standard,1,1818.61,0,0,1,10,3,9.1,0
47,14.3,87.14,1,standard,1,1661.43,3,1,1,7,0,6.6,0
41,7.7,110.9,3,basic,2,1555.83,1,0,0,6,0,-1.9,0
31,23.7,80.0,1,basic,0,0.0,1,1,0,5,1,-0.3,0
23,3.9,175.14,1,standard,0,0.0,2,0,1,7,0,8.6,1
36,16.5,170.69,3,basic,1,514.84,0,0,1,8,0,12.5,1
52,0.5,159.07,2,basic,1,6140.96,3,0,1,8,0,2.4,0
44,2.3,119.46,2,standard,2,2252.62,0,1,1,6,0,4.4,0
27,1.3,113.42,1,premium,1,1340.96,2,1,0,7,0,10.3,1
44,1.1,218.27,1,standard,2,5321.73,1,1,0,10,0,3.6,0
46,0.8,145.44,2,basic,1,969.76,2,0,1,8,0,2.6,0
31,4.9,205.73,1,premium,1,7133.52,2,0,1,5,0,-1.0,1
43,7.6,127.22,2,standard,0,0.0,1,1,0,2,1,-1.2,0
42,4.3,194.89,2,standard,1,4041.81,0,1,0,7,1,26.4,0
28,0.8,305.3,1,premium,1,21036.23,2,1,0,8,0,3.4,0
46,8.3,229.17,4,standard,0,0.0,0,0,1,5,2,15.9,0
48,5.1,153.7,3,basic,1,1673.27,2,1,1,6,0,18.5,1
54,2.5,200.91,2,standard,1,769.99,2,0,1,6,0,3.5,0
54,5.6,164.64,1,standard,0,0.0,2,1,1,7,0,7.9,1
25,1.5,181.84,1,standard,1,789.23,2,1,1,6,0,5.8,0
30,2.1,159.14,2,standard,0,0.0,0,0,0,9,0,-5.0,0
48,12.5,169.74,1,premium,0,0.0,0,1,1,7,0,-5.0,0
48,1.7,197.32,4,premium,2,1989.58,2,1,0,5,0,5.4,0
48,3.2,121.83,1,premium,0,0.0,1,1,1,8,1,1.6,0
80,11.0,120.74,2,premium,1,1528.78,1,1,1,4,0,20.1,0
48,6.2,104.02,1,premium,1,1300.5,3,0,1,9,1,3.1,0
55,0.5,95.57,2,basic,0,0.0,2,1,1,8,0,20.6,0
53,0.8,111.4,1,basic,1,1682.14,3,0,0,9,0,1.2,0
49,0.5,193.21,1,standard,1,6549.28,2,1,1,6,1,20.3,0
38,5.0,126.83,1,premium,0,0.0,2,0,1,6,1,9.1,0
51,3.0,222.62,3,standard,1,1478.43,1,0,0,7,0,9.5,0
32,0.7,183.81,1,standard,1,882.34,0,0,1,6,2,0.9,0
39,15.8,82.48,4,basic,1,1330.48,1,0,1,5,1,9.6,0
36,3.8,235.57,3,basic,0,0.0,2,1,1,6,2,18.5,0
42,1.4,250.72,1,standard,2,500.0,3,1,1,6,0,3.8,0
69,3.5,121.81,3,basic,1,2980.18,2,0,1,4,0,2.3,0
19,5.7,214.45,1,standard,0,0.0,3,1,1,8,0,3.0,0
50,0.5,128.69,4,basic,0,0.0,1,1,0,6,0,18.0,0
22,1.6,188.49,2,basic,0,0.0,1,1,0,6,1,11.8,0
36,8.2,109.31,1,standard,0,0.0,1,1,1,5,0,16.6,1
55,3.1,88.48,1,standard,1,500.0,2,1,1,4,1,7.5,1
42,4.0,155.54,1,standard,1,2917.85,0,1,1,10,0,5.3,0
29,2.8,172.52,4,basic,0,0.0,1,1,0,5,0,8.4,0
33,0.5,154.61,1,premium,1,2416.35,0,0,1,8,1,13.6,1
50,0.9,112.89,2,standard,1,4443.15,3,1,0,7,1,3.0,0
33,2.9,154.48,1,standard,0,0.0,1,0,0,2,1,15.9,1
44,1.2,201.89,4,standard,0,0.0,2,1,1,10,1,7.9,0
42,0.5,178.05,1,basic,1,2589.67,1,0,0,8,0,-5.0,0
34,9.3,195.0,2,premium,2,2334.93,0,1,1,5,1,12.1,0
67,19.9,138.65,2,standard,2,1486.68,2,1,1,6,0,-5.0,0
49,7.9,289.65,2,standard,0,0.0,0,1,1,4,1,11.9,1
18,9.6,113.24,1,basic,0,0.0,0,1,1,10,0,12.2,1
44,1.4,220.31,1,premium,0,0.0,1,0,0,5,1,7.6,1
34,16.2,290.84,1,standard,0,0.0,1,0,0,6,0,9.3,1
52,1.1,219.72,2,basic,2,500.0,3,1,1,5,1,13.8,0
32,15.1,167.17,1,basic,2,558.58,0,1,0,7,1,1.0,0
40,25.0,146.74,2,premium,0,0.0,3,1,1,9,1,11.3,0
48,6.2,274.36,1,standard,2,6882.11,1,1,1,10,0,14.3,0
52,19.9,102.6,3,standard,0,0.0,3,1,1,6,1,19.1,0
27,4.2,122.97,4,standard,0,0.0,2,0,0,7,0,-3.8,1
37,1.5,154.62,2,standard,0,0.0,3,1,0,7,0,8.3,1
36,2.9,297.4,1,standard,1,897.78,2,0,0,5,0,-2.7,1
34,4.5,211.01,1,basic,0,0.0,1,0,0,10,0,-3.0,1
63,0.5,123.07,1,standard,2,5246.46,1,0,1,9,0,7.9,0
46,4.9,160.11,1,premium,1,1081.82,0,1,1,7,1,5.6,0
26,19.9,141.78,2,basic,1,5650.85,1,0,1,9,1,14.2,1
53,1.1,136.47,2,standard,0,0.0,1,0,0,9,0,2.2,0
67,7.9,268.15,4,standard,2,3201.67,3,1,1,7,0,3.9,0
54,11.9,104.72,1,standard,1,4520.48,1,1,0,7,1,6.7,0
23,14.4,344.99,2,premium,1,552.57,1,0,1,9,0,-1.9,0
36,16.1,252.47,2,standard,1,2594.5,1,0,1,5,1,-0.8,0
57,3.7,280.44,2,basic,1,5669.83,3,1,1,10,0,13.9,1
33,18.9,150.63,1,premium,2,1154.55,1,1,0,6,0,0.6,0
47,7.1,170.72,2,standard,1,776.45,3,1,1,9,0,14.5,1
51,0.9,102.18,2,premium,2,2686.05,3,1,1,6,0,9.9,0
30,3.2,146.96,2,standard,1,2011.74,1,1,1,7,1,-5.0,0
41,6.3,220.85,4,premium,2,1391.53,2,1,0,6,0,9.2,0
18,1.4,304.43,1,basic,1,1804.84,0,0,0,6,2,9.2,1
29,5.1,116.41,1,basic,0,0.0,2,0,0,6,0,8.4,0
38,5.5,156.62,2,premium,1,2498.84,2,0,1,9,1,3.9,1
27,0.9,170.63,2,basic,1,6464.48,2,1,0,2,0,-2.5,1
61,4.2,103.72,1,basic,0,0.0,0,0,0,4,1,15.8,0
24,7.4,229.65,3,standard,1,931.94,0,1,1,5,0,4.2,0
36,3.5,135.69,4,premium,1,2075.69,2,1,1,5,0,-2.1,1
43,0.5,167.64,4,basic,0,0.0,0,0,1,9,1,8.7,0
59,0.5,151.29,1,premium,0,0.0,2,1,1,9,0,-0.9,1
24,2.2,132.19,3,standard,0,0.0,1,1,0,8,0,-2.6,0
55,13.0,180.76,2,standard,1,1866.24,3,1,0,5,2,2.0,0
42,1.3,166.29,2,premium,2,4717.7,1,1,0,9,1,-0.3,0
30,5.0,156.22,2,standard,1,873.49,0,0,1,4,0,-2.3,0
47,1.3,135.45,3,basic,0,0.0,3,0,0,10,0,11.5,1
44,1.9,205.99,2,basic,2,739.55,1,0,1,5,0,4.1,0
34,9.4,351.23,1,standard,1,3789.28,3,0,1,6,0,15.0,1
42,6.5,191.7,2,standard,0,0.0,3,0,0,6,1,-1.8,0
37,0.5,270.01,2,premium,2,2122.94,2,0,1,5,1,-5.0,0
43,2.8,103.95,1,standard,1,1356.82,1,1,0,10,1,6.2,1
49,0.5,193.08,4,standard,0,0.0,2,0,0,8,1,19.8,0
61,3.3,116.87,2,standard,2,1572.24,2,1,0,9,1,9.2,0
27,5.4,100.41,2,basic,0,0.0,3,0,1,4,0,30.0,0
67,0.6,134.86,1,basic,0,0.0,1,1,0,7,1,7.7,0
18,1.7,292.0,2,premium,1,636.87,2,0,0,7,0,6.9,0
40,2.5,265.07,1,basic,3,2107.3,1,0,0,7,1,-5.0,1
49,12.6,199.78,1,basic,1,3255.57,3,0,0,4,1,8.4,0
45,25.0,98.19,2,standard,0,0.0,1,0,0,8,0,6.3,0
34,0.5,167.58,1,standard,0,0.0,0,1,1,7,0,1.7,1
39,7.2,204.52,2,premium,0,0.0,1,1,0,5,0,3.9,0
36,2.3,194.46,1,basic,1,1691.13,2,1,0,3,0,4.5,0
34,2.5,86.7,1,basic,0,0.0,1,1,0,8,2,3.6,1
52,7.0,126.96,1,basic,1,500.0,2,1,0,10,1,21.7,1
46,12.5,176.69,4,standard,1,5356.52,0,1,1,5,0,2.0,0
33,15.1,224.64,2,standard,0,0.0,1,1,1,7,0,6.4,1
52,4.3,80.0,2,standard,1,757.37,2,0,0,8,0,1.8,0
45,2.2,169.89,1,premium,1,2211.67,2,0,1,4,1,11.3,0
51,7.7,191.95,1,premium,0,0.0,2,1,1,6,2,6.4,1
49,1.4,254.64,4,basic,0,0.0,3,1,1,5,2,2.8,0
32,4.2,239.16,1,standard,0,0.0,4,1,1,8,0,-5.0,1
35,2.2,228.84,1,standard,0,0.0,3,1,0,9,0,6.9,1
50,5.3,131.63,2,premium,1,1712.03,2,1,1,7,1,2.5,0
49,1.4,84.5,1,premium,0,0.0,0,1,1,5,1,4.5,0
41,1.1,154.9,3,basic,0,0.0,4,1,1,6,0,-4.5,1
43,12.5,270.6,2,standard,4,3983.8,3,1,1,5,0,16.5,0
57,0.5,316.52,1,standard,0,0.0,0,1,1,5,1,11.9,0
34,3.5,240.86,1,basic,1,2528.74,1,1,1,6,0,16.4,1
48,1.2,215.24,1,basic,1,723.65,4,0,0,8,0,14.2,0
39,0.5,211.0,3,standard,2,3271.09,4,0,1,7,0,9.7,0
39,0.5,145.12,2,standard,1,1398.15,1,1,0,6,0,-4.1,0
55,1.0,172.08,1,basic,0,0.0,4,1,0,7,0,19.7,1
51,10.1,353.41,1,standard,0,0.0,3,1,0,6,0,-2.4,1
51,1.7,124.33,2,basic,0,0.0,0,1,1,4,0,2.9,0
57,15.0,345.82,2,standard,0,0.0,3,1,1,7,2,10.7,1
42,4.4,159.36,1,basic,1,2352.89,0,1,1,5,0,11.1,0
50,2.9,308.02,1,basic,1,2817.86,1,1,1,4,0,9.6,0
38,4.3,103.26,1,standard,0,0.0,3,1,1,7,1,1.8,1
45,3.6,229.15,2,basic,4,1122.01,3,0,0,5,0,0.1,1
40,7.1,135.0,4,standard,0,0.0,1,1,1,7,0,25.3,0
43,1.7,102.91,1,basic,3,1120.0,5,1,1,8,0,4.7,0
49,2.2,197.83,2,standard,1,1512.84,7,1,1,5,0,3.7,0
32,11.2,271.45,1,basic,2,6587.19,2,1,0,7,1,-0.7,0
67,14.6,129.29,1,standard,0,0.0,0,0,0,3,1,7.0,1
29,11.2,99.52,1,standard,0,0.0,1,0,1,9,1,6.6,0
27,2.7,174.73,3,basic,0,0.0,4,1,1,4,0,4.9,0
55,7.6,175.04,2,standard,0,0.0,1,0,1,6,2,8.1,0
51,3.2,225.73,2,basic,1,1221.71,1,0,0,9,0,19.1,1
49,3.4,265.03,1,standard,0,0.0,2,1,0,6,0,0.2,1
49,1.1,177.01,1,basic,0,0.0,1,1,0,4,1,5.3,0
41,4.5,380.77,1,standard,1,706.11,1,0,1,8,0,-0.2,0
31,1.0,198.28,2,standard,0,0.0,2,1,0,8,0,7.4,1
42,2.0,157.82,1,premium,0,0.0,0,1,0,5,0,0.5,1
33,9.7,95.14,2,standard,0,0.0,1,1,0,6,0,0.8,1
53,1.2,163.19,1,standard,1,6260.14,0,0,0,6,1,-5.0,1
40,0.5,158.45,1,standard,1,500.0,2,0,1,6,1,5.8,0
32,0.5,266.17,2,premium,0,0.0,1,0,1,3,2,8.4,1
38,14.1,218.11,1,standard,1,1688.17,0,0,1,6,1,19.9,0
46,3.5,113.1,1,basic,1,8343.82,1,0,0,10,0,8.8,0
35,2.6,194.2,1,premium,1,3080.58,0,0,0,5,0,1.4,0
32,8.3,237.13,2,standard,1,1761.1,1,0,1,5,0,-5.0,0
44,9.0,334.02,2,premium,0,0.0,0,0,1,4,1,-4.8,0
44,2.0,258.53,1,premium,1,4280.09,4,1,1,8,0,-5.0,0
35,5.9,245.76,2,basic,1,2084.72,3,0,0,9,2,20.0,1
36,7.4,185.68,1,standard,0,0.0,0,0,1,9,0,7.3,0
44,5.3,211.73,1,basic,1,500.0,4,0,1,4,0,0.3,0
24,0.8,298.81,1,basic,0,0.0,1,0,1,7,1,-2.7,1
25,10.4,106.37,3,basic,0,0.0,1,0,1,9,0,-1.8,0
33,3.9,157.63,1,standard,3,2518.5,3,0,0,7,1,0.1,0
39,1.7,133.08,1,basic,2,2209.86,2,1,0,7,0,15.5,0
45,2.8,210.96,1,basic,1,2718.22,1,1,1,6,2,4.8,0
59,0.5,296.51,1,standard,0,0.0,0,1,0,7,1,-5.0,0
52,0.7,142.77,2,basic,0,0.0,2,1,1,9,0,23.5,1
40,7.3,80.0,1,basic,0,0.0,4,1,0,7,0,-4.1,0
41,0.5,153.72,1,basic,1,1831.03,0,1,1,4,0,0.3,0
29,2.7,261.23,2,standard,0,0.0,1,1,1,6,0,15.5,1
41,3.7,224.76,1,standard,0,0.0,1,0,1,9,0,8.3,0
38,0.5,215.14,2,basic,1,2560.38,2,1,1,7,1,1.2,0
45,18.1,162.07,2,premium,1,3526.05,4,0,1,7,0,-4.9,0
32,1.3,108.68,1,standard,0,0.0,2,0,0,6,0,-2.7,0
48,1.8,222.77,2,basic,0,0.0,1,1,0,9,1,-2.3,0
60,1.8,129.84,1,basic,1,1667.23,1,1,1,9,0,5.1,0
40,1.3,434.26,2,standard,0,0.0,0,0,0,9,0,6.5,1
46,0.5,227.74,1,standard,1,917.24,2,0,1,9,2,3.8,1
50,6.5,143.7,1,basic,0,0.0,2,1,0,6,0,4.7,0
37,17.0,141.95,2,basic,1,862.33,1,1,0,6,1,-3.4,0
44,1.3,174.66,3,premium,1,2852.41,0,1,0,6,0,7.3,0
42,5.4,164.71,4,basic,2,3608.55,0,1,1,7,0,15.2,0
43,6.8,283.36,2,standard,0,0.0,1,1,1,9,1,3.7,0
32,9.4,195.31,1,premium,0,0.0,0,1,1,9,0,3.5,0
42,2.7,135.28,1,standard,0,0.0,1,0,1,7,2,5.7,1
47,1.8,386.13,1,basic,2,1077.48,3,0,0,4,0,13.9,0
59,2.0,184.88,2,standard,0,0.0,1,0,1,3,2,-2.2,0
53,6.2,246.54,1,basic,0,0.0,3,0,1,7,0,16.6,1
67,8.5,142.13,4,standard,0,0.0,4,0,1,8,0,8.4,0
32,1.0,209.61,1,standard,0,0.0,0,0,1,6,0,5.2,0
52,2.3,205.29,1,premium,2,551.82,1,1,0,10,0,14.7,1
44,11.6,85.13,1,premium,0,0.0,3,1,1,5,0,-4.5,0
68,8.2,405.9,3,premium,0,0.0,0,0,0,4,0,9.2,0
32,21.0,303.77,2,premium,1,500.0,0,0,1,5,0,8.4,0
31,7.0,154.64,2,standard,2,500.0,2,1,0,5,1,-2.5,0
34,2.5,116.64,1,standard,1,5829.98,1,1,0,7,0,8.7,0
18,4.5,208.31,3,standard,1,500.0,0,0,0,6,1,7.3,0
35,5.4,187.67,1,standard,0,0.0,2,1,0,4,0,3.6,1
32,0.5,208.99,3,premium,1,2399.85,2,1,1,8,0,11.9,0
43,3.9,195.71,2,basic,0,0.0,3,0,0,3,2,0.4,0
46,6.2,221.96,1,premium,0,0.0,1,1,0,5,1,7.2,0
64,0.9,323.41,2,premium,0,0.0,2,0,0,4,2,3.9,1
53,7.6,227.52,2,premium,0,0.0,0,0,0,7,1,0.1,0
35,4.4,119.12,1,premium,0,0.0,1,1,0,7,0,9.0,1
31,15.2,312.63,3,basic,0,0.0,0,1,1,10,1,3.3,0
47,0.5,349.41,1,basic,0,0.0,0,1,1,8,1,-5.0,0
26,1.5,600.0,1,basic,1,831.86,1,1,1,9,2,-5.0,1
63,4.6,115.65,1,basic,0,0.0,1,0,0,7,0,11.3,1
56,1.8,199.77,1,standard,2,2134.39,0,1,1,5,1,-4.8,1
36,6.3,80.0,2,premium,0,0.0,1,1,0,7,2,7.2,0
21,7.1,226.16,1,premium,1,2744.46,0,1,1,8,0,5.4,0
58,0.5,145.58,2,standard,2,1104.99,1,1,1,8,0,2.1,0
40,3.6,391.26,1,basic,2,1434.33,0,1,0,6,1,20.7,0
56,3.6,132.97,4,basic,2,1819.93,0,0,0,7,2,6.4,0
22,2.3,92.23,2,basic,1,958.76,0,1,0,5,1,11.0,0
34,13.5,150.13,3,standard,1,7649.77,3,1,1,5,0,7.3,0
42,8.8,82.25,1,standard,0,0.0,0,1,1,4,0,3.1,0
42,6.0,244.8,1,basic,1,1891.92,2,0,1,7,1,4.8,0
36,6.3,80.0,1,basic,0,0.0,1,1,1,4,0,16.7,0
49,3.1,183.35,2,basic,0,0.0,0,0,1,6,0,13.7,1
29,12.7,80.0,3,standard,0,0.0,4,1,1,8,0,20.6,1
40,5.9,159.47,1,standard,0,0.0,0,0,1,5,0,6.8,1
43,6.5,349.8,1,standard,2,950.94,1,1,0,6,0,-2.0,0
48,9.9,209.4,3,standard,1,937.55,2,0,1,7,1,1.5,0
50,1.6,128.33,1,premium,0,0.0,2,0,1,7,1,-4.5,0
28,8.2,179.02,2,basic,0,0.0,1,0,1,6,1,11.1,0
23,1.1,182.58,2,standard,2,9954.19,2,1,0,8,2,0.3,0
57,2.1,219.0,3,standard,0,0.0,0,0,1,8,1,-5.0,0
45,2.0,104.93,1,standard,0,0.0,3,0,1,9,1,24.7,0
33,19.2,229.76,1,premium,1,3665.09,2,1,1,6,3,0.4,1
60,9.7,80.0,2,standard,0,0.0,2,1,0,6,0,0.4,0
43,6.0,140.9,4,standard,1,594.69,3,0,0,5,0,18.4,0
56,6.5,149.11,1,basic,2,5132.79,1,1,0,7,0,-4.7,0
42,4.1,233.53,1,standard,2,1275.72,2,0,1,6,0,14.1,0
66,14.7,182.92,2,basic,0,0.0,0,1,0,5,0,0.3,0
63,3.4,103.31,4,basic,1,2440.97,3,1,0,6,2,-5.0,0
39,2.4,122.24,3,standard,0,0.0,2,0,0,5,0,18.6,1
53,0.9,196.27,4,standard,1,1979.76,2,1,0,7,2,12.4,1
49,7.7,175.63,1,basic,2,1869.55,0,0,1,4,0,12.4,0
58,6.6,143.79,1,standard,0,0.0,2,0,1,7,0,7.9,1
30,2.4,149.56,2,standard,2,4449.76,2,0,0,8,1,9.8,0
50,0.5,239.48,3,basic,0,0.0,1,0,0,5,1,-4.9,0
54,9.1,147.37,1,standard,0,0.0,1,0,1,10,0,5.9,0
20,0.5,175.0,1,standard,2,1367.03,1,1,1,7,1,-2.4,1
27,6.1,431.81,3,standard,1,4111.16,1,0,0,4,0,-5.0,0
18,17.6,102.57,1,standard,2,1465.78,0,1,1,6,0,8.3,0
38,2.9,86.42,1,basic,1,4119.63,3,1,1,7,1,14.3,1
50,1.3,248.0,2,standard,3,1239.84,1,1,1,7,1,1.9,0
60,6.1,138.18,2,premium,0,0.0,2,0,0,6,2,3.3,0
42,8.5,159.61,2,standard,1,2133.84,1,1,0,5,0,-4.1,0
61,4.0,132.63,1,basic,3,845.05,3,1,1,5,0,5.1,0
25,17.1,163.38,2,standard,3,1686.51,5,0,0,5,1,11.1,0
21,0.5,343.58,2,premium,0,0.0,2,1,1,5,0,11.3,1
41,3.5,249.85,2,basic,0,0.0,1,0,1,4,0,9.4,0
46,6.3,255.93,2,premium,1,511.71,1,0,0,5,0,0.1,0
41,9.9,102.87,1,premium,1,8937.4,1,1,1,8,0,-0.2,0
18,1.0,114.38,1,basic,0,0.0,0,1,1,9,2,11.4,1
40,8.0,80.0,1,premium,3,14308.84,0,0,0,8,1,11.5,1
26,4.0,131.14,1,standard,0,0.0,2,1,1,9,1,3.6,0
50,2.5,265.78,2,premium,2,1193.81,1,1,1,8,0,1.6,0
46,0.7,222.91,3,standard,0,0.0,2,1,0,8,1,14.3,0
30,10.0,165.9,2,standard,0,0.0,5,1,0,6,0,2.1,1
35,0.9,179.66,3,standard,0,0.0,4,1,1,7,0,11.0,1
29,1.9,137.61,1,standard,1,1926.11,0,1,1,6,0,3.9,0
41,1.7,196.74,1,basic,0,0.0,0,0,0,6,1,-3.4,1
53,10.3,246.25,1,standard,0,0.0,2,1,0,7,0,17.9,0
30,5.6,94.98,1,basic,1,2692.39,2,0,1,8,0,6.0,1
48,8.0,204.36,1,basic,1,1183.85,2,1,0,7,1,-0.7,0
35,1.4,263.22,2,basic,0,0.0,1,1,0,6,1,-5.0,0
32,4.9,153.54,4,standard,1,4584.24,1,0,0,7,0,-5.0,0
40,4.2,239.91,1,basic,0,0.0,2,0,1,7,0,2.0,0
29,8.9,558.84,1,basic,0,0.0,1,0,1,8,1,20.4,1
35,11.8,173.86,3,basic,2,10382.2,4,0,1,4,2,0.3,1
27,0.5,212.16,1,basic,0,0.0,0,0,1,5,1,16.6,0
65,5.6,134.93,3,standard,2,880.3,3,1,0,8,0,4.0,0
42,0.5,194.9,2,premium,2,1143.5,6,0,1,6,1,-4.4,0
33,4.0,217.92,4,basic,1,614.18,4,0,0,6,0,1.2,0
44,1.7,195.97,1,premium,0,0.0,2,0,1,6,0,-5.0,0
40,1.8,120.56,2,standard,2,500.0,2,0,0,6,1,-1.8,1
39,2.2,196.87,2,standard,5,4974.16,1,0,1,8,1,-2.1,0
49,4.9,325.34,2,standard,2,1056.01,2,1,1,5,1,-5.0,0
51,2.0,216.9,1,premium,0,0.0,2,0,1,7,0,17.1,0
35,6.6,266.35,1,basic,1,500.0,2,0,0,7,0,6.7,1
35,2.6,164.88,2,standard,1,1328.56,2,0,1,7,0,-0.5,0
38,0.5,244.68,2,standard,0,0.0,2,0,1,7,0,6.8,1
18,7.7,202.7,3,standard,1,5338.41,0,1,1,7,1,-1.7,0
23,1.7,123.92,2,premium,1,6927.26,1,0,0,5,1,-5.0,1
58,2.8,205.9,2,basic,0,0.0,0,0,0,5,0,28.7,1
61,5.8,121.91,1,standard,0,0.0,1,0,0,10,0,6.5,0
39,2.0,140.73,2,standard,0,0.0,2,1,0,6,0,0.3,0
48,0.5,195.53,2,standard,0,0.0,1,0,1,6,2,-5.0,0
45,2.3,204.16,3,basic,1,2894.39,1,1,0,8,1,-5.0,0
78,14.5,112.65,4,standard,0,0.0,2,0,1,9,2,18.2,0
55,5.1,276.33,1,premium,1,3624.99,2,1,1,6,0,17.0,0
40,5.6,227.88,3,standard,0,0.0,2,0,0,5,0,11.0,1
30,5.0,136.74,1,premium,0,0.0,0,1,0,4,0,-3.9,0
22,1.1,98.0,1,standard,3,2137.68,1,1,1,9,2,17.1,1
44,2.7,171.06,2,basic,0,0.0,2,0,1,5,2,8.6,0
32,7.0,151.66,1,basic,1,2844.95,3,1,0,6,1,10.2,1
24,0.5,189.66,2,basic,1,654.18,1,0,0,5,0,8.6,0
34,1.6,156.77,1,standard,0,0.0,3,0,1,4,0,-5.0,0
29,1.6,81.21,1,basic,3,1641.19,2,0,1,6,0,-4.6,0
62,2.8,155.19,2,standard,2,6215.68,0,1,0,5,1,0.9,0
52,19.7,160.41,2,standard,2,700.43,2,0,0,5,0,10.1,1
41,0.5,233.57,4,basic,0,0.0,1,1,0,10,0,-5.0,1
59,3.7,137.1,2,basic,1,1019.08,2,0,1,7,1,3.6,0
42,1.0,354.77,2,basic,1,915.27,2,0,1,8,1,3.6,0
31,17.6,84.38,1,standard,0,0.0,0,1,1,8,2,11.3,1
60,0.6,306.27,1,basic,1,3319.27,0,1,0,6,2,10.4,0
48,2.6,165.72,1,basic,0,0.0,2,1,1,6,1,-3.1,1
29,6.7,255.66,2,premium,0,0.0,2,0,1,7,0,16.6,0
39,6.1,187.15,2,premium,1,2535.14,2,1,1,7,1,-4.3,0
31,2.7,285.95,1,basic,1,1490.19,2,0,0,5,0,13.7,0
25,2.1,155.25,2,standard,1,2387.53,4,0,1,7,2,0.6,0
53,2.5,116.81,2,standard,0,0.0,1,0,0,5,1,6.3,1
64,1.5,319.96,1,standard,0,0.0,1,0,0,6,1,6.8,0
25,1.1,173.23,1,standard,0,0.0,1,1,0,6,1,6.6,0
48,3.3,198.07,3,basic,1,1781.18,3,0,1,4,2,10.4,0
34,1.6,297.05,2,standard,0,0.0,0,0,0,2,1,8.1,0
36,1.7,119.97,3,standard,1,3078.77,2,0,1,5,1,11.3,1
34,5.3,230.03,1,basic,0,0.0,0,1,1,10,2,8.7,0
31,17.3,143.17,4,standard,2,8235.91,1,1,0,6,0,-5.0,0
42,4.6,171.94,1,standard,0,0.0,2,1,1,8,1,7.2,0
32,0.5,186.59,1,basic,1,500.0,2,1,1,3,0,0.5,0
45,0.5,99.48,4,basic,1,2146.56,4,1,1,5,0,-3.9,1
41,15.1,132.75,1,standard,1,1270.42,2,1,1,4,1,2.7,1
39,1.8,311.2,2,basic,1,542.82,1,0,0,6,3,6.5,0
31,0.5,258.39,1,standard,1,1029.86,3,1,1,10,0,7.0,0
35,4.6,176.79,2,basic,0,0.0,2,0,0,7,1,13.4,1
51,4.9,199.79,4,basic,1,4500.05,4,1,0,10,0,15.5,1
48,5.2,161.14,1,standard,1,551.92,0,0,1,6,0,7.7,0
30,1.6,311.88,2,standard,1,2391.86,1,0,1,9,0,9.1,0
43,0.5,167.31,1,premium,2,10682.74,4,0,1,10,1,5.8,0
51,16.8,198.89,2,standard,2,1572.01,0,0,0,6,0,11.1,1
21,1.4,286.69,1,basic,1,1535.49,1,1,0,6,0,8.9,1
48,5.6,132.83,1,standard,1,3215.77,1,0,0,4,1,4.6,0
34,6.1,338.16,1,standard,0,0.0,3,1,1,6,2,22.2,1
48,4.7,98.28,1,basic,0,0.0,1,1,1,7,1,0.6,0
32,1.9,347.88,4,premium,3,1581.79,1,1,1,10,1,16.6,1
20,1.6,156.17,1,basic,0,0.0,2,1,1,4,0,-5.0,1
22,4.6,164.5,1,premium,1,3211.46,3,1,1,7,1,11.5,1
42,10.1,85.11,1,premium,0,0.0,0,0,0,3,1,16.5,1
45,14.7,151.12,1,standard,0,0.0,1,1,1,6,1,-5.0,0
31,0.6,119.59,2,premium,1,1791.92,3,0,0,7,1,6.1,1
49,0.8,142.16,4,standard,1,671.72,0,0,1,7,1,10.7,0
22,14.5,171.58,1,basic,2,1324.85,1,1,0,8,0,7.0,0
41,6.7,265.9,3,standard,2,5984.52,1,1,1,7,0,8.0,0
27,10.7,196.97,2,basic,1,4147.14,0,0,0,8,1,6.1,1
34,1.1,205.01,1,standard,1,1136.89,1,1,1,7,1,-3.8,0
42,4.4,116.96,2,standard,1,1785.42,2,1,0,5,2,23.9,1
31,6.0,127.45,2,standard,0,0.0,3,0,1,3,1,1.0,0
37,5.7,372.22,2,basic,2,2577.88,2,1,1,6,0,8.5,0
54,2.6,135.09,3,standard,0,0.0,3,1,1,6,0,-0.2,0
35,0.5,351.6,1,premium,0,0.0,0,1,1,9,0,-5.0,0
52,4.4,164.48,4,basic,2,2148.08,2,1,0,6,0,-2.4,1
28,1.5,181.44,3,standard,1,1583.33,3,1,0,6,0,-5.0,0
48,3.0,278.15,2,basic,0,0.0,0,1,0,7,2,13.7,1
59,15.8,301.5,2,standard,0,0.0,3,1,0,6,1,0.1,1
18,2.5,173.41,1,basic,2,1514.13,2,1,1,8,0,0.9,0
32,9.2,155.2,4,standard,1,500.0,2,0,0,10,2,-3.5,0
48,1.0,177.26,2,basic,1,1168.5,5,1,1,10,0,5.8,0
39,5.6,207.51,1,basic,0,0.0,2,0,0,7,0,-0.7,1
46,18.9,258.92,1,premium,2,500.0,1,1,1,7,0,12.9,1
34,0.5,181.58,2,basic,1,793.44,2,1,0,9,1,7.4,0
43,0.5,232.19,1,standard,0,0.0,6,0,1,6,1,0.4,0
40,2.8,349.09,1,basic,1,5566.8,1,0,1,8,1,11.8,1
56,0.5,211.14,2,standard,1,4023.8,2,1,1,4,1,5.1,0
45,6.9,205.34,1,standard,1,6010.77,0,1,1,6,3,5.2,1
46,12.3,98.73,1,basic,1,2135.01,5,1,1,9,1,-5.0,0
37,2.8,80.0,1,basic,1,1529.44,3,0,1,5,1,4.4,0
36,1.5,211.74,1,standard,0,0.0,5,1,0,6,0,7.6,0
36,2.8,174.53,2,standard,0,0.0,2,1,1,4,0,15.7,1
46,6.4,147.54,2,standard,0,0.0,0,0,0,10,0,-1.0,0
36,0.5,199.82,1,standard,1,717.61,0,0,1,9,2,23.2,1
45,4.5,176.94,1,standard,1,4320.42,1,0,1,7,1,9.5,0
66,4.8,284.61,2,basic,0,0.0,1,1,0,7,0,-5.0,0
52,5.1,187.62,1,basic,0,0.0,3,0,1,7,0,-1.8,0
38,1.4,134.46,1,basic,0,0.0,1,0,1,9,2,16.4,0
56,6.3,269.36,1,basic,2,4365.08,2,0,0,6,1,14.9,1
37,0.5,166.19,3,basic,0,0.0,3,0,1,8,0,5.1,1
18,1.1,223.77,3,standard,2,1096.18,1,0,0,8,0,6.2,0
29,10.5,149.76,3,standard,0,0.0,1,1,1,9,0,-4.3,0
19,6.7,139.78,2,premium,0,0.0,4,1,1,2,2,15.6,1
37,0.5,187.48,2,basic,2,500.0,2,0,0,5,0,-2.9,0
42,1.4,182.2,2,standard,2,603.17,2,1,0,5,0,11.8,1
62,1.2,219.63,2,premium,0,0.0,2,1,1,7,0,15.8,0
45,1.6,162.8,1,standard,0,0.0,3,1,0,3,0,5.4,0
39,1.4,86.96,2,basic,0,0.0,1,0,0,3,0,12.7,1
51,0.5,152.46,3,basic,1,2367.62,0,1,1,10,1,19.8,0
18,3.1,249.02,2,basic,2,2058.6,0,0,1,8,0,7.1,0
44,6.6,160.94,1,basic,1,9017.62,4,1,0,7,1,3.6,0
51,4.7,164.26,1,standard,2,4629.39,2,1,1,7,0,4.5,0
24,5.6,268.96,2,basic,1,3433.91,2,1,1,7,0,-0.9,0
55,0.5,136.35,2,basic,1,546.64,1,1,1,8,0,-1.1,1
46,15.1,97.8,3,standard,1,1896.25,2,0,0,5,0,8.5,0
37,9.1,169.99,1,standard,2,2296.08,1,0,0,7,0,3.7,0
49,8.2,149.36,3,standard,1,1297.01,1,0,0,7,2,7.6,0
69,8.7,123.16,2,standard,0,0.0,1,1,0,5,0,-5.0,0
44,13.5,168.99,3,standard,0,0.0,1,1,1,9,0,4.3,0
44,3.9,220.66,2,basic,0,0.0,0,1,1,6,0,13.2,0
36,1.1,180.6,2,standard,0,0.0,1,1,0,8,0,-4.0,1
31,4.8,204.96,2,standard,2,11224.72,1,1,0,7,0,5.1,0
51,6.8,374.41,2,premium,3,1291.94,2,0,1,9,0,-5.0,0
31,6.7,158.04,4,basic,0,0.0,1,1,1,5,0,-5.0,0
42,3.7,202.62,1,standard,1,1119.37,3,1,1,5,0,11.5,1
36,0.5,147.87,1,basic,0,0.0,2,0,1,5,0,2.5,1
47,2.3,129.21,4,standard,0,0.0,3,1,1,7,0,19.6,1
46,12.7,143.46,2,basic,0,0.0,2,0,1,9,0,8.5,0
54,4.4,149.68,2,basic,0,0.0,4,0,0,9,0,9.2,0
35,3.9,209.3,2,premium,0,0.0,0,1,1,2,0,-3.6,0
38,1.6,463.88,1,standard,1,4391.84,3,1,0,7,0,1.9,0
30,2.3,136.13,3,standard,1,1710.35,4,0,1,1,0,-0.9,0
36,11.3,153.45,2,basic,0,0.0,2,1,1,8,0,-3.5,0
46,5.5,176.75,1,basic,0,0.0,5,1,0,9,0,10.3,1
51,7.7,212.37,1,standard,0,0.0,2,0,0,6,1,11.9,1
30,3.0,201.43,3,premium,0,0.0,1,1,1,7,0,8.2,0
52,5.0,302.97,1,premium,0,0.0,2,1,0,7,0,-1.6,0
58,1.4,80.0,3,standard,0,0.0,3,0,0,5,0,7.6,1
46,6.1,80.0,1,standard,1,3373.88,0,0,1,7,0,-5.0,0
64,2.8,148.66,2,premium,0,0.0,1,1,1,6,2,15.6,0
32,2.9,281.16,4,standard,0,0.0,1,1,0,8,1,-5.0,1
27,5.2,96.91,2,standard,2,3260.86,1,1,1,6,0,-4.0,0
20,13.8,80.0,1,basic,1,2800.62,2,1,1,5,1,5.9,0
59,0.5,227.8,2,standard,0,0.0,4,0,1,4,0,6.6,0
49,8.7,199.83,1,standard,1,1830.46,4,0,1,3,1,4.4,0
41,1.7,117.2,1,premium,2,974.11,3,0,0,9,3,-3.9,1
45,2.9,122.22,4,standard,0,0.0,2,1,1,6,0,14.1,0
28,0.5,122.99,3,basic,1,1360.58,6,1,1,7,2,-5.0,0
71,1.8,189.47,2,standard,0,0.0,4,1,1,10,1,-5.0,1
43,3.5,141.1,1,premium,0,0.0,0,1,0,5,0,4.1,0
43,0.5,220.88,1,basic,2,2495.76,1,1,0,5,0,-5.0,0
50,3.4,80.0,1,basic,0,0.0,1,1,0,6,0,14.8,1
47,13.1,128.67,2,basic,2,2715.22,2,1,0,7,1,-4.4,0
44,0.6,115.54,3,standard,1,646.66,1,0,0,10,1,17.5,1
32,7.2,163.61,2,standard,1,3902.64,0,0,1,9,0,13.3,0
47,2.6,146.17,3,standard,2,3907.31,0,1,1,8,1,14.9,0
64,5.3,249.42,1,basic,1,2388.36,1,1,0,9,1,20.1,0
58,1.5,86.17,1,premium,0,0.0,1,0,0,6,0,5.6,0
61,0.9,184.6,1,basic,0,0.0,0,0,0,7,1,-3.1,1
35,0.9,226.63,1,basic,1,1115.9,1,1,0,6,1,4.2,0
30,0.5,380.95,1,standard,1,1786.51,2,0,1,4,1,0.5,0
40,1.0,149.5,4,standard,1,8832.1,2,0,1,9,1,-0.7,0
42,5.5,206.39,1,basic,0,0.0,2,1,1,7,0,6.2,0
55,10.7,88.1,4,basic,2,616.09,0,1,1,7,0,2.5,0
21,8.4,80.0,1,basic,0,0.0,2,1,1,6,0,-1.0,1
60,5.8,254.15,4,standard,1,572.23,2,1,1,4,0,3.0,0
40,0.6,180.87,2,standard,3,1336.65,2,1,1,5,0,9.4,0
36,1.7,290.44,4,standard,1,4977.28,1,0,0,7,0,12.7,0
29,1.9,104.65,1,standard,0,0.0,2,0,1,6,1,-5.0,0
22,1.4,223.18,2,standard,0,0.0,3,1,0,6,1,2.6,0
51,3.6,382.81,4,basic,0,0.0,1,1,1,6,1,3.9,0
42,3.8,214.41,1,premium,0,0.0,2,0,1,5,1,-4.5,0
26,2.2,202.48,1,premium,0,0.0,0,1,0,5,0,4.0,0
26,2.2,181.89,1,basic,1,2900.19,3,1,1,4,0,6.2,0
37,8.8,96.7,4,basic,1,1301.02,1,0,0,6,2,9.2,0
62,7.8,311.76,2,basic,0,0.0,4,1,1,8,0,5.6,1
38,1.8,141.98,2,basic,1,1129.26,2,1,1,4,0,-2.0,1
23,12.3,221.8,1,standard,2,888.64,2,1,1,6,1,21.1,0
39,15.3,97.01,1,standard,0,0.0,1,1,1,7,1,11.6,0
38,2.0,113.09,3,standard,2,2154.67,1,1,1,5,3,9.4,0
18,2.2,321.83,1,standard,1,1454.03,2,1,0,9,0,13.0,1
41,3.5,157.76,2,standard,1,7364.45,3,0,1,6,2,7.0,1
39,14.2,324.18,4,standard,0,0.0,1,1,0,6,0,15.3,1
50,10.5,175.69,1,basic,2,500.0,3,1,1,6,1,5.5,0
64,0.5,86.77,2,basic,0,0.0,2,1,1,3,3,5.0,1
55,2.5,259.0,1,standard,0,0.0,2,1,0,8,0,10.1,1
38,4.0,143.17,2,basic,0,0.0,1,0,0,5,0,17.6,0
28,3.5,239.72,1,basic,0,0.0,2,1,1,6,1,17.1,1
72,1.1,183.11,2,premium,3,2191.54,1,0,1,8,0,9.7,0
42,9.8,97.78,1,standard,1,7872.46,2,1,1,9,0,9.1,0
42,5.6,193.59,2,basic,1,897.76,3,1,0,5,0,10.6,1
41,9.1,436.37,2,standard,1,1853.25,2,0,1,6,2,12.9,0
44,9.8,220.79,1,standard,2,3090.09,1,1,0,9,0,15.4,1
40,6.9,177.15,2,basic,1,2215.23,1,0,1,7,1,3.1,0
35,2.9,278.7,1,basic,1,1482.83,0,1,0,8,1,15.5,1
35,4.7,197.21,2,premium,0,0.0,0,1,1,5,0,7.7,1
41,0.9,197.12,1,basic,0,0.0,2,0,1,6,0,10.2,1
35,5.6,117.14,2,basic,1,2767.3,1,0,0,6,1,16.1,0
33,1.0,199.05,1,standard,1,2641.28,2,0,0,5,0,11.0,0
43,5.9,274.29,1,standard,2,9660.25,2,0,0,3,0,12.3,0
38,1.3,129.75,1,basic,0,0.0,0,0,0,6,1,1.9,0
60,0.6,320.47,2,basic,1,7378.5,2,1,0,9,0,17.0,1
18,0.9,174.74,1,basic,1,1535.2,2,1,0,7,0,10.6,0
55,0.5,127.09,3,premium,2,1681.65,1,1,0,9,1,6.0,0
56,6.3,270.17,3,basic,0,0.0,1,1,0,7,1,13.8,1
18,6.6,161.63,1,standard,0,0.0,1,1,1,5,0,25.7,0
37,3.6,245.62,2,premium,2,4560.99,3,0,0,9,0,-4.4,0
37,0.9,161.3,1,basic,0,0.0,1,1,1,7,1,-1.4,0
25,0.5,176.99,1,premium,0,0.0,2,0,0,8,1,26.5,1
32,0.5,220.84,2,premium,0,0.0,0,1,0,5,0,8.4,0
28,0.9,203.64,2,premium,0,0.0,0,1,1,8,2,6.5,0
63,11.1,81.6,2,basic,2,1416.24,0,0,1,8,1,4.1,0
53,1.4,115.76,1,standard,1,1563.04,3,1,1,7,0,14.7,1
57,2.2,262.9,1,standard,1,1186.42,0,1,1,5,0,25.9,0
50,0.6,171.94,1,premium,0,0.0,0,1,1,6,0,-0.3,1
28,1.3,147.01,2,basic,2,3703.89,2,0,0,8,0,4.2,0
35,3.7,105.27,2,standard,2,3044.45,0,1,0,7,1,2.2,0
47,4.7,117.7,2,basic,2,1107.05,0,1,0,8,0,10.9,0
27,1.4,80.74,1,basic,1,1036.48,1,0,1,8,0,14.8,0
50,0.5,174.08,1,standard,1,912.08,1,1,0,5,2,18.0,1
39,2.5,142.68,1,standard,0,0.0,0,0,0,4,0,11.1,1
37,1.3,123.15,1,standard,1,510.47,0,1,1,6,0,25.2,0
50,1.2,176.4,1,standard,0,0.0,3,1,0,6,1,0.4,0
47,16.1,209.68,3,premium,0,0.0,1,0,0,8,1,-1.7,0
37,4.8,418.75,3,standard,0,0.0,1,0,1,5,1,16.8,0
55,4.1,99.01,2,standard,1,1626.63,0,0,0,8,1,6.0,1
29,2.7,288.23,2,standard,1,4042.78,3,0,0,9,1,-5.0,0
49,2.8,267.53,1,standard,1,2100.77,1,1,1,7,0,2.5,0
49,3.9,132.74,3,standard,2,1237.14,3,1,0,7,3,7.0,0
38,6.0,196.62,1,premium,1,1278.56,2,1,1,5,1,-0.2,0
45,6.1,150.95,4,standard,4,711.34,2,0,1,6,0,-3.1,0
26,0.9,195.25,2,standard,0,0.0,0,0,0,6,1,3.3,1
53,3.5,331.51,1,basic,0,0.0,1,0,1,9,1,-3.5,0
39,2.7,230.96,4,basic,1,2930.65,1,1,0,6,0,10.1,0
35,10.2,222.17,1,standard,0,0.0,0,1,1,4,1,-5.0,0
54,5.0,152.61,2,basic,1,1259.79,5,0,1,7,0,5.7,0
33,3.8,100.12,2,basic,0,0.0,0,0,1,8,0,9.2,0
25,0.6,166.77,1,standard,1,2002.31,4,0,1,6,1,4.3,0
23,4.7,293.72,1,basic,1,861.05,0,0,1,9,0,13.7,0
49,0.6,98.41,2,basic,1,1057.61,0,1,0,8,1,-5.0,1
26,2.1,118.86,2,standard,0,0.0,0,1,0,5,3,-0.6,0
63,0.8,190.66,1,standard,2,1492.48,0,1,0,6,1,2.4,0
18,5.9,122.26,4,premium,0,0.0,1,1,1,7,0,10.7,0
62,1.2,132.02,1,standard,1,1524.45,0,1,0,4,0,6.7,1
44,2.5,153.02,1,standard,2,6163.04,1,1,0,7,0,22.1,1
40,11.3,104.98,1,premium,1,3459.52,1,1,1,3,0,-1.4,0
35,1.1,122.77,1,standard,0,0.0,2,0,1,8,0,-5.0,0
46,3.5,240.18,1,basic,1,2346.04,0,0,1,8,0,19.3,0
41,2.7,107.45,4,basic,1,1032.22,3,0,1,7,0,-5.0,0
55,0.5,95.66,1,standard,1,1318.04,3,1,0,5,1,10.5,1
43,7.9,140.89,1,standard,0,0.0,3,1,0,7,1,-2.8,1
43,0.5,242.93,1,standard,1,3079.49,1,1,0,6,1,-5.0,1
37,3.2,167.54,2,standard,0,0.0,0,0,1,5,3,2.0,1
41,4.1,150.53,3,standard,0,0.0,1,1,1,6,2,12.2,0
45,5.0,184.52,1,premium,0,0.0,2,1,1,8,1,-4.8,0
21,5.8,90.17,1,standard,2,2559.83,2,0,0,7,1,9.6,1
25,1.5,220.94,1,basic,1,1085.04,1,1,1,9,1,11.1,1
50,0.5,211.32,1,premium,1,3474.63,1,0,0,8,1,-5.0,0
44,6.4,153.9,1,basic,1,3015.24,1,1,1,8,0,3.2,0
39,3.8,271.07,1,standard,1,1072.45,3,1,0,4,0,17.6,0
42,9.0,115.47,1,premium,0,0.0,1,1,0,6,2,10.2,1
46,8.6,284.62,2,standard,1,4576.01,1,0,0,5,0,2.9,0
35,9.3,192.83,1,standard,1,9453.44,1,0,1,6,0,8.3,0
32,3.3,158.44,4,standard,2,7111.07,2,1,1,5,1,-0.5,0
44,2.0,179.84,4,standard,2,878.23,0,1,1,6,0,13.9,0
30,7.8,173.66,2,standard,1,3789.49,2,1,0,8,1,13.9,0
46,3.0,295.34,1,standard,1,3654.46,4,0,1,7,0,6.0,0
21,1.0,117.84,1,standard,1,1368.15,1,0,1,8,0,6.8,1
54,9.7,133.62,1,standard,0,0.0,2,0,1,4,3,-3.0,1
47,10.7,274.38,2,basic,0,0.0,1,1,1,7,0,-5.0,0
45,3.1,142.85,2,standard,1,500.0,0,1,0,8,0,2.0,0
53,0.5,259.88,3,standard,0,0.0,5,1,0,9,1,4.3,0
61,2.5,357.73,4,standard,0,0.0,0,0,1,4,1,13.5,1
54,8.1,154.36,1,standard,4,2563.7,0,0,0,6,1,12.4,0
19,11.6,238.07,2,standard,1,1452.28,2,1,0,8,0,6.5,0
26,1.1,114.27,1,standard,0,0.0,3,1,1,6,3,14.5,1
34,0.5,245.16,1,standard,0,0.0,2,1,0,5,0,-2.5,1
42,10.5,196.32,1,premium,1,503.38,1,1,0,4,2,13.6,1
48,2.5,219.03,1,basic,0,0.0,0,0,1,5,0,-1.3,1
33,3.9,140.02,3,premium,1,852.57,1,1,0,3,0,14.9,1
44,17.2,93.28,1,basic,0,0.0,2,0,1,7,0,4.9,0
32,0.5,221.69,2,basic,1,1764.35,2,0,1,8,1,-5.0,0
34,5.2,80.0,2,premium,1,892.13,1,0,0,4,0,10.8,1
25,0.5,159.66,2,basic,1,7013.4,3,0,0,7,0,11.5,0
30,2.4,264.14,1,standard,2,1893.0,1,0,0,8,0,1.3,0
25,8.1,195.73,3,premium,2,1296.17,1,0,1,6,0,2.0,0
30,2.8,395.18,2,premium,2,1476.59,0,1,0,4,0,3.7,0
54,25.0,273.16,1,premium,0,0.0,3,0,1,7,0,-5.0,1
30,4.1,139.55,1,basic,0,0.0,6,0,1,6,1,-5.0,1
73,1.9,183.26,2,standard,3,1587.82,4,1,1,6,1,15.4,0
47,1.2,177.87,3,basic,0,0.0,2,0,1,6,0,-1.6,1
44,2.2,96.27,2,standard,0,0.0,1,0,1,7,0,19.8,0
31,2.3,124.44,3,premium,2,1229.41,0,0,0,7,0,16.0,1
50,0.5,144.85,2,standard,0,0.0,0,1,0,10,0,17.5,1
35,2.3,80.28,1,standard,2,3311.73,2,0,0,7,0,-0.2,0
43,3.1,184.75,1,standard,1,1011.88,4,1,0,9,0,-5.0,1
72,6.4,164.08,1,standard,0,0.0,1,0,1,7,1,-3.7,0
40,5.3,92.84,2,premium,0,0.0,2,1,0,6,2,1.4,1
55,6.2,213.08,3,basic,1,1108.3,1,1,0,7,0,-5.0,0
33,0.5,241.37,1,standard,0,0.0,2,1,1,4,1,1.2,1
41,1.2,198.5,2,premium,0,0.0,0,1,0,7,0,3.4,0
63,5.4,159.23,1,standard,3,866.5,0,1,1,3,0,-5.0,0
34,3.3,229.65,1,basic,0,0.0,3,1,1,5,1,-3.3,0
63,0.5,237.96,1,standard,0,0.0,0,0,1,7,1,3.2,0
50,8.2,204.99,1,basic,0,0.0,2,0,0,9,3,7.9,0
35,7.4,130.34,1,basic,1,857.48,2,1,0,9,2,-2.1,1
49,4.0,202.48,1,premium,2,2094.68,1,1,1,6,0,7.3,0
53,0.5,292.42,1,standard,0,0.0,2,1,0,7,1,6.1,0
49,7.3,142.79,1,premium,1,1946.93,0,0,0,8,1,5.4,0
23,4.4,419.55,2,premium,0,0.0,3,1,0,4,0,-0.2,0
33,7.6,146.9,1,standard,0,0.0,5,1,1,7,0,-5.0,0
39,7.0,183.64,4,basic,0,0.0,3,1,1,5,0,18.6,1
41,8.1,138.52,1,standard,0,0.0,1,1,0,6,0,10.0,0
49,3.6,198.21,1,basic,2,2951.78,0,1,1,6,1,13.0,1
44,0.8,90.3,1,premium,0,0.0,2,1,1,7,2,4.3,0
25,5.6,145.7,1,basic,1,3825.34,0,0,1,7,0,3.7,0
46,4.8,117.11,3,basic,0,0.0,0,0,0,8,0,8.9,0
49,6.8,191.36,1,standard,0,0.0,2,1,0,7,0,-5.0,0
48,0.9,269.83,4,basic,0,0.0,0,0,1,7,0,-3.9,1
54,1.1,234.72,3,basic,2,1169.99,2,1,1,10,0,-1.4,0
52,11.1,80.0,2,standard,0,0.0,3,0,0,4,1,1.4,1
47,6.9,410.28,2,basic,0,0.0,1,1,1,10,2,-2.0,0
41,11.9,204.0,2,basic,0,0.0,1,0,1,6,2,7.7,1
22,7.1,132.87,1,standard,2,1282.06,3,0,1,8,2,5.7,1
47,4.5,193.03,2,standard,3,2352.47,1,1,1,6,0,16.1,0
44,5.3,194.51,1,standard,0,0.0,4,0,1,5,0,24.8,1
45,11.0,138.83,1,standard,1,1501.49,1,1,0,7,0,-5.0,0
26,4.3,196.21,2,standard,3,1260.65,7,0,0,8,0,6.2,0
29,5.0,142.17,2,standard,1,4641.14,2,1,1,7,1,6.2,1
54,0.9,154.2,3,premium,1,1909.33,4,1,1,6,0,4.9,0
41,3.2,137.76,1,basic,1,3614.89,2,1,1,10,0,-3.7,1
50,6.3,102.2,3,standard,0,0.0,0,1,0,9,1,-2.3,0
42,1.6,192.16,1,premium,2,500.0,4,1,1,8,0,6.9,0
42,1.1,229.09,1,premium,1,1754.49,1,1,1,6,1,-2.6,1
53,1.9,222.73,1,basic,2,1504.41,1,0,0,5,0,6.3,0
35,1.4,251.63,1,basic,0,0.0,5,1,0,6,0,3.0,1
43,1.2,206.38,1,standard,1,500.0,0,1,1,8,1,6.1,1
36,2.8,146.48,2,basic,0,0.0,1,0,1,5,0,-2.6,1
36,11.9,253.63,3,premium,1,1965.49,0,1,0,5,0,6.3,0
38,3.5,105.32,1,standard,0,0.0,1,1,0,7,2,-2.0,1
44,1.0,126.44,2,standard,1,951.97,1,1,1,7,1,6.3,0
36,0.5,123.26,3,basic,0,0.0,5,1,0,5,2,15.7,1
57,6.0,279.23,2,standard,0,0.0,2,1,0,5,1,7.1,0
31,2.4,264.31,2,standard,1,5075.32,4,0,0,9,2,7.6,1
39,8.6,220.28,1,premium,1,1100.25,1,1,1,7,0,11.5,0
36,5.4,278.32,3,basic,0,0.0,3,1,0,4,2,-5.0,1
59,8.0,127.52,2,basic,0,0.0,0,1,0,4,1,18.8,0
44,1.6,208.4,1,standard,0,0.0,0,1,1,6,0,-3.4,0
54,5.9,172.42,1,basic,1,1012.67,3,1,0,8,0,12.0,0
24,1.5,254.36,3,standard,0,0.0,2,1,1,8,1,11.0,1
45,14.0,173.11,1,premium,0,0.0,0,1,1,9,0,-2.2,0
52,5.1,155.4,4,standard,1,984.83,3,1,1,4,0,13.1,1
42,2.0,225.06,1,premium,2,1988.75,2,0,0,7,0,9.0,0
54,1.6,257.36,3,basic,0,0.0,2,1,1,9,0,20.1,1
35,1.1,138.75,1,basic,0,0.0,2,1,0,9,0,6.5,0
58,5.9,176.9,2,basic,1,992.05,3,0,0,7,1,4.1,0
69,1.2,118.7,3,basic,1,972.77,1,1,1,10,1,0.9,0
37,4.5,80.0,1,premium,2,4771.48,1,0,1,8,0,-5.0,0
36,1.5,196.41,2,basic,1,500.0,4,0,0,8,0,2.5,0
59,5.4,231.26,1,standard,2,576.95,1,1,0,7,2,2.8,0
60,8.4,201.31,1,standard,2,2596.49,3,1,1,5,0,7.1,1
35,7.5,83.11,1,premium,1,2173.77,4,0,1,5,1,-5.0,0
36,7.2,157.54,2,basic,2,1366.74,1,0,1,7,1,3.1,0
38,1.0,80.0,1,basic,0,0.0,2,0,1,6,0,9.6,0
25,0.5,313.53,1,basic,1,2962.91,2,1,1,3,0,10.4,1
30,6.0,117.4,1,standard,0,0.0,0,1,1,5,1,-5.0,0
29,2.3,299.51,2,basic,1,1736.04,1,0,1,6,0,10.7,1
32,2.8,264.63,2,premium,0,0.0,1,1,1,8,0,3.0,0
41,0.5,126.44,1,standard,4,1181.21,0,0,0,6,1,3.5,1
44,1.5,115.22,1,standard,0,0.0,1,1,0,6,5,-5.0,0
60,0.5,208.54,4,standard,0,0.0,2,0,1,5,0,16.9,0
30,10.6,129.32,1,basic,4,1517.95,1,1,0,7,1,6.4,0
53,1.4,188.86,3,standard,0,0.0,4,1,1,9,0,-5.0,1
39,4.1,149.44,3,premium,0,0.0,2,0,0,7,1,8.0,0
41,0.5,88.9,3,premium,0,0.0,1,1,0,4,1,7.8,0
50,5.5,80.0,1,premium,0,0.0,2,1,0,4,1,14.8,0
28,2.0,198.48,3,premium,1,2584.56,1,1,1,8,0,2.5,0
46,11.4,144.8,3,basic,1,500.0,2,0,0,6,1,5.1,0
43,11.0,145.29,2,basic,0,0.0,0,0,1,6,0,-0.1,0
47,2.0,239.45,1,basic,1,735.07,3,1,1,5,1,9.8,0
45,11.6,289.85,1,basic,0,0.0,0,1,1,7,0,-1.3,0
71,25.0,162.55,1,basic,1,10079.19,0,1,0,6,0,-2.1,0
34,8.7,158.18,2,standard,3,1035.11,1,0,0,6,0,4.5,0
35,9.3,221.42,2,standard,0,0.0,2,1,1,5,0,-4.8,1
34,1.4,105.34,1,premium,0,0.0,1,1,0,8,1,17.8,1
35,4.3,198.2,2,standard,0,0.0,2,1,1,6,0,20.4,0
34,0.5,226.05,1,premium,0,0.0,1,1,1,8,0,1.4,1
56,0.5,237.96,2,basic,2,2180.37,0,0,0,4,0,-5.0,0
59,25.0,83.54,4,basic,0,0.0,0,1,1,10,1,7.7,1
35,2.0,133.68,1,standard,0,0.0,1,1,1,9,1,1.1,0
32,6.9,127.57,1,basic,2,736.77,2,1,1,3,1,14.4,0
47,8.2,188.66,1,basic,1,3510.0,2,0,0,5,0,-1.3,0
35,9.8,219.71,2,basic,0,0.0,2,1,1,7,0,9.4,0
49,25.0,329.87,2,basic,0,0.0,1,1,0,4,1,5.9,1
44,1.4,148.71,4,standard,0,0.0,1,1,1,6,0,-0.4,0
23,0.5,148.56,1,standard,2,1310.72,1,0,0,7,1,6.9,0
60,2.6,287.11,4,standard,1,680.5,0,1,1,6,0,12.0,0
63,0.7,204.1,1,standard,0,0.0,0,1,1,7,1,5.7,0
34,0.5,300.99,2,standard,1,588.98,0,1,0,5,1,5.8,0
37,2.2,203.46,1,basic,0,0.0,2,1,1,2,0,-2.0,0
45,7.7,114.11,3,basic,2,1300.97,0,0,1,8,0,14.2,1
46,4.2,106.35,2,basic,1,2437.2,2,1,1,8,3,13.4,0
49,1.9,97.46,2,standard,3,1152.38,2,0,1,10,1,1.7,0
66,5.3,236.23,3,standard,0,0.0,1,1,1,3,0,4.0,1
39,1.3,291.62,1,standard,0,0.0,4,1,0,8,1,16.3,0
32,0.5,379.84,1,basic,0,0.0,1,1,0,3,0,-4.1,1
25,7.2,253.98,3,standard,2,2723.67,3,0,1,10,0,9.8,0
33,4.9,288.63,1,standard,0,0.0,2,1,1,7,1,0.5,0
41,7.2,143.74,1,standard,0,0.0,1,0,1,5,0,19.2,0
63,0.5,114.14,2,standard,1,500.0,5,1,1,8,1,5.5,0
35,9.1,254.69,2,standard,0,0.0,5,1,0,6,0,15.1,1
44,4.8,214.23,1,standard,1,1436.98,0,0,0,7,1,-1.1,0
41,4.1,189.23,1,standard,1,2017.38,3,0,1,7,0,-5.0,0
56,4.9,211.65,1,basic,0,0.0,2,1,1,10,1,3.1,1
72,10.0,206.29,1,standard,1,918.55,1,0,0,10,0,7.1,0
35,4.4,302.94,3,basic,1,5690.88,3,1,1,5,0,0.9,1
36,4.3,304.29,4,basic,0,0.0,2,1,1,8,0,11.1,0
54,23.4,225.36,2,premium,2,3979.7,2,1,0,7,0,3.3,0
50,7.1,254.25,1,premium,0,0.0,1,1,0,4,3,-5.0,1
64,2.9,222.66,4,basic,0,0.0,2,1,1,5,0,9.4,0
49,6.1,150.74,2,standard,0,0.0,0,1,0,10,0,-2.1,1
37,2.5,245.34,1,basic,1,2029.38,1,0,1,7,3,2.1,0
49,1.3,103.77,4,standard,0,0.0,3,0,0,8,0,17.4,0
55,4.5,276.32,3,premium,1,778.51,1,1,1,6,0,19.2,0
51,13.2,112.41,2,premium,2,500.0,3,0,0,6,0,0.4,0
48,13.2,203.23,2,standard,2,2502.03,1,1,0,7,0,9.6,0
54,2.1,129.27,1,standard,0,0.0,2,1,1,6,0,0.6,0
56,3.8,226.19,1,standard,2,1418.98,0,0,0,4,1,2.7,0
58,1.2,178.83,2,basic,0,0.0,0,1,0,5,0,0.2,1
49,25.0,95.78,1,premium,1,500.0,0,0,1,8,1,-5.0,0
39,19.8,214.49,1,premium,1,2219.68,2,1,0,6,1,5.8,0
43,5.2,143.86,3,standard,1,1404.68,1,1,0,7,1,7.3,0
56,8.2,257.87,3,basic,1,3702.63,4,1,0,7,1,-0.4,0
32,6.3,181.37,2,basic,0,0.0,1,0,1,7,0,13.7,0
46,4.5,212.34,3,basic,2,3179.97,1,0,1,9,0,1.5,0
37,0.5,123.59,3,premium,1,1797.6,1,0,1,5,0,-0.1,0
42,3.0,143.2,2,standard,2,2090.88,3,1,1,8,0,9.2,0
57,5.6,150.89,1,basic,1,3808.16,0,1,1,8,1,-5.0,0
44,5.7,255.36,1,standard,1,1550.12,5,0,1,8,1,12.3,0
42,2.3,354.59,1,premium,0,0.0,0,1,1,4,1,1.8,0
25,14.2,131.36,1,basic,0,0.0,0,1,1,7,1,12.9,0
50,0.9,278.87,1,premium,0,0.0,0,0,1,10,0,15.3,0
49,3.5,80.0,1,premium,1,6469.27,1,1,0,6,1,10.1,0
67,5.9,112.43,2,premium,0,0.0,3,1,0,7,1,-1.5,0
38,6.0,123.53,4,standard,0,0.0,0,0,1,8,0,-5.0,1
44,5.2,105.53,1,basic,0,0.0,0,0,1,5,0,-5.0,0
44,1.6,96.21,2,standard,2,649.38,3,0,1,10,0,13.8,1
60,0.8,213.83,2,basic,1,1514.81,3,1,1,7,0,3.9,0
40,5.1,166.4,1,basic,4,843.25,0,1,1,7,0,0.2,0
45,4.6,210.98,4,standard,2,2595.48,0,0,0,4,2,3.9,0
49,1.0,238.93,2,standard,0,0.0,0,0,1,8,1,13.6,0
44,6.1,201.59,1,premium,0,0.0,2,1,0,7,1,11.2,1
36,3.0,235.83,3,basic,1,3358.82,1,0,1,9,0,8.5,0
44,5.5,176.3,1,standard,0,0.0,4,0,1,6,1,10.1,0
54,9.1,112.75,2,standard,1,1287.44,1,1,0,5,1,6.4,0
29,0.9,276.75,1,standard,2,1755.26,1,0,0,5,0,7.4,0
43,0.5,143.22,3,premium,1,908.33,3,1,0,6,0,6.8,0
33,7.6,124.68,1,standard,1,1791.9,0,1,0,4,0,5.0,1
56,4.7,168.82,2,premium,1,1869.17,2,1,1,9,2,11.0,0
23,6.0,125.82,1,basic,0,0.0,1,1,0,9,0,7.9,0
35,9.1,153.4,2,standard,1,2529.15,0,0,1,6,0,-2.0,0
46,8.1,208.02,3,basic,0,0.0,1,0,0,6,1,9.2,1
60,16.2,208.37,2,basic,0,0.0,1,0,1,3,3,7.0,0
41,3.8,126.58,2,basic,0,0.0,2,1,1,8,1,9.9,1
35,3.4,149.14,2,basic,0,0.0,1,1,0,9,2,4.2,0
64,2.6,278.59,3,basic,0,0.0,2,1,1,5,2,11.5,1
24,0.8,221.09,2,basic,2,500.0,1,1,1,6,1,4.5,0
18,4.3,415.73,3,basic,1,8583.83,1,1,1,7,0,10.8,1
47,1.6,290.63,3,premium,0,0.0,2,1,0,10,1,1.3,1
35,12.7,286.49,1,basic,0,0.0,4,1,0,7,0,1.9,0
29,4.4,104.05,1,standard,1,2837.56,0,1,0,7,0,9.8,0
50,4.5,246.05,1,basic,2,1016.55,2,1,0,7,1,2.3,0
44,2.2,177.46,3,premium,2,3016.85,1,1,1,4,0,22.6,1
35,0.5,145.42,1,premium,0,0.0,0,0,1,4,0,9.5,0
26,0.5,193.87,2,standard,1,2073.27,4,1,1,5,2,5.2,1
52,2.8,264.56,3,standard,0,0.0,0,1,0,8,0,11.6,0
49,0.5,221.48,1,basic,0,0.0,2,0,1,6,1,1.2,0
40,4.7,127.56,2,premium,1,1809.31,0,0,1,6,2,12.4,0
64,10.6,243.95,1,premium,0,0.0,2,0,1,6,0,12.2,1
29,10.7,140.47,1,premium,2,2989.92,2,1,0,6,0,15.0,0
23,5.4,197.68,3,standard,2,6672.31,2,1,1,10,1,1.5,0
33,1.2,160.56,1,basic,0,0.0,2,0,0,6,2,-4.8,1
41,9.9,166.08,1,premium,1,1528.18,0,0,0,5,1,0.1,0
44,10.9,246.29,3,basic,0,0.0,0,1,0,7,0,2.7,0
39,1.1,119.57,1,standard,1,976.36,2,1,0,10,1,18.3,1
46,6.7,394.68,4,basic,0,0.0,2,1,1,6,0,22.6,0
26,1.7,87.49,4,premium,0,0.0,2,1,0,4,2,7.8,0
59,8.1,142.73,1,basic,0,0.0,1,0,0,6,1,5.1,0
41,25.0,210.21,1,basic,2,1359.44,2,1,0,7,0,2.2,0
55,0.5,229.0,2,standard,2,1282.72,1,0,0,8,1,11.6,0
46,11.4,174.13,2,standard,1,3324.04,1,1,1,8,0,22.5,0
47,4.9,177.16,1,standard,1,3094.87,0,0,0,5,0,19.3,0
48,18.1,213.62,2,basic,1,530.17,1,1,1,5,0,14.1,0
47,3.1,165.27,1,basic,2,1124.54,1,1,0,6,2,14.0,0
49,9.4,316.48,3,standard,0,0.0,0,1,0,8,0,11.7,0
57,0.5,253.6,1,premium,1,2287.51,2,0,0,4,1,4.6,1
44,2.0,257.01,1,premium,0,0.0,1,1,0,5,1,-0.9,0
50,0.5,123.17,1,standard,1,2188.96,1,1,1,5,1,4.8,1
40,18.5,175.61,4,premium,0,0.0,1,0,1,8,0,8.4,0
59,8.5,160.74,2,standard,0,0.0,0,1,0,7,0,-5.0,0
33,9.6,121.24,3,standard,0,0.0,0,0,1,8,0,3.8,0
63,13.9,209.36,1,standard,2,3585.27,3,0,1,9,2,-1.6,1
41,0.5,146.2,1,standard,1,1318.4,1,0,0,6,0,13.1,0
24,2.4,235.61,1,standard,1,1651.82,1,1,1,4,0,0.6,0
43,0.5,118.15,2,standard,2,3256.05,3,1,0,4,0,7.6,0
33,1.2,360.54,2,basic,1,1390.98,1,0,1,3,1,-0.6,0
52,1.3,126.66,2,basic,0,0.0,2,1,0,6,0,17.8,0
34,3.2,197.89,1,basic,0,0.0,6,1,0,6,0,-5.0,1
36,1.6,248.82,4,standard,0,0.0,0,0,1,8,0,8.8,0
19,0.5,144.28,1,basic,0,0.0,3,1,1,7,1,-5.0,0
36,0.9,254.93,4,basic,0,0.0,2,0,1,6,0,0.9,0
18,0.8,110.87,1,standard,0,0.0,3,0,0,6,0,6.6,0
22,18.1,324.03,2,standard,0,0.0,1,0,1,5,0,7.0,1
51,7.1,182.3,1,standard,2,4083.01,1,1,1,8,0,6.8,1
51,17.2,142.8,1,standard,0,0.0,4,1,0,5,2,6.2,0
47,2.9,160.83,2,premium,0,0.0,3,1,1,4,0,-0.1,0
30,1.6,250.53,1,premium,2,1282.65,1,1,0,8,1,3.7,1
41,8.0,143.48,1,premium,0,0.0,1,1,0,8,0,5.3,0
41,2.0,134.32,2,standard,1,518.09,1,1,1,3,2,6.6,0
28,1.8,165.9,2,basic,2,2253.46,0,1,0,8,1,4.5,1
60,1.3,113.21,3,premium,1,1674.26,2,1,1,5,1,10.8,0
52,0.7,375.48,1,basic,0,0.0,0,0,0,6,0,5.7,0
39,1.5,144.52,2,basic,2,1384.07,2,1,0,7,0,6.6,0
42,2.2,252.81,2,standard,0,0.0,2,1,1,8,1,1.9,1
44,5.6,197.12,1,basic,2,899.33,3,0,1,7,0,-3.4,0
18,0.5,122.26,2,premium,0,0.0,3,0,0,6,1,6.2,0
39,1.2,180.84,1,standard,0,0.0,2,1,1,6,1,14.7,0
33,8.3,248.04,1,standard,2,3177.64,2,0,0,7,0,8.6,1
29,0.8,168.12,1,standard,1,18787.1,2,1,1,6,0,-1.5,0
38,2.1,292.14,1,standard,0,0.0,3,1,1,10,2,11.5,1
63,10.0,272.76,2,basic,0,0.0,3,0,0,8,2,2.3,0
49,0.8,261.8,2,standard,1,1045.84,2,0,1,5,0,10.7,0
35,0.5,150.83,4,standard,2,2393.23,3,1,0,6,0,2.0,0
48,3.3,117.69,2,standard,0,0.0,1,0,1,7,1,7.8,0
58,1.8,141.82,1,standard,1,3603.6,3,0,1,9,0,0.9,0
53,4.1,196.07,3,basic,1,688.09,2,0,0,9,0,1.1,0
42,8.1,225.5,3,basic,1,3126.68,0,1,0,6,0,-5.0,0
34,0.7,80.0,1,basic,2,500.0,1,1,0,5,0,9.1,0
50,4.3,180.68,2,standard,1,500.0,0,1,0,5,0,8.0,0
46,3.5,193.11,4,premium,0,0.0,6,1,0,7,0,8.4,1
52,0.8,162.22,2,premium,0,0.0,0,1,0,10,0,7.2,0
49,4.9,303.84,4,standard,0,0.0,0,0,1,7,1,-1.1,0
54,1.6,214.59,1,standard,3,8305.15,0,0,0,4,0,12.7,1
35,3.3,306.15,1,standard,0,0.0,1,0,1,5,0,12.9,0
57,0.5,166.27,1,basic,1,1659.9,1,1,1,5,0,-1.3,0
44,3.1,263.75,2,basic,0,0.0,1,1,1,5,1,9.3,0
66,1.8,348.64,3,premium,1,1340.36,1,1,1,6,0,12.0,0
33,8.6,306.33,4,standard,1,2467.59,5,1,0,7,0,1.2,0
62,0.5,117.11,1,premium,1,2589.4,3,0,1,8,0,2.6,0
44,2.7,163.78,1,basic,0,0.0,2,1,1,8,0,9.3,0
34,3.1,157.9,3,standard,2,2465.06,1,0,1,7,1,-5.0,0
36,6.5,220.46,2,basic,2,10384.0,1,1,1,3,1,-3.7,0
38,4.3,238.54,1,basic,4,4488.71,1,1,0,5,0,-2.9,0
47,5.5,129.6,2,standard,1,923.87,0,0,1,6,0,-5.0,0
48,7.5,186.26,2,basic,0,0.0,1,1,1,7,1,13.7,0
35,9.9,80.8,3,basic,1,3138.23,0,1,1,8,0,-5.0,0
41,1.9,322.72,2,basic,1,2538.68,3,1,1,7,0,7.7,0
67,3.9,147.68,1,basic,0,0.0,4,0,0,7,1,11.5,1
62,9.2,185.37,4,standard,0,0.0,1,0,1,7,2,2.7,1
47,22.8,160.15,2,standard,1,1977.18,0,0,1,6,0,-0.3,0
42,11.0,286.69,1,basic,0,0.0,1,0,1,7,1,6.9,0
43,2.3,80.0,1,basic,0,0.0,0,0,1,9,0,5.0,0
49,1.1,180.07,2,basic,1,3940.31,1,0,0,6,1,13.0,0
29,3.4,173.76,1,standard,1,3605.99,2,1,1,6,1,-5.0,0
38,6.8,151.19,1,basic,1,1604.37,0,1,0,6,1,-2.3,0
21,3.4,361.58,2,standard,0,0.0,0,1,0,9,1,9.5,0
46,3.3,127.11,1,basic,2,1860.97,0,0,1,5,0,5.4,0
49,9.1,246.83,2,basic,0,0.0,0,1,0,10,2,11.0,0
36,2.2,209.03,1,premium,0,0.0,0,1,0,4,0,7.1,0
60,9.8,300.25,2,standard,0,0.0,1,0,0,5,0,3.9,0
27,2.6,138.81,1,basic,0,0.0,4,1,1,8,0,2.6,1
24,2.0,135.21,1,premium,1,500.0,2,0,0,8,0,23.6,0
44,3.0,281.02,1,standard,1,2283.76,2,0,1,4,1,17.3,1
54,7.2,214.89,4,premium,0,0.0,3,1,1,5,0,9.0,0
62,0.7,97.71,3,standard,1,1791.62,2,0,0,7,1,5.6,0
36,1.1,146.1,1,standard,1,2720.62,2,0,0,10,1,9.3,0
54,15.1,211.57,3,premium,0,0.0,3,1,1,9,1,11.6,0
41,1.0,253.43,2,basic,2,2358.97,1,0,0,6,1,8.4,0
39,4.2,138.15,4,standard,0,0.0,1,0,0,2,0,-1.0,1
52,4.3,80.0,1,standard,3,1474.74,2,1,1,7,1,19.3,1
49,3.4,223.47,2,basic,1,8262.7,0,1,1,7,0,7.0,0
23,5.2,111.26,1,basic,0,0.0,0,1,1,6,2,21.1,1
59,1.3,80.89,1,basic,1,914.24,3,1,0,5,4,6.5,1
58,4.0,80.0,4,standard,0,0.0,1,1,0,7,1,3.0,0
34,2.3,251.03,2,standard,0,0.0,0,0,1,5,2,16.1,0
46,5.4,190.84,1,standard,0,0.0,2,1,0,10,0,7.4,0
47,0.8,165.63,1,basic,2,2516.63,3,0,0,9,0,6.1,0
45,4.2,315.96,2,standard,2,1390.94,4,1,0,8,2,-4.6,0
35,1.0,233.91,2,premium,0,0.0,1,1,1,7,1,10.3,0
33,1.6,346.03,1,standard,2,1212.58,2,0,1,5,0,1.1,0
41,1.2,103.85,4,standard,0,0.0,0,0,0,6,0,1.4,0
56,1.0,178.78,1,standard,0,0.0,1,1,1,9,0,1.1,0
48,8.7,94.95,1,standard,1,2392.14,2,1,1,8,2,8.5,0
37,1.7,165.38,4,standard,1,5049.15,5,0,0,7,0,-5.0,0
51,13.1,164.11,1,premium,1,893.07,1,1,1,8,1,3.3,0
18,17.5,232.91,1,standard,2,1483.68,2,1,0,7,1,12.8,1
55,4.2,184.61,2,premium,1,1355.56,2,1,1,7,0,-5.0,0
21,0.8,232.61,3,basic,2,3816.2,3,0,1,8,1,6.4,1
37,2.3,240.18,1,basic,0,0.0,3,1,1,7,0,-0.1,0
28,8.0,429.22,4,basic,0,0.0,3,1,1,8,2,1.8,0
26,2.3,159.79,3,standard,3,2158.13,1,1,1,7,1,18.2,0
55,0.5,124.41,1,standard,0,0.0,0,0,0,6,0,-5.0,0
36,4.1,200.02,2,basic,1,3344.08,1,1,1,6,0,11.1,0
46,9.3,131.51,1,basic,1,3399.2,2,1,0,5,1,1.2,0
41,7.9,327.92,1,premium,0,0.0,2,1,1,4,1,0.8,0
47,1.0,161.86,3,premium,3,2634.97,1,1,1,5,0,-3.9,0
42,5.6,144.57,4,standard,0,0.0,1,0,1,5,0,11.0,1
26,1.2,150.13,1,standard,1,2649.38,0,0,0,6,1,3.5,0
53,1.2,241.62,1,standard,1,1035.5,1,0,1,9,1,2.5,0
36,10.4,170.19,2,standard,3,4912.42,4,0,1,6,1,5.9,0
23,1.4,140.24,1,premium,0,0.0,1,0,0,7,0,3.6,1
36,1.5,352.88,1,basic,4,1549.42,1,1,1,7,1,-5.0,1
60,0.5,128.71,1,standard,1,1623.19,1,0,1,9,2,1.1,0
52,10.2,183.87,2,basic,0,0.0,0,1,1,5,0,12.2,0
37,7.9,235.31,1,standard,0,0.0,0,0,0,6,0,-5.0,1
37,4.9,94.39,1,standard,0,0.0,0,1,1,6,1,-3.7,0
38,6.9,219.67,3,standard,0,0.0,0,0,0,9,1,1.6,1
66,0.8,118.86,3,basic,0,0.0,1,1,0,9,1,-0.8,0
46,3.1,251.92,2,standard,0,0.0,2,0,0,7,0,4.8,0
47,2.2,123.34,1,basic,0,0.0,2,0,1,9,0,-3.7,1
54,0.5,239.15,2,basic,0,0.0,1,0,0,7,0,1.9,0
44,3.3,282.12,1,basic,0,0.0,0,0,1,6,0,4.6,0
38,12.7,255.85,1,standard,1,1956.13,2,1,0,9,0,10.2,0
39,0.5,200.44,2,standard,0,0.0,0,1,1,7,1,15.0,1
41,1.7,165.25,1,standard,2,939.28,2,0,0,5,0,2.9,0
41,1.2,143.95,1,standard,3,949.96,2,0,1,8,0,20.1,1
50,1.4,326.49,1,standard,1,2217.17,2,1,1,6,0,3.5,0
42,12.0,137.03,1,standard,2,4697.73,2,1,0,6,0,11.6,1
50,3.2,119.72,1,standard,1,2387.99,0,1,1,8,0,20.5,0
41,3.1,236.55,4,standard,2,3675.55,3,1,1,6,1,6.1,0
42,7.1,131.83,1,standard,1,1709.98,4,1,0,7,1,-5.0,0
18,0.8,123.96,1,standard,0,0.0,2,1,0,8,2,5.7,1
52,3.3,101.75,1,premium,1,6784.5,1,1,1,5,1,0.1,0
46,2.8,149.43,4,premium,1,3508.57,3,1,1,7,0,2.8,0
53,4.5,175.37,2,basic,0,0.0,0,1,0,9,0,20.9,0
18,25.0,199.78,1,basic,1,1463.57,2,1,0,5,0,-4.8,0
67,7.3,265.21,3,standard,1,1800.44,2,1,1,7,0,7.4,0
40,2.5,223.8,1,basic,2,2501.21,1,0,0,5,1,-2.0,1
55,8.8,167.95,1,basic,0,0.0,1,1,1,8,0,2.5,0
29,0.9,167.46,1,premium,1,500.0,0,0,1,8,0,11.0,1
49,0.5,222.31,1,basic,2,2482.88,2,0,1,6,2,7.5,1
29,1.1,301.58,1,premium,2,3901.41,2,1,1,10,0,3.2,0
34,2.1,190.67,2,standard,1,1889.68,2,1,0,8,0,-0.2,0
64,3.6,150.26,1,standard,0,0.0,2,1,1,8,1,7.5,1
39,4.8,121.86,2,basic,1,1387.76,1,1,1,8,1,18.7,0
44,12.1,101.69,1,basic,0,0.0,1,1,0,8,0,-2.2,0
52,3.6,236.63,1,standard,0,0.0,1,1,1,5,3,20.3,1
47,3.5,228.42,1,basic,0,0.0,3,0,0,7,1,14.6,1
43,0.5,228.37,4,basic,2,1033.07,4,1,1,7,0,16.0,1
46,0.5,172.18,1,basic,0,0.0,1,0,0,6,0,7.5,0
70,4.0,318.23,2,basic,0,0.0,1,1,1,7,0,14.4,0
41,2.9,149.36,1,basic,0,0.0,4,0,1,9,1,-3.1,1
44,9.1,265.63,1,standard,0,0.0,1,1,0,6,1,-0.3,0
54,0.9,178.48,1,basic,2,1202.51,1,1,0,6,0,11.1,1
55,0.5,142.12,1,basic,0,0.0,1,1,0,5,1,7.4,1
56,3.0,229.75,1,standard,0,0.0,1,0,0,3,2,3.8,0
49,1.4,213.55,1,premium,1,2004.56,2,1,1,8,2,-5.0,0
28,0.5,209.1,3,basic,0,0.0,0,0,1,6,1,1.5,0
61,6.4,187.26,1,basic,0,0.0,1,0,0,7,0,-4.4,0
28,0.6,178.55,2,standard,2,1915.36,2,0,0,5,1,8.9,0
45,4.7,471.23,1,premium,0,0.0,0,1,0,6,1,3.5,0
32,1.6,291.11,2,standard,2,1509.94,2,0,0,8,0,-0.0,0
41,1.0,242.05,2,standard,0,0.0,2,0,1,7,1,26.1,1
45,2.4,189.56,1,basic,1,1332.07,2,1,1,7,0,13.3,1
45,8.1,271.2,1,standard,0,0.0,0,1,1,7,2,13.4,0
47,2.5,223.01,2,basic,1,887.58,1,0,0,4,0,22.6,1
61,6.9,183.18,3,standard,0,0.0,1,0,0,8,0,11.4,0
47,0.7,160.54,1,standard,2,2053.43,2,1,0,4,2,-1.2,0
39,7.4,175.5,1,premium,1,1639.24,1,0,1,5,1,-2.1,0
53,1.4,80.0,3,basic,0,0.0,3,1,1,5,0,12.7,0
56,5.7,197.2,1,basic,1,1834.88,1,1,0,6,0,-5.0,0
27,4.2,149.1,2,standard,0,0.0,4,1,0,6,0,4.4,0
49,13.2,342.77,1,standard,0,0.0,0,1,1,6,0,-5.0,1
50,2.4,182.68,1,standard,1,2779.81,0,0,0,5,1,5.8,0
38,0.5,112.66,2,basic,0,0.0,1,1,1,8,1,11.8,1
58,0.5,177.69,2,basic,1,1477.58,1,1,1,8,1,7.2,0
40,8.8,119.29,1,standard,1,810.74,1,1,0,6,0,12.5,1
43,3.7,219.06,2,basic,3,5366.85,5,1,0,6,1,20.7,1
39,7.5,203.65,3,premium,1,8824.45,0,0,0,5,1,3.9,0
42,1.3,265.9,2,standard,1,7298.09,0,0,1,6,0,27.5,0
28,2.1,132.11,1,standard,0,0.0,1,1,1,4,2,6.7,0
24,0.5,183.75,2,standard,0,0.0,0,0,1,5,0,12.6,0
61,16.3,105.0,2,standard,0,0.0,3,1,1,8,1,0.1,0
31,5.5,239.99,3,basic,2,1165.92,2,0,1,7,0,18.0,0
30,13.5,223.08,2,premium,2,1730.56,2,0,1,9,0,13.3,1
18,1.5,221.04,1,basic,0,0.0,1,1,1,6,0,16.8,0
34,4.7,181.39,2,standard,0,0.0,0,0,1,6,1,5.4,0
26,5.7,213.99,2,basic,0,0.0,2,1,0,6,3,-5.0,0
61,1.9,344.38,1,standard,0,0.0,2,1,0,6,0,8.7,0
54,9.4,161.74,1,basic,0,0.0,0,1,0,5,1,-5.0,0
33,14.7,191.61,1,basic,0,0.0,0,0,1,7,1,2.3,0
69,10.8,117.4,2,premium,0,0.0,1,1,1,7,2,6.5,1
53,6.7,128.09,1,basic,1,1682.78,3,0,1,6,0,24.0,1
38,1.6,188.51,2,standard,1,4962.54,2,0,1,9,0,7.5,0
18,1.7,281.91,4,premium,1,1762.09,4,1,1,10,0,6.1,1
69,16.5,163.61,3,basic,0,0.0,1,1,1,9,0,4.5,1
25,0.5,164.95,4,standard,0,0.0,3,0,0,8,1,-5.0,1
22,6.3,154.05,4,basic,0,0.0,2,1,0,8,0,5.7,0
54,6.1,146.36,1,basic,0,0.0,0,1,1,10,0,5.8,0
71,4.9,203.97,2,standard,1,2514.14,0,0,0,8,0,-2.7,0
58,23.1,99.59,1,premium,1,2865.24,2,0,1,5,0,-4.5,0
48,1.9,302.59,3,basic,0,0.0,2,1,0,7,2,1.1,0
49,2.1,138.91,1,standard,1,10002.86,2,0,0,8,0,5.5,1
52,0.5,241.96,4,standard,2,500.0,1,1,0,5,1,1.3,0
51,2.9,109.07,2,premium,0,0.0,3,1,1,6,0,-3.4,0
45,1.5,236.88,3,basic,1,1603.02,2,0,1,8,1,7.3,0
43,2.1,237.17,1,standard,0,0.0,1,0,1,3,0,9.3,0
41,9.0,211.38,1,standard,0,0.0,4,1,1,4,1,6.0,1
32,13.7,121.78,3,standard,0,0.0,2,1,0,6,1,0.5,0
38,1.0,200.3,1,premium,1,1279.0,0,0,0,7,1,9.8,0
21,2.3,112.93,3,premium,0,0.0,1,1,0,4,0,3.5,0
40,13.2,163.84,1,basic,4,4436.97,1,1,1,6,2,-4.5,1
30,0.5,273.63,2,standard,0,0.0,2,1,0,9,1,13.3,0
28,0.5,249.31,1,standard,1,3010.24,2,0,1,7,1,7.8,1
44,0.9,182.38,2,basic,2,3461.95,1,1,1,8,0,4.0,0
58,4.5,122.74,2,standard,0,0.0,1,1,0,5,0,-5.0,1
53,0.8,234.68,1,standard,0,0.0,1,1,1,5,0,-1.0,0
23,17.2,182.68,1,standard,0,0.0,1,1,1,8,1,21.1,0
30,3.0,80.0,1,premium,1,2051.59,0,1,1,7,1,-5.0,0
53,3.5,247.91,2,basic,1,1181.2,2,1,0,4,1,3.0,0
30,1.4,179.52,2,premium,3,3279.11,3,1,0,5,2,4.9,1
39,3.2,293.24,2,standard,2,3183.35,2,0,1,9,0,7.6,0
48,5.4,116.97,2,standard,0,0.0,0,1,0,5,1,-5.0,0
30,7.0,80.0,1,premium,1,3215.78,3,1,0,8,1,6.4,1
43,7.0,202.68,1,standard,1,4050.86,2,0,0,6,1,-5.0,0
25,4.3,203.7,1,standard,2,737.07,0,0,0,6,0,5.8,0
34,11.7,92.18,1,standard,0,0.0,2,0,0,7,1,-0.2,0
45,8.5,122.56,4,standard,3,1715.43,0,1,0,3,1,-1.9,0
22,7.1,545.71,3,premium,0,0.0,2,1,1,4,0,11.7,0
47,0.5,160.41,1,premium,0,0.0,1,0,1,7,0,3.1,0
41,0.5,242.84,2,basic,1,500.0,2,0,1,5,1,8.8,0
48,1.2,139.73,3,basic,0,0.0,2,1,1,8,1,9.1,0
44,5.4,80.0,1,standard,0,0.0,3,1,1,4,2,15.2,0
58,2.6,169.34,1,basic,0,0.0,1,0,1,8,1,-4.7,0
43,2.6,163.0,1,standard,1,2429.91,1,1,1,4,2,12.4,0
36,10.8,154.48,2,basic,2,2321.74,3,1,1,6,0,5.1,0
43,11.3,173.15,4,standard,3,591.47,2,1,1,5,1,2.0,0
48,12.0,201.48,2,basic,0,0.0,2,0,0,10,1,-4.2,0
42,1.9,170.71,1,basic,0,0.0,0,0,0,4,1,9.9,0
42,5.9,109.33,1,standard,2,1841.83,3,0,1,6,1,-2.4,0
33,1.6,220.19,3,standard,0,0.0,1,1,1,3,0,9.1,0
34,1.1,83.12,3,premium,0,0.0,2,1,1,9,0,20.4,1
25,1.0,80.0,2,premium,1,3945.68,0,1,1,7,0,12.8,0
62,2.1,243.64,2,standard,1,812.86,2,0,1,7,0,16.1,0
27,2.8,222.03,1,basic,0,0.0,1,0,0,9,1,-0.8,1
33,8.9,177.16,3,premium,0,0.0,3,0,1,7,1,11.1,1
33,0.6,103.73,3,premium,0,0.0,2,1,0,7,0,-4.2,0
52,6.6,136.57,1,premium,0,0.0,2,0,0,7,0,3.1,0
38,3.8,163.19,2,basic,0,0.0,1,1,1,8,1,18.9,0
56,1.7,95.74,1,premium,0,0.0,3,1,1,6,0,0.1,1
33,3.4,134.88,1,basic,0,0.0,1,1,1,6,0,13.9,1
45,1.8,235.32,1,standard,0,0.0,2,1,1,8,0,13.1,1
31,4.5,320.83,1,premium,1,2120.61,2,0,1,7,0,13.6,1
67,2.8,153.27,1,basic,2,588.51,2,1,0,6,0,-5.0,1
27,0.9,245.33,1,premium,1,500.0,1,0,0,4,0,9.2,1
45,0.6,84.3,2,basic,3,735.08,1,1,0,9,1,3.7,0
49,4.0,235.99,2,premium,0,0.0,1,1,1,5,0,13.7,1
46,11.6,131.42,1,basic,0,0.0,3,1,1,8,0,-5.0,1
39,2.1,204.99,1,premium,1,1631.21,1,1,1,7,1,7.9,0
40,6.6,164.17,2,basic,0,0.0,2,1,1,4,1,6.8,0
42,5.4,307.4,1,standard,1,911.53,1,1,1,9,1,-5.0,0
40,13.4,127.77,1,standard,0,0.0,2,1,0,7,0,-2.1,1
53,8.6,233.0,3,standard,2,1237.28,3,0,1,9,0,-5.0,0
68,4.2,162.1,2,basic,1,7100.74,1,0,0,6,2,-0.8,0
35,5.4,170.15,3,standard,3,672.33,3,0,0,8,1,9.4,1
25,11.4,168.42,2,basic,0,0.0,1,1,1,3,0,6.6,0
40,2.6,129.25,1,standard,0,0.0,2,1,0,6,0,6.4,1
72,2.0,180.25,2,basic,1,3359.9,0,1,1,4,0,-3.3,1
32,0.5,176.79,1,premium,1,735.52,3,0,1,6,2,14.0,0
61,8.8,199.64,1,basic,0,0.0,2,1,0,7,0,4.8,0
62,8.1,187.5,1,basic,0,0.0,3,1,1,5,1,5.3,1
35,0.6,249.43,3,basic,2,2039.42,0,1,0,8,0,12.5,0
48,4.3,262.28,1,standard,0,0.0,0,1,0,5,0,-2.9,0
61,3.1,119.07,4,basic,1,2803.88,0,0,0,8,2,6.8,0
37,0.6,256.6,3,standard,1,1226.76,2,1,0,9,0,8.4,0
39,19.7,112.78,2,premium,1,1161.92,3,1,1,8,0,0.6,1
35,1.2,229.33,2,standard,3,635.92,1,0,1,6,2,10.2,0
29,0.5,232.27,2,standard,0,0.0,0,1,1,3,1,8.8,1
34,4.5,84.39,3,basic,1,587.83,0,1,1,8,2,4.2,0
27,6.7,188.14,1,standard,1,3744.31,1,1,1,6,1,3.9,0
42,0.5,150.3,3,basic,0,0.0,1,0,0,5,1,9.2,0
32,5.4,133.82,2,standard,0,0.0,1,0,1,5,1,11.3,0
44,3.8,311.17,4,basic,1,628.0,0,0,0,9,1,5.5,1
23,0.5,139.56,2,standard,1,1603.64,5,0,0,4,0,14.0,0
45,0.9,131.3,2,standard,0,0.0,2,1,1,7,1,10.3,0
52,4.2,186.84,3,premium,1,1963.03,1,1,1,7,0,-5.0,0
18,1.8,238.47,3,basic,1,2759.52,2,1,1,6,2,-5.0,0
46,13.9,171.29,2,standard,1,1198.86,1,0,1,8,0,14.5,0
56,8.5,289.04,1,basic,0,0.0,1,1,1,9,2,3.0,0
27,20.5,224.17,2,standard,1,3114.87,2,0,1,6,1,6.3,0
62,1.5,80.0,4,premium,0,0.0,0,0,0,6,2,14.1,0
47,17.5,146.67,3,standard,1,994.93,1,0,1,8,0,4.9,0
33,2.8,144.79,3,standard,0,0.0,0,1,0,8,1,5.3,0
41,2.1,219.59,1,premium,2,3713.67,0,1,0,6,0,-1.9,0
48,0.5,80.0,2,standard,0,0.0,2,1,1,6,0,8.0,0
42,0.5,502.5,2,standard,0,0.0,1,1,1,3,0,9.7,1
48,5.9,224.17,3,standard,1,613.68,2,0,0,5,1,0.4,0
30,3.1,192.4,1,standard,0,0.0,3,1,0,4,0,-2.4,0
44,1.3,290.8,3,basic,1,4720.51,2,0,1,8,1,26.0,0
25,4.8,462.88,2,premium,0,0.0,2,0,1,6,1,4.3,0
40,1.5,256.8,1,standard,1,500.0,0,1,1,6,2,-0.5,0
31,4.3,264.95,1,basic,0,0.0,3,1,1,6,0,10.7,1
33,2.2,191.0,1,standard,2,1336.86,0,1,1,5,0,4.6,1
56,8.7,171.3,2,standard,2,807.9,1,1,1,9,0,-3.7,0
55,8.6,149.86,1,basic,1,7702.97,1,1,0,9,0,8.9,0
49,3.2,130.26,1,standard,2,695.67,0,1,1,9,0,-1.8,0
28,2.2,137.72,3,premium,0,0.0,1,1,1,8,1,17.6,1
38,2.3,105.61,1,premium,0,0.0,2,0,1,6,0,9.0,1
56,8.2,175.85,1,premium,0,0.0,0,1,0,9,0,2.8,0
43,2.0,92.4,2,premium,0,0.0,1,1,1,5,0,5.9,0
69,1.2,195.66,2,basic,0,0.0,4,1,0,5,1,12.2,0
46,0.5,178.66,3,standard,1,3457.94,3,0,1,5,2,6.5,1
44,3.1,192.25,1,premium,2,3839.17,2,0,1,7,1,22.0,0
38,3.3,147.11,3,standard,1,2176.29,2,1,1,5,0,14.1,0
43,9.2,600.0,2,standard,0,0.0,4,0,0,6,1,8.9,0
40,1.3,312.33,1,standard,1,2060.84,2,0,1,4,0,-2.5,0
50,2.4,110.19,1,standard,3,1032.44,2,0,0,7,0,3.8,0
53,8.3,198.97,1,premium,1,1105.59,1,1,0,4,0,8.8,0
32,8.7,142.14,1,standard,0,0.0,2,0,0,5,1,-1.6,0
26,2.4,120.81,2,standard,1,3255.8,1,1,1,9,0,15.3,0
19,3.1,106.06,2,premium,0,0.0,3,0,0,9,0,-2.8,0
48,1.8,215.48,1,standard,0,0.0,4,1,1,7,1,-0.1,0
28,13.5,138.03,1,basic,1,1721.81,2,0,1,7,0,0.5,0
18,0.6,266.97,1,standard,1,2096.36,2,0,1,6,1,11.0,1
46,13.6,269.75,2,premium,0,0.0,0,1,0,5,1,-1.4,0
71,5.8,314.05,1,standard,0,0.0,0,0,1,6,1,-5.0,0
41,3.8,128.9,2,standard,0,0.0,0,1,1,4,0,13.7,0
52,0.5,219.24,1,standard,1,3524.42,3,1,1,7,0,1.4,0
42,3.2,233.45,2,basic,0,0.0,2,1,1,7,0,-3.5,0
40,2.6,149.95,3,premium,1,4891.64,2,0,1,5,0,-1.0,0
53,0.9,133.13,1,premium,0,0.0,0,1,1,9,0,18.7,0
38,5.3,345.09,2,basic,0,0.0,4,1,1,8,0,-0.3,0
45,17.7,198.54,4,basic,2,1866.74,3,0,1,8,1,4.0,0
45,4.1,233.78,1,premium,1,1411.52,1,0,0,6,4,1.4,1
33,6.3,130.47,2,premium,0,0.0,2,0,1,6,1,-4.9,0
53,0.5,111.31,1,premium,2,2881.84,2,1,1,8,0,-0.9,0
39,2.7,144.35,2,premium,1,500.0,3,1,1,7,1,-5.0,0
32,0.6,172.5,1,standard,0,0.0,0,1,0,9,0,12.6,1
48,4.7,118.43,4,standard,0,0.0,0,0,1,6,1,5.8,0
31,13.9,180.56,2,standard,0,0.0,1,1,1,6,1,24.9,0
42,5.4,92.26,3,basic,1,3025.45,5,1,1,8,1,-0.7,0
41,0.5,115.81,2,standard,0,0.0,2,0,0,4,1,-1.9,0
55,2.2,237.07,2,standard,4,1696.87,0,1,0,8,1,17.3,1
47,4.0,230.79,1,standard,3,1778.52,2,1,1,4,0,13.5,1
41,2.6,154.97,3,standard,0,0.0,3,1,1,8,0,8.1,0
51,9.0,120.65,4,standard,1,726.07,0,1,1,5,0,-3.9,0
58,8.4,120.19,2,basic,0,0.0,2,1,1,7,1,19.0,0
48,4.7,156.13,4,basic,0,0.0,2,1,0,8,0,4.4,0
42,2.3,234.58,2,basic,1,1996.45,2,0,1,7,0,1.6,0
26,1.5,262.78,2,basic,1,1097.94,0,1,0,4,1,14.1,0
29,0.6,148.62,2,premium,1,1209.86,8,1,1,5,0,4.8,1
38,2.2,114.27,1,basic,2,5929.84,2,0,0,5,2,-4.3,1
34,2.7,201.77,1,basic,0,0.0,1,0,1,3,1,5.3,1
39,5.6,130.4,1,standard,3,1591.42,1,0,1,9,3,-1.3,0
42,5.4,147.33,2,standard,1,1252.78,0,0,0,7,1,-5.0,0
48,0.5,308.0,1,basic,2,1317.3,0,0,1,4,1,-2.1,0
41,2.5,252.36,1,standard,2,16604.54,0,1,0,9,0,0.8,1
47,1.0,193.1,4,standard,0,0.0,1,0,0,5,0,-4.2,0
42,0.9,108.99,1,basic,0,0.0,1,1,1,7,0,9.6,0
18,8.8,197.27,2,basic,1,12605.63,3,1,0,5,1,-1.2,0
30,0.5,277.29,1,premium,0,0.0,0,1,1,3,1,8.8,0
40,2.7,155.98,1,premium,1,1877.23,2,1,1,4,2,-4.9,0
27,0.9,311.2,3,standard,1,707.53,1,1,0,6,1,12.3,1
49,10.6,304.02,2,basic,0,0.0,0,1,0,8,0,-5.0,0
60,4.1,352.66,3,standard,2,3827.15,2,1,1,7,0,-5.0,0
56,1.3,204.81,1,standard,1,531.79,4,0,0,7,1,14.9,0
39,3.5,229.28,2,basic,0,0.0,2,0,0,3,0,-1.8,1
59,6.6,319.15,1,standard,0,0.0,2,1,1,9,1,19.1,1
43,15.9,216.8,1,standard,0,0.0,1,0,0,7,0,9.5,0
37,1.2,148.34,1,basic,1,676.22,1,1,0,6,1,11.3,1
34,10.9,151.5,1,standard,0,0.0,1,0,0,9,1,13.4,0
38,13.6,199.42,1,premium,1,2876.29,1,1,1,9,1,5.9,0
37,12.4,108.18,1,basic,0,0.0,2,1,0,9,1,6.0,0
44,5.0,171.18,4,premium,1,5427.86,2,1,1,6,2,15.3,0
43,5.0,281.07,1,basic,2,4119.77,2,1,0,5,0,5.9,0
42,2.6,80.0,1,premium,1,1635.62,4,1,0,8,1,-0.8,0
47,7.0,334.89,1,basic,2,1477.22,1,1,1,4,1,9.7,1
56,3.8,283.99,2,basic,1,2455.76,3,1,1,10,0,-5.0,0
53,5.7,150.82,1,standard,0,0.0,4,1,0,7,0,15.6,1
24,2.8,225.28,3,standard,1,577.93,2,1,0,5,1,15.7,0
18,6.6,181.5,4,premium,0,0.0,1,0,1,4,0,14.6,0
53,8.7,296.48,1,standard,0,0.0,2,1,1,4,0,14.3,1
25,0.8,268.56,2,basic,1,5176.02,1,1,0,7,2,4.3,1
39,8.9,103.54,1,standard,1,3897.66,2,0,1,6,1,4.1,0
27,3.9,229.27,2,standard,0,0.0,3,0,1,4,0,-4.8,1
20,9.3,166.96,1,basic,1,5801.65,0,1,0,6,0,19.0,1
48,2.8,187.38,1,standard,1,2538.08,2,0,1,4,0,1.1,0
51,2.4,135.47,1,standard,0,0.0,4,1,1,8,2,7.7,0
35,12.3,364.77,2,premium,0,0.0,1,1,1,6,0,7.0,1
18,1.4,274.79,1,premium,2,3217.01,2,1,0,6,0,-5.0,1
35,9.3,134.84,1,basic,0,0.0,1,0,1,4,0,-5.0,1
46,3.3,106.29,2,standard,1,699.18,6,1,0,6,1,5.0,0
24,3.6,155.36,2,standard,3,908.49,0,0,0,6,0,1.4,0
44,1.8,215.68,3,standard,1,940.18,1,1,1,7,1,4.3,0
41,4.3,199.55,1,standard,1,2091.05,2,0,0,7,1,13.5,0
48,2.0,299.24,3,premium,0,0.0,2,1,1,8,1,6.8,0
43,0.5,248.63,2,standard,0,0.0,4,1,0,6,0,11.1,1
30,1.6,267.15,1,premium,0,0.0,0,1,1,3,1,8.6,1
56,0.5,206.59,2,premium,0,0.0,2,0,0,8,1,2.5,1
40,19.2,103.99,1,premium,2,9838.08,1,1,1,5,2,-3.0,1
41,16.9,167.62,4,premium,1,504.05,2,0,1,5,1,7.1,0
30,2.5,277.01,1,standard,1,3269.0,0,0,0,6,0,5.7,0
36,6.5,177.57,2,basic,1,3656.64,0,1,1,7,1,12.3,1
31,2.1,221.68,1,standard,0,0.0,1,0,0,6,1,3.8,0
39,5.6,159.57,4,basic,0,0.0,3,0,1,6,1,2.6,1
62,8.2,120.07,1,standard,1,776.6,3,1,1,6,1,3.2,1
25,14.7,172.55,4,standard,0,0.0,0,1,0,9,0,-2.3,0
22,2.6,205.12,4,standard,2,4182.75,2,1,1,6,3,16.6,0
59,7.6,139.45,1,premium,1,4137.34,2,1,0,5,1,14.1,0
39,1.5,164.96,3,premium,0,0.0,1,1,1,5,1,-4.7,0
33,23.2,124.49,4,basic,1,529.08,2,1,1,6,0,11.4,0
54,0.5,283.64,1,standard,1,516.58,3,0,0,7,1,-5.0,1
34,4.6,161.13,1,standard,2,1056.74,2,1,1,7,1,12.9,1
63,5.4,324.12,2,standard,0,0.0,1,0,1,7,2,-0.6,0
50,5.8,334.12,1,standard,1,1131.2,1,1,0,5,0,7.9,1
36,0.6,175.49,1,standard,0,0.0,0,1,1,6,1,-5.0,0
67,13.9,121.1,1,standard,1,4412.52,4,0,1,8,1,-4.6,1
34,1.0,80.0,1,premium,0,0.0,1,0,0,4,2,8.7,1
50,4.9,100.6,1,premium,1,941.76,1,1,0,6,1,-0.6,0
45,1.3,104.63,1,basic,1,3464.55,2,1,1,8,2,-1.7,0
57,1.8,314.63,3,standard,0,0.0,1,1,1,8,0,16.2,0
60,4.0,189.87,2,standard,1,1970.14,1,1,0,6,1,22.7,0
42,2.7,211.84,1,basic,0,0.0,3,1,1,6,0,12.5,0
32,0.9,80.0,2,basic,0,0.0,2,0,1,4,0,-3.7,0
47,0.9,112.26,2,standard,0,0.0,5,1,0,7,0,19.1,0
33,2.7,258.48,4,standard,1,3232.52,1,1,1,9,0,-5.0,0
66,7.1,203.31,1,basic,1,1761.25,2,1,0,10,0,2.6,0
43,11.4,170.91,1,standard,0,0.0,0,1,0,7,0,5.4,0
37,0.5,227.22,4,standard,2,2764.86,5,1,0,6,1,20.4,0
44,2.5,348.74,4,basic,1,980.23,0,1,0,5,0,12.3,0
25,0.5,165.93,2,basic,2,1015.51,1,1,1,3,2,1.3,0
30,0.5,186.37,3,premium,0,0.0,1,0,1,7,2,-2.6,1
56,5.4,195.79,1,basic,0,0.0,0,1,0,10,0,13.0,0
34,4.6,471.94,2,premium,0,0.0,3,0,1,9,0,0.7,0
29,0.9,80.0,1,standard,1,4593.94,3,1,0,9,1,6.7,0
48,1.3,238.24,1,basic,0,0.0,1,1,1,7,2,-5.0,0
56,0.5,173.14,3,basic,1,954.53,1,0,0,7,0,9.6,0
50,9.0,227.4,1,basic,0,0.0,0,0,1,2,0,8.9,1
53,18.4,139.36,2,basic,0,0.0,5,1,1,8,0,-4.9,1
32,0.7,177.76,4,basic,0,0.0,0,0,1,5,0,13.3,0
24,1.3,240.94,1,standard,0,0.0,1,0,0,5,2,9.4,0
60,10.1,600.0,4,basic,2,724.04,2,0,1,6,1,10.9,0
38,13.0,250.44,4,standard,0,0.0,2,1,0,6,0,2.0,0
38,2.7,129.12,2,standard,1,1942.57,3,0,1,5,1,6.4,0
57,0.5,153.01,1,basic,0,0.0,0,0,1,7,2,5.5,0
48,0.5,151.2,1,basic,1,1818.08,1,0,0,5,0,3.8,0
47,4.3,88.39,1,basic,0,0.0,3,0,1,7,0,6.4,0
67,2.5,158.85,1,basic,1,727.57,0,0,1,4,0,15.1,0
34,0.5,243.02,1,standard,0,0.0,2,1,1,6,1,13.6,0
53,4.4,108.89,4,basic,0,0.0,1,1,0,5,1,-4.5,0
42,0.5,275.72,1,standard,0,0.0,0,1,0,5,2,12.9,0
45,7.7,220.33,2,standard,1,963.85,2,1,1,7,2,14.5,0
60,1.8,135.14,1,standard,0,0.0,5,1,1,4,2,3.8,1
48,0.5,171.3,2,standard,2,1041.93,1,1,1,5,1,9.1,0
48,4.4,343.55,4,standard,0,0.0,3,1,0,8,0,9.0,1
54,2.5,243.09,1,basic,1,3087.08,2,0,1,4,0,-1.8,0
37,18.2,181.91,1,basic,0,0.0,2,0,0,10,0,1.9,0
31,3.9,164.83,2,standard,0,0.0,2,1,1,9,0,11.0,1
29,1.6,186.91,2,basic,0,0.0,3,0,0,6,0,1.0,0
18,6.2,147.72,2,standard,0,0.0,0,1,1,5,1,12.8,0
66,1.6,80.0,1,standard,1,4827.4,0,0,0,7,0,15.4,1
28,11.7,410.29,1,standard,2,500.0,1,0,1,4,0,14.1,0
39,2.3,192.89,4,standard,0,0.0,3,1,1,3,0,20.8,1
38,4.0,212.57,4,standard,1,1104.79,0,1,0,6,0,4.3,1
45,0.5,177.12,2,standard,2,9278.54,1,1,0,6,0,6.4,0
51,2.8,135.09,3,standard,0,0.0,0,0,1,7,0,7.6,0
52,8.9,168.28,2,standard,0,0.0,4,0,0,5,0,4.5,0
35,8.2,95.61,1,standard,1,1768.14,1,1,1,9,0,9.3,0
39,1.3,450.71,1,premium,2,722.59,1,1,1,4,1,-5.0,0
45,1.3,110.63,1,standard,1,16981.15,0,1,1,4,1,6.6,0
39,8.5,119.97,2,standard,1,2112.69,3,1,1,7,0,-5.0,0
61,13.3,152.0,1,standard,1,2442.95,3,0,0,4,0,-2.7,1
47,0.5,303.45,1,standard,1,2772.78,2,1,1,4,1,10.9,1
50,3.0,182.33,3,basic,2,2605.98,1,0,1,7,1,3.4,0
49,2.1,110.56,2,premium,1,10113.83,3,0,1,5,0,10.6,0
56,10.2,299.39,2,basic,0,0.0,2,0,1,6,1,3.2,0
44,0.5,242.84,4,standard,0,0.0,3,1,0,5,0,13.9,1
26,1.2,224.84,1,standard,1,9090.45,2,1,0,5,0,3.1,0
46,7.0,241.36,2,premium,1,1032.66,0,1,1,3,0,-5.0,0
34,0.5,472.36,3,basic,0,0.0,2,0,1,7,0,6.8,0
35,3.4,434.43,2,standard,0,0.0,2,0,0,4,1,-5.0,0
49,2.9,137.73,1,standard,0,0.0,2,1,1,6,1,-5.0,0
56,2.0,347.08,1,basic,1,1413.91,3,0,1,6,1,-2.1,0
42,2.5,211.3,3,basic,1,720.83,1,1,1,6,1,-3.1,0
45,3.8,221.33,2,standard,1,4678.82,1,1,1,6,0,0.6,0
62,0.9,92.12,3,standard,0,0.0,1,1,0,7,0,-3.3,0
44,4.2,169.33,2,basic,0,0.0,2,1,0,5,0,-5.0,0
73,8.2,130.96,2,standard,2,534.66,2,1,0,9,0,17.3,1
48,7.1,252.45,3,standard,0,0.0,1,1,1,3,0,-0.4,0
20,0.8,278.23,2,standard,0,0.0,0,0,1,6,1,-5.0,1
51,0.8,80.0,1,premium,0,0.0,2,0,0,8,0,2.1,0
46,1.6,179.68,2,standard,2,2980.85,0,1,0,7,0,-4.0,0
57,2.2,283.93,3,premium,1,2210.7,0,0,0,5,1,-2.1,0
50,2.6,168.23,1,premium,0,0.0,2,1,1,5,0,10.7,1
40,5.7,242.65,1,basic,3,1788.39,0,1,0,5,0,1.4,0
27,0.5,208.61,1,basic,1,1049.84,0,0,1,8,0,-4.2,0
39,0.5,207.82,4,standard,2,769.35,1,0,1,5,1,8.6,0
31,2.5,162.63,1,standard,1,1352.72,1,0,0,7,1,14.2,1
35,6.0,111.43,2,standard,0,0.0,3,0,0,7,1,9.3,0
49,1.1,115.74,1,standard,1,591.52,0,0,0,10,0,-5.0,0
62,5.1,240.75,1,standard,1,5284.5,3,1,0,7,0,-3.9,1
46,1.5,182.69,2,standard,1,2027.81,1,0,1,5,0,5.4,0
27,10.9,171.5,1,basic,0,0.0,2,1,1,4,0,3.0,0
47,11.3,153.0,2,premium,0,0.0,0,0,0,6,0,2.4,0
56,1.8,160.44,3,basic,3,3799.69,1,1,1,6,0,-2.9,1
34,1.3,275.55,3,premium,1,1840.74,1,1,1,3,0,-5.0,0
40,2.6,158.52,1,basic,1,1885.36,1,0,1,5,2,21.1,1
42,1.4,106.01,3,premium,2,3697.0,6,1,1,7,3,5.2,1
32,5.6,244.07,2,basic,0,0.0,2,0,0,6,1,10.1,0
49,8.7,167.01,3,basic,1,695.36,1,1,1,8,1,5.1,0
40,5.6,183.56,2,basic,0,0.0,2,0,1,4,1,5.4,0
47,8.7,344.82,2,standard,0,0.0,4,1,0,8,1,4.5,0
31,2.5,179.79,4,premium,1,8405.97,1,1,1,8,0,-4.0,0
36,0.8,203.5,3,standard,0,0.0,1,1,0,8,0,-5.0,1
50,6.7,113.12,1,premium,0,0.0,2,0,1,4,3,8.1,1
37,2.2,166.02,1,standard,1,2730.84,1,0,0,7,0,6.5,0
62,5.6,231.32,1,standard,0,0.0,1,1,1,5,0,12.5,0
37,1.6,97.31,1,premium,0,0.0,1,0,1,4,0,10.9,0
44,0.5,196.44,1,basic,4,1488.78,0,0,1,6,0,-1.5,0
53,24.5,188.73,1,standard,0,0.0,1,0,1,5,0,14.1,0
24,0.8,184.29,3,premium,0,0.0,1,1,0,8,0,11.1,0
20,22.3,274.48,1,premium,0,0.0,0,1,1,7,1,10.5,1
23,18.9,207.22,2,premium,3,2815.58,3,1,0,4,1,23.0,1
57,7.9,327.42,1,premium,2,4372.03,2,1,1,5,0,21.4,1
35,5.4,121.82,1,basic,1,8574.38,4,1,0,6,0,10.5,0
72,4.3,191.4,1,premium,0,0.0,0,1,0,6,0,9.5,0
35,10.1,187.5,1,standard,1,5831.3,0,1,1,8,1,13.7,1
44,1.7,118.19,3,premium,0,0.0,2,0,1,8,2,0.3,0
60,3.2,265.74,3,standard,0,0.0,1,0,0,7,0,0.4,1
66,4.8,459.38,1,standard,3,5488.83,2,0,1,6,2,10.4,0
66,2.6,180.04,2,standard,0,0.0,0,1,1,3,1,-1.9,0
56,2.8,221.85,2,basic,0,0.0,2,1,0,9,0,9.7,1
54,2.0,187.51,3,basic,0,0.0,0,1,0,6,0,6.3,0
49,4.2,136.26,3,premium,0,0.0,2,1,0,9,0,-1.8,0
51,9.5,87.5,2,premium,0,0.0,2,1,0,7,0,5.2,1
35,1.1,136.69,2,basic,1,2340.33,1,1,1,10,0,15.4,1
32,13.6,103.88,3,standard,1,516.23,0,1,0,8,1,5.7,0
41,5.8,358.4,1,standard,1,2040.93,0,0,1,4,0,5.7,0
39,8.7,173.12,1,standard,1,1948.67,2,0,1,5,0,7.6,0
36,4.1,157.85,4,basic,2,1133.48,2,1,0,6,1,8.7,0
50,7.6,258.7,2,premium,0,0.0,4,1,1,5,2,2.4,0
53,0.5,115.73,2,standard,2,1182.91,1,0,1,6,0,7.8,0
43,8.5,133.39,2,standard,2,1380.6,2,1,0,4,1,-3.4,0
59,0.5,186.28,1,standard,3,1627.23,2,1,1,7,0,-1.4,1
28,11.0,273.56,2,basic,2,1967.16,0,1,1,7,0,-0.4,0
39,24.1,221.56,2,standard,1,2887.66,2,1,1,5,1,8.8,0
33,1.7,200.2,1,basic,0,0.0,0,1,1,10,1,6.3,1
19,1.2,187.03,2,basic,0,0.0,1,0,0,7,0,3.9,0
41,7.2,212.75,3,standard,0,0.0,0,1,1,5,1,10.5,1
40,1.5,196.5,1,premium,0,0.0,3,1,1,4,0,8.0,1
60,10.0,120.06,2,standard,1,1417.17,2,1,1,7,0,2.7,0
49,0.5,184.64,1,basic,2,16235.69,4,0,0,6,0,-3.3,0
29,0.7,117.98,2,standard,0,0.0,2,1,0,8,0,-1.6,0
64,19.4,187.25,1,premium,2,6689.13,1,1,1,6,1,-5.0,0
56,5.6,149.57,2,standard,3,1037.79,0,1,1,4,2,6.1,0
48,9.4,500.57,3,premium,2,1264.31,0,1,0,10,2,-1.9,0
39,2.0,178.4,1,standard,2,1477.77,1,1,1,7,0,1.0,0
30,5.6,103.37,4,standard,0,0.0,1,1,1,6,1,4.0,0
37,4.5,171.8,4,basic,0,0.0,1,0,1,7,1,13.4,1
55,4.6,223.13,1,basic,0,0.0,4,0,1,7,0,12.4,0
64,5.7,354.02,1,standard,0,0.0,0,1,0,4,1,4.6,1
60,4.3,143.2,4,standard,0,0.0,2,1,0,7,3,15.1,0
36,2.8,96.26,4,premium,1,1518.54,2,1,0,6,0,-5.0,0
28,1.6,251.32,1,premium,0,0.0,0,0,0,7,0,20.0,0
43,7.3,104.35,1,basic,0,0.0,1,1,0,5,1,10.5,1
20,1.3,152.25,1,basic,1,4230.71,1,0,0,5,0,5.8,0
45,5.9,163.52,4,standard,0,0.0,0,0,1,9,0,-2.1,0
40,1.3,176.29,1,basic,1,1232.17,1,0,1,9,0,1.5,0
36,4.9,238.81,2,standard,0,0.0,2,0,0,1,1,9.9,0
22,6.9,137.9,3,premium,0,0.0,1,0,0,9,0,10.1,0
48,1.2,162.47,1,premium,0,0.0,2,1,1,6,2,10.3,0
35,0.5,180.24,2,standard,1,1342.5,3,1,1,5,1,-0.8,0
27,0.7,192.45,1,premium,1,1724.63,0,1,1,5,0,-2.4,0
18,4.7,188.51,3,standard,1,1455.86,3,1,1,5,3,6.6,0
41,9.5,215.81,1,basic,0,0.0,0,0,1,5,1,11.2,0
63,0.5,254.05,2,standard,1,2678.71,2,1,1,4,0,5.0,0
61,6.6,212.1,2,standard,0,0.0,0,0,0,4,2,16.9,0
36,2.1,217.33,1,standard,2,3054.75,2,1,0,5,1,5.3,0
34,3.3,96.27,1,basic,3,2472.99,2,0,0,7,0,5.0,1
47,13.2,184.95,1,standard,1,780.61,4,1,0,7,0,10.4,0
30,2.0,219.6,1,standard,1,2277.98,3,1,1,8,1,14.8,0
45,3.1,242.64,3,premium,0,0.0,2,1,1,6,0,-5.0,0
51,0.5,137.42,3,standard,0,0.0,0,0,1,4,1,-3.9,1
56,0.5,139.27,2,standard,0,0.0,2,1,0,7,1,2.5,0
40,1.5,144.08,2,standard,1,3036.5,3,1,1,5,0,30.0,0
39,0.5,224.65,2,basic,1,5585.47,1,1,0,8,2,2.9,1
31,5.0,274.12,3,standard,0,0.0,1,0,1,4,1,4.0,1
32,2.8,154.01,1,premium,2,678.0,2,1,0,5,0,9.9,1
39,4.0,260.65,1,standard,0,0.0,1,0,1,6,0,12.8,0
46,1.0,190.45,1,premium,1,1738.45,2,1,0,8,1,6.4,0
52,1.8,172.48,2,basic,2,3103.9,0,1,1,7,0,14.3,0
32,5.5,166.58,1,basic,0,0.0,0,0,1,7,1,-4.6,0
59,16.8,244.36,1,premium,0,0.0,1,1,0,10,0,-1.1,1
38,0.5,206.49,1,premium,0,0.0,0,0,0,3,0,14.3,1
41,11.1,450.49,2,premium,2,1380.22,1,1,1,5,1,5.1,0
33,4.3,128.91,1,standard,1,2834.87,0,0,0,5,1,-5.0,1
18,4.1,223.02,1,premium,1,946.1,1,0,0,3,0,-5.0,0
52,3.5,146.69,1,premium,1,798.03,2,0,0,5,1,-1.5,0
50,0.5,128.03,1,premium,2,5178.92,3,1,1,8,1,5.0,0
38,0.5,180.49,2,standard,0,0.0,1,1,1,5,0,8.7,1
42,4.6,191.51,1,standard,1,7768.38,3,0,1,6,0,2.4,0
48,2.1,582.47,1,premium,2,1706.94,0,0,0,3,0,8.1,1
23,12.5,168.4,2,standard,1,4205.3,3,1,0,5,0,1.5,0
35,2.6,115.35,1,standard,0,0.0,2,1,0,6,0,14.8,0
51,0.8,202.19,1,standard,0,0.0,0,1,1,8,0,25.4,1
26,6.3,80.0,3,standard,2,1133.38,1,0,1,3,0,1.9,0
45,1.7,174.73,1,standard,0,0.0,2,1,0,6,0,8.8,0
25,3.7,182.44,1,basic,2,4441.61,3,1,1,8,0,8.2,0
47,6.0,249.1,1,premium,0,0.0,2,1,0,6,0,6.1,0
41,11.5,267.59,2,standard,2,1505.01,1,1,1,3,0,10.2,0
22,7.9,148.2,2,standard,1,6394.71,1,1,1,9,1,8.8,0
55,5.6,170.67,2,basic,1,2711.27,1,0,0,8,1,1.2,0
33,5.7,133.43,2,basic,0,0.0,1,1,1,8,0,15.5,0
32,14.6,115.44,1,basic,2,2367.51,4,0,1,3,0,6.6,1
44,1.8,205.19,1,standard,1,7033.29,1,1,0,9,1,1.9,1
55,0.5,108.91,3,basic,1,1626.93,0,1,0,5,0,24.5,1
29,1.6,153.57,4,premium,1,1694.51,6,1,0,6,0,4.1,0
42,1.2,121.75,1,basic,1,500.0,1,0,0,5,2,7.0,0
47,5.4,225.85,2,basic,2,1607.38,0,0,1,8,0,6.4,0
50,5.0,372.62,1,basic,2,2233.87,2,1,1,6,1,4.0,1
44,4.5,107.7,1,basic,1,982.6,1,1,1,7,0,8.6,0
37,0.5,86.38,1,standard,0,0.0,5,0,1,7,1,-1.8,0
32,6.5,172.44,1,premium,0,0.0,2,0,1,6,0,9.8,0
43,2.0,182.41,2,standard,0,0.0,1,1,0,5,0,-5.0,1
29,5.5,197.84,2,basic,0,0.0,3,0,1,10,1,-5.0,0
18,4.1,151.63,1,basic,1,552.54,0,1,0,4,1,19.6,0
47,2.1,167.29,1,standard,0,0.0,1,1,1,7,2,-5.0,1
52,0.7,209.98,3,premium,0,0.0,2,1,1,7,0,-5.0,0
18,0.5,274.84,1,basic,2,12865.3,1,1,1,9,1,-4.9,1
29,8.9,82.93,2,standard,1,4149.26,4,0,0,9,0,18.9,1
49,12.5,156.4,1,standard,2,3880.28,2,1,1,6,1,-5.0,0
66,5.2,197.46,2,basic,2,2426.39,1,1,0,7,0,-2.6,0
42,0.5,125.56,1,standard,1,1809.28,2,0,0,10,1,-5.0,0
33,2.6,362.3,1,basic,0,0.0,2,1,1,6,0,2.8,1
39,6.5,140.59,1,standard,0,0.0,1,1,1,5,3,1.5,0
58,7.6,178.3,1,basic,0,0.0,1,0,0,6,1,1.2,0
34,0.6,226.42,1,standard,0,0.0,3,1,1,4,0,19.8,1
32,0.5,143.09,2,basic,1,18152.6,2,1,1,7,0,-4.6,0
36,6.2,86.61,1,premium,0,0.0,0,1,0,8,0,4.2,0
30,2.2,152.71,1,basic,3,1957.07,2,1,0,6,1,7.7,1
43,1.5,273.63,2,premium,4,1679.59,3,0,1,4,0,-2.8,0
61,0.5,158.42,2,premium,0,0.0,1,0,1,8,1,8.9,0
45,3.9,129.21,4,premium,1,4810.15,2,1,1,3,0,1.8,0
38,9.5,262.5,2,standard,0,0.0,1,1,1,4,0,8.0,0
38,15.8,158.81,2,standard,2,2103.47,1,0,1,6,1,4.1,0
23,4.2,147.81,2,standard,4,1480.71,1,1,1,7,0,-5.0,0
52,3.6,192.44,4,basic,1,2673.77,3,1,1,7,0,15.4,0
41,0.5,246.73,3,standard,1,1208.87,1,0,0,6,0,21.6,1
39,4.0,469.98,1,basic,2,677.96,4,0,0,10,0,3.6,1
80,2.4,252.37,1,premium,1,2586.7,1,1,0,7,1,-2.2,1
45,4.7,288.28,1,basic,0,0.0,4,1,1,8,0,17.0,0
32,2.5,148.06,2,standard,0,0.0,2,1,1,8,2,20.1,0
36,1.4,120.26,2,standard,0,0.0,1,1,1,4,0,3.6,1
55,0.5,185.85,2,standard,1,8370.87,1,0,0,6,1,3.3,1
43,1.9,189.21,1,standard,0,0.0,1,1,1,10,1,4.4,0
24,0.5,117.75,2,basic,1,3849.3,2,1,1,6,0,-5.0,0
53,1.0,169.0,3,standard,0,0.0,2,1,1,5,1,2.7,0
33,21.8,212.67,1,basic,0,0.0,2,0,1,7,0,18.7,1
64,2.9,209.38,2,premium,0,0.0,2,1,1,6,1,3.7,0
54,3.8,221.79,1,standard,0,0.0,2,1,1,5,0,-3.3,0
36,10.3,203.65,3,premium,0,0.0,1,0,1,6,1,9.0,0
57,25.0,148.0,3,basic,1,549.56,2,1,0,9,0,-0.3,0
42,4.4,147.59,2,basic,0,0.0,0,1,1,6,1,4.5,0
52,8.4,112.22,2,basic,1,964.2,1,1,0,4,1,-5.0,0
47,2.0,370.15,3,basic,2,4428.25,2,1,1,4,1,-3.3,0
31,1.8,182.25,2,basic,1,2125.8,2,1,1,10,0,10.9,1
34,2.6,165.68,1,standard,0,0.0,3,1,1,6,0,5.9,0
54,5.6,125.02,3,basic,1,3354.42,0,1,1,7,0,-1.2,0
37,5.7,586.55,1,standard,2,2441.13,2,1,1,5,0,6.0,0
37,1.9,118.0,1,premium,1,7149.25,0,1,1,7,0,0.1,1
30,0.7,152.7,3,standard,3,6298.27,4,1,0,9,2,-1.3,1
47,5.0,214.08,2,standard,1,682.8,2,1,1,5,1,14.3,0
66,0.7,230.46,1,standard,0,0.0,1,1,1,7,0,11.3,0
29,4.3,265.91,1,standard,1,3530.62,2,0,1,4,0,4.8,1
42,5.9,373.55,1,basic,1,850.58,0,1,1,10,0,6.2,0
58,6.0,221.95,1,standard,1,515.71,0,1,1,7,0,4.9,0
41,7.0,118.82,1,standard,0,0.0,3,0,0,6,2,8.9,0
47,10.3,163.57,2,premium,0,0.0,1,1,1,6,1,-1.4,1
29,3.5,205.03,1,standard,1,500.0,0,0,1,6,2,11.9,0
47,6.6,414.59,2,standard,1,741.66,1,0,0,6,1,7.8,0
39,4.8,103.64,1,standard,0,0.0,0,0,0,2,0,2.9,0
53,1.0,293.25,4,basic,0,0.0,0,0,0,6,1,1.1,0
56,0.5,194.8,1,standard,0,0.0,4,1,0,6,0,11.7,1
73,1.7,253.44,1,standard,2,2259.39,1,0,0,7,1,3.8,0
48,2.9,174.03,1,basic,1,1958.65,5,1,0,6,0,-0.6,0
45,4.8,129.42,2,basic,0,0.0,2,1,1,5,0,1.9,0
44,9.5,244.78,2,basic,0,0.0,2,0,0,6,0,11.2,0
37,1.1,235.51,1,standard,1,4926.14,1,1,0,4,0,-5.0,1
46,0.7,267.42,1,basic,0,0.0,1,0,0,7,0,2.2,0
38,16.5,180.31,1,standard,0,0.0,3,1,0,3,2,13.6,0
44,0.6,142.6,2,standard,1,3645.08,0,1,1,9,0,3.7,0
57,3.3,97.17,2,standard,0,0.0,1,1,1,8,2,7.2,0
29,4.4,251.58,1,premium,0,0.0,2,0,0,5,1,13.7,0
55,3.9,214.77,1,premium,0,0.0,0,1,1,8,1,12.1,1
57,0.5,123.18,1,standard,0,0.0,0,1,0,7,1,1.5,0
40,0.5,146.14,1,basic,1,2660.76,0,1,1,5,1,4.0,0
18,0.6,150.4,2,standard,1,2132.32,1,0,0,3,0,12.2,0
34,4.4,100.16,1,standard,1,1224.62,1,1,0,7,2,12.5,0
57,3.9,130.7,1,standard,0,0.0,0,0,1,5,0,4.3,0
41,1.3,115.18,1,standard,1,2262.89,1,1,1,8,2,4.6,1
30,5.1,153.7,4,basic,1,4759.18,2,1,1,7,1,7.1,0
35,8.6,134.9,3,standard,3,500.0,2,1,0,5,1,15.9,1
52,0.5,94.56,1,basic,1,1861.2,0,0,0,10,2,13.5,0
48,3.4,407.09,1,standard,2,1012.4,1,1,1,8,3,10.5,0
39,5.8,299.17,1,basic,1,1195.0,2,1,1,1,0,-3.6,0
37,1.5,132.74,2,standard,1,2829.34,3,0,0,6,1,2.8,0
37,1.8,202.14,1,basic,0,0.0,1,1,0,4,0,3.2,0
30,4.8,214.22,2,standard,1,2011.24,5,0,1,5,0,16.3,0
61,11.4,291.91,2,standard,1,1852.61,1,1,1,6,0,3.1,0
38,8.3,130.65,3,basic,0,0.0,1,1,0,7,3,15.0,0
56,4.4,280.58,1,standard,0,0.0,1,1,1,7,0,0.4,0
60,6.6,145.6,3,standard,1,983.15,0,1,0,8,0,1.1,1
53,2.3,106.24,3,standard,2,10488.0,2,0,1,8,0,8.9,0
36,5.1,242.17,1,standard,0,0.0,1,0,0,8,1,17.5,0
46,3.1,303.78,1,standard,1,1907.99,1,1,1,7,0,3.3,0
41,1.1,510.38,1,standard,0,0.0,0,0,0,9,0,-5.0,0
31,6.0,112.18,1,standard,0,0.0,2,1,1,6,0,-5.0,0
45,4.1,239.74,1,standard,2,3340.85,2,1,1,6,0,7.4,0
27,2.2,153.87,2,standard,0,0.0,0,0,1,3,0,-5.0,1
56,12.1,247.98,1,basic,3,802.62,1,0,0,8,0,-1.9,1
36,0.5,100.67,4,basic,3,1528.94,3,1,1,6,0,5.1,0
44,1.9,109.39,1,basic,1,1924.48,1,0,1,10,0,-5.0,1
45,0.5,132.91,4,basic,0,0.0,2,1,1,6,2,2.0,1
38,7.3,187.09,1,standard,1,2323.18,1,0,1,7,2,-4.3,0
49,6.1,140.27,3,standard,1,3244.34,0,0,1,7,0,-5.0,0
36,2.0,235.95,1,basic,1,5288.96,3,1,1,5,0,-1.4,1
52,5.6,273.35,1,premium,2,4064.52,1,1,0,7,0,-3.6,0
25,2.5,230.4,3,standard,1,2899.39,2,0,0,7,1,8.8,1
43,7.1,346.37,1,premium,0,0.0,8,0,0,6,1,14.6,1
65,3.0,214.08,2,standard,0,0.0,0,1,0,9,4,2.1,0
29,2.7,111.41,2,standard,0,0.0,3,1,1,5,1,0.2,0
33,13.6,312.73,2,basic,1,1473.46,3,0,0,7,1,1.7,1
48,1.4,142.3,2,basic,1,1851.57,2,1,1,9,0,-3.9,0
44,0.6,260.91,2,basic,1,1905.43,1,1,1,5,1,-5.0,0
46,4.4,340.19,1,standard,2,1273.78,0,1,1,6,0,-5.0,0
47,17.4,217.6,2,basic,0,0.0,1,1,1,10,0,-5.0,0
49,2.4,99.64,3,standard,1,740.09,0,0,1,7,1,18.1,0
55,0.5,125.55,1,basic,0,0.0,3,0,1,6,2,-0.5,0
46,2.1,307.69,1,premium,0,0.0,5,1,0,8,0,-5.0,0
39,3.5,169.41,2,basic,0,0.0,1,0,1,5,1,0.3,0
50,0.9,187.13,1,basic,1,4505.07,1,0,0,4,0,-5.0,0
64,5.4,245.56,1,basic,0,0.0,0,1,1,9,0,5.5,0
40,25.0,239.49,1,standard,0,0.0,0,1,1,5,0,4.6,0
30,3.0,202.66,2,basic,0,0.0,1,0,1,10,0,5.4,0
55,2.2,166.76,1,standard,1,4833.6,2,1,1,6,0,4.7,0
40,2.6,159.96,2,basic,0,0.0,1,1,1,10,0,2.0,0
18,0.6,255.48,3,standard,1,1912.01,2,1,0,4,0,-5.0,0
52,10.7,226.2,1,premium,1,4627.81,2,0,0,8,0,4.4,0
35,2.7,163.54,2,basic,1,979.73,2,1,1,7,2,13.2,0
40,2.4,279.46,4,premium,0,0.0,1,0,1,8,0,19.5,0
45,5.4,172.15,2,premium,0,0.0,1,1,0,8,1,3.1,0
44,2.9,128.94,3,basic,0,0.0,2,0,1,6,1,4.0,0
50,5.2,133.81,1,basic,2,1849.11,1,1,1,4,1,9.0,1
36,0.5,122.55,3,standard,0,0.0,1,1,1,6,0,16.9,0
48,8.4,162.56,1,standard,3,2905.88,3,1,0,7,2,1.1,1
38,14.1,296.93,1,standard,1,3321.47,1,1,0,6,1,10.5,1
50,5.2,131.36,1,standard,0,0.0,3,0,0,7,1,-1.6,0
49,15.5,195.47,1,standard,0,0.0,1,0,1,7,0,7.6,0
30,0.8,139.4,3,basic,1,2523.42,2,1,1,5,1,12.8,1
55,3.2,163.35,1,premium,1,1717.69,3,0,1,7,0,-5.0,0
35,4.6,99.09,2,standard,0,0.0,0,1,0,6,0,0.8,0
51,4.4,165.97,2,standard,1,2473.93,1,1,0,5,0,12.6,0
46,2.6,167.76,2,premium,0,0.0,2,1,1,8,1,9.9,0
64,2.1,225.0,1,standard,1,611.06,2,1,1,5,1,13.3,1
39,0.7,198.21,2,basic,3,1492.09,1,0,1,6,0,11.8,1
37,2.5,112.24,1,standard,0,0.0,3,1,1,7,0,2.3,0
41,0.9,279.69,1,standard,1,2761.75,1,1,1,9,1,22.6,1
38,6.6,197.18,4,basic,0,0.0,4,1,1,7,0,6.1,0
51,1.2,196.24,1,premium,0,0.0,2,1,0,7,0,-5.0,0
22,0.5,180.61,1,basic,0,0.0,4,1,1,6,1,2.7,0
29,4.0,147.36,3,standard,1,2861.18,1,1,1,6,1,1.2,1
29,4.5,197.77,1,standard,1,1563.33,1,1,1,6,0,11.4,1
53,10.3,219.25,2,basic,1,1290.56,2,0,1,7,0,1.4,0
62,4.3,90.13,1,premium,0,0.0,1,1,1,6,0,13.8,1
40,2.1,146.13,1,premium,1,1568.43,2,1,0,9,0,9.5,0
39,8.1,163.7,1,standard,0,0.0,3,1,1,6,1,-3.0,0
42,3.9,200.83,1,basic,1,5423.16,4,0,0,3,0,3.9,0
55,0.5,292.17,1,basic,0,0.0,1,1,1,10,0,-1.2,0
30,4.2,133.13,2,standard,0,0.0,1,0,1,6,0,6.5,0
44,11.9,148.53,2,basic,0,0.0,0,0,1,9,0,-1.3,0
53,2.5,147.67,4,standard,2,2602.34,0,0,0,9,1,5.6,0
48,1.8,131.55,1,premium,1,2070.81,1,1,1,8,1,2.8,0
44,0.8,157.77,2,standard,3,500.0,1,1,1,6,0,3.8,0
54,0.8,246.74,2,premium,1,1030.7,2,1,1,7,0,21.4,0
18,2.8,118.92,4,standard,1,2291.66,0,0,0,4,0,2.1,0
50,4.5,215.1,1,standard,0,0.0,1,0,1,10,0,-5.0,0
34,0.5,91.77,2,premium,1,2722.57,2,0,1,5,0,13.1,0
20,14.0,144.82,3,standard,1,4093.67,1,0,1,6,0,13.1,0
48,7.0,158.89,1,premium,0,0.0,2,1,1,7,1,-5.0,0
58,4.4,354.23,3,basic,0,0.0,2,1,1,6,1,-0.6,0
40,8.8,162.4,1,basic,0,0.0,1,1,1,5,1,8.5,1
53,0.5,80.0,2,premium,0,0.0,4,1,0,9,0,9.2,0
61,3.2,81.49,4,standard,1,1566.68,1,0,1,8,1,5.0,0
57,5.0,183.76,2,premium,1,1675.18,3,0,0,7,1,5.1,0
61,8.8,231.72,1,premium,1,2718.68,3,1,0,6,0,-2.5,0
50,7.7,210.65,1,basic,1,4864.78,0,0,1,8,4,-5.0,0
42,1.6,193.84,4,standard,0,0.0,5,0,0,6,0,21.4,1
22,14.1,288.56,2,standard,0,0.0,3,1,0,9,1,-2.7,0
39,0.7,146.08,1,standard,0,0.0,1,1,0,7,0,6.4,0
31,10.4,259.29,2,standard,0,0.0,1,0,0,9,0,3.7,0
68,17.7,94.37,2,basic,1,2847.15,2,1,0,6,1,12.2,0
39,1.0,126.22,1,standard,4,1351.01,3,1,1,7,1,5.9,0
43,6.4,87.99,1,standard,1,7389.76,1,1,0,9,0,6.2,0
48,0.5,162.4,1,basic,3,1984.18,1,0,1,10,2,-5.0,1
42,2.6,177.95,2,premium,1,1666.01,0,1,0,9,0,-1.7,0
62,3.6,189.74,2,standard,0,0.0,0,0,1,8,0,11.0,0
34,4.3,185.82,2,premium,1,609.18,1,0,0,8,1,10.2,1
44,13.7,125.08,3,basic,1,1681.99,0,0,1,6,0,-2.6,0
33,5.6,167.99,3,basic,1,2408.38,0,1,0,7,1,-5.0,0
26,3.3,99.59,2,standard,3,1645.08,1,0,0,5,0,6.0,0
34,8.3,312.71,1,basic,1,2175.23,0,1,0,7,3,-5.0,0
41,15.0,160.54,2,premium,0,0.0,2,1,0,7,2,-4.2,0
36,0.5,149.07,1,basic,0,0.0,3,0,1,3,1,19.1,1
33,20.2,342.26,2,standard,1,1660.76,2,1,0,7,1,16.6,0
25,0.5,110.29,2,standard,2,2157.03,1,0,0,7,1,8.9,0
41,8.4,115.56,1,standard,1,1579.79,3,1,0,6,1,7.5,1
23,1.6,116.92,4,basic,1,2127.73,1,1,0,7,2,-5.0,0
51,0.7,176.42,1,standard,1,3365.44,4,0,1,4,0,-0.9,0
42,2.9,215.43,2,standard,0,0.0,1,0,1,5,1,2.6,1
24,5.2,243.68,1,basic,0,0.0,1,1,1,8,1,-0.8,0
38,2.4,507.15,4,premium,0,0.0,2,0,0,7,1,2.2,0
32,0.5,80.0,1,basic,0,0.0,3,0,1,7,0,15.4,1
45,4.6,231.25,1,standard,0,0.0,0,1,0,6,2,0.7,1
58,11.6,145.06,1,standard,1,8555.84,1,0,1,7,1,2.3,0
19,2.4,143.37,1,basic,2,3384.28,0,1,0,2,1,10.9,0
43,1.2,141.47,1,premium,2,919.53,1,1,0,8,0,-5.0,1
40,2.9,126.03,2,standard,1,500.0,2,1,1,10,0,-1.7,0
50,0.5,355.6,1,basic,2,1490.81,2,1,0,5,0,-0.9,1
44,8.6,253.89,1,standard,1,2980.34,2,1,0,5,2,5.4,1
32,8.8,182.96,1,standard,0,0.0,4,0,1,7,0,2.2,0
38,4.4,311.19,3,standard,0,0.0,1,0,1,9,1,2.5,0
32,2.2,98.99,2,standard,3,3240.68,2,1,1,6,0,-0.3,1
54,8.0,106.45,2,basic,1,4481.66,0,0,0,4,0,-3.6,0
42,4.0,80.0,2,basic,0,0.0,1,1,1,6,0,9.9,0
64,8.7,137.03,1,premium,1,2521.43,3,0,1,5,0,2.3,0
41,5.0,193.38,1,basic,0,0.0,3,1,1,5,1,10.0,0
33,7.7,188.89,1,premium,1,1251.38,0,0,1,6,1,-3.9,0
23,4.6,192.43,3,basic,0,0.0,2,0,0,5,1,-0.3,0
20,2.7,103.09,4,premium,0,0.0,1,0,0,5,1,3.2,0
22,15.8,249.95,2,standard,0,0.0,1,0,1,7,0,4.0,0
45,3.9,199.51,1,standard,0,0.0,4,1,0,7,1,11.0,1
48,4.6,243.04,1,basic,0,0.0,0,0,0,4,2,1.6,1
23,1.2,85.02,1,basic,0,0.0,0,1,1,7,0,11.0,0
52,4.9,205.33,2,basic,1,975.43,0,1,1,6,0,8.0,0
36,4.2,112.72,1,basic,2,2458.58,1,0,0,8,1,4.1,0
43,1.0,154.64,4,basic,0,0.0,3,0,0,8,2,-2.6,0
61,0.5,224.47,1,standard,1,4991.11,1,1,0,6,1,11.1,0
52,4.6,188.0,4,standard,0,0.0,2,1,1,8,0,-2.4,0
38,7.2,128.94,3,standard,0,0.0,1,1,0,5,1,4.8,0
31,3.7,181.73,3,standard,1,1410.56,0,1,0,9,0,4.6,0
18,1.3,98.24,2,standard,2,3206.86,3,1,0,5,1,3.3,0
33,5.5,287.18,2,standard,0,0.0,2,1,0,7,0,1.9,0
39,0.5,166.98,2,standard,0,0.0,2,1,0,6,1,-1.6,1
30,2.9,283.56,2,standard,0,0.0,1,0,0,5,2,-5.0,0
40,0.9,146.85,2,premium,0,0.0,0,0,1,8,0,16.2,0
42,1.0,147.02,4,basic,0,0.0,2,1,0,5,2,1.1,0
39,1.1,133.53,2,basic,0,0.0,2,0,1,3,0,4.0,0
34,2.4,257.36,3,standard,0,0.0,2,0,0,1,0,3.9,0
44,0.5,136.49,3,basic,0,0.0,1,1,1,5,0,13.8,0
47,2.5,234.59,1,premium,3,2096.14,2,1,0,9,1,20.5,1
28,3.6,155.56,1,premium,1,2627.43,2,1,1,9,3,6.3,0
58,3.3,82.24,2,basic,0,0.0,1,1,0,5,2,3.7,0
40,2.4,144.3,2,basic,0,0.0,3,1,1,6,0,-4.0,0
42,9.1,113.11,3,standard,2,1079.61,4,1,1,6,1,-5.0,0
50,0.8,183.75,1,standard,0,0.0,0,1,0,4,1,-5.0,1
44,3.5,112.6,2,basic,0,0.0,4,0,0,5,0,-1.4,0
53,0.5,262.54,2,standard,0,0.0,1,1,1,8,0,-5.0,1
45,0.5,174.79,1,standard,0,0.0,4,0,1,7,0,13.6,0
34,4.3,168.84,2,basic,0,0.0,2,1,1,7,0,8.4,0
46,4.2,235.65,3,basic,1,500.0,5,0,0,4,0,3.0,0
28,10.5,266.55,1,standard,0,0.0,2,1,0,7,0,13.9,1
43,4.1,179.82,2,basic,0,0.0,0,0,0,2,0,-3.6,0
41,16.1,133.16,2,premium,0,0.0,2,0,1,8,0,-1.6,0
39,0.5,89.16,1,standard,1,4301.65,3,0,1,7,1,-5.0,1
40,0.5,137.77,1,standard,4,2104.26,2,0,0,4,2,11.2,1
19,0.5,141.62,4,premium,1,500.0,1,1,1,9,0,-1.5,0
35,1.0,189.2,1,premium,2,500.0,1,0,0,3,2,5.1,0
43,3.9,157.9,1,standard,4,1055.82,3,1,1,7,1,13.0,1
43,5.2,238.69,1,basic,2,1727.65,2,1,0,7,0,16.0,1
29,0.5,141.86,2,standard,2,4722.59,3,1,0,4,0,4.8,0
57,14.6,177.18,2,standard,0,0.0,5,1,1,6,0,8.1,0
31,9.2,291.08,2,basic,2,14673.8,1,0,0,4,3,-2.2,0
53,1.8,207.83,1,premium,0,0.0,1,0,1,1,0,18.5,0
47,0.5,176.97,3,basic,3,1992.28,3,1,1,5,0,3.7,0
34,0.9,142.48,1,basic,0,0.0,2,0,1,5,0,5.6,0
63,0.7,140.71,1,basic,0,0.0,2,1,1,8,0,1.7,1
27,0.7,128.99,2,standard,0,0.0,2,1,1,7,1,14.6,0
53,3.7,146.0,1,standard,1,7722.79,1,1,0,7,2,6.6,0
54,1.4,245.25,3,basic,1,1888.56,5,0,1,5,1,11.1,0
33,2.2,165.88,4,basic,2,3601.88,0,1,1,6,0,7.8,0
58,22.8,105.65,1,basic,1,2148.32,2,1,1,5,2,3.2,1
38,5.8,367.7,3,standard,0,0.0,2,1,1,4,1,12.4,1
45,14.9,206.02,3,basic,0,0.0,1,1,1,5,0,7.8,0
45,0.8,103.26,4,premium,0,0.0,0,0,1,7,0,-2.7,0
40,2.4,151.91,1,basic,1,1719.49,0,1,0,5,1,-2.9,0
51,4.0,189.49,2,premium,0,0.0,1,1,0,6,0,6.2,0
51,0.5,358.47,1,basic,0,0.0,1,1,0,8,0,12.3,0
21,0.5,116.37,3,standard,2,2308.89,3,1,1,6,2,18.1,0
57,5.5,267.85,1,basic,1,3176.08,2,1,0,4,0,-5.0,1
22,5.1,317.28,2,basic,1,2316.67,2,1,1,8,0,5.2,0
54,2.6,140.97,1,premium,1,6685.44,1,0,1,7,0,8.9,0
55,3.4,162.23,1,premium,2,10443.78,1,1,1,7,0,7.4,0
28,2.7,119.76,2,standard,0,0.0,3,1,1,8,0,13.1,0
37,0.5,167.1,3,standard,2,3928.66,2,1,0,7,0,10.2,0
28,2.0,178.64,2,standard,0,0.0,0,1,1,7,1,-2.9,0
39,1.0,236.01,3,premium,0,0.0,2,1,0,10,0,-3.1,0
38,0.5,280.36,1,basic,2,3209.46,2,1,1,4,0,7.5,0
51,15.7,134.39,2,standard,1,500.0,3,1,0,5,1,12.9,1
57,4.6,82.52,2,standard,2,1156.95,1,0,0,8,0,6.1,0
58,6.5,179.74,1,standard,2,1300.26,2,1,1,7,2,-5.0,0
35,1.9,203.86,2,premium,1,5484.89,1,0,0,8,0,-3.4,0
39,2.5,200.29,2,basic,1,1007.79,2,1,0,7,0,10.5,0
21,1.4,159.07,2,basic,0,0.0,3,1,0,9,1,2.2,1
32,0.5,190.55,2,standard,0,0.0,2,0,0,5,0,5.9,0
53,1.0,332.35,2,standard,0,0.0,1,1,0,9,4,13.5,0
61,8.0,211.18,1,basic,1,2260.34,1,1,1,9,1,-4.6,0
27,5.7,156.12,1,standard,0,0.0,1,0,0,4,1,1.7,0
34,4.0,148.4,2,premium,1,3647.1,2,0,1,8,1,0.8,0
41,3.2,169.37,1,basic,3,3062.78,2,0,1,6,0,7.8,1
45,12.8,348.87,1,standard,2,2986.43,4,0,0,5,1,11.2,0
32,0.5,168.46,1,standard,0,0.0,3,0,1,3,1,-5.0,0
47,1.6,179.84,2,standard,0,0.0,3,1,1,5,0,5.0,0
36,2.2,149.47,1,premium,0,0.0,2,1,1,8,0,12.0,0
41,7.6,281.35,2,standard,3,1889.83,2,1,1,8,0,-5.0,0
48,24.5,397.0,2,standard,0,0.0,1,1,1,6,1,4.5,0
42,1.4,217.08,1,standard,0,0.0,1,1,0,8,0,-4.7,0
36,10.4,187.37,3,standard,1,1869.52,0,0,1,8,0,-0.1,0
40,8.9,183.96,2,standard,0,0.0,0,1,0,7,2,-5.0,0
40,1.3,80.0,2,premium,2,1022.45,3,0,1,5,2,16.1,0
37,2.5,244.22,2,standard,2,718.65,0,1,0,7,0,2.2,0
38,2.6,191.27,1,basic,1,2455.37,3,1,0,7,1,-1.5,0
61,19.1,215.15,2,basic,3,4048.94,2,1,1,8,3,7.6,0
48,1.0,136.38,1,basic,0,0.0,3,1,0,8,1,-3.3,0
38,8.0,155.43,4,basic,0,0.0,3,1,0,4,0,-4.1,1
50,2.0,153.79,3,premium,1,3510.94,2,0,0,6,0,17.1,0
37,6.6,272.78,2,standard,0,0.0,0,1,1,3,1,19.5,0
56,2.7,155.79,1,standard,0,0.0,2,1,0,8,0,0.3,0
46,4.3,416.99,1,standard,0,0.0,1,0,0,6,0,13.5,0
40,8.9,215.37,1,premium,0,0.0,1,1,1,7,1,7.8,0
47,8.2,108.82,2,standard,1,3193.35,1,1,1,4,1,-5.0,0
23,10.1,172.19,1,premium,0,0.0,1,1,1,9,2,-2.4,1
28,0.5,139.68,2,standard,2,8381.38,0,1,1,4,2,17.4,1
27,5.9,80.0,1,premium,0,0.0,2,0,0,8,0,-5.0,0
43,0.8,343.71,4,standard,1,3241.74,0,0,1,7,0,23.2,1
62,2.7,240.15,1,basic,1,982.95,1,0,1,6,1,0.4,1
68,4.0,224.37,4,standard,0,0.0,2,1,0,6,1,17.6,1
49,2.6,193.67,4,standard,1,2444.48,3,0,1,5,0,2.6,0
48,3.7,104.29,2,basic,1,500.0,3,1,1,9,1,11.4,0
20,25.0,149.39,2,standard,1,879.27,0,1,1,7,1,16.2,1
35,0.7,253.84,1,basic,1,1012.09,1,1,1,4,0,16.1,1
32,5.6,119.05,2,basic,0,0.0,1,0,1,6,0,0.3,0
34,2.5,80.0,1,premium,3,1968.18,0,0,1,7,0,-1.9,0
39,0.7,165.53,1,standard,0,0.0,2,0,1,8,0,4.4,0
36,0.9,171.28,2,premium,0,0.0,0,0,0,5,2,-5.0,1
18,14.9,191.37,2,standard,0,0.0,0,1,0,6,1,6.9,1
50,10.6,242.6,2,standard,0,0.0,0,1,1,7,2,-1.6,0
29,11.9,233.93,1,standard,1,894.2,2,0,0,8,0,13.7,0
44,23.9,201.04,1,standard,1,500.0,1,0,0,4,0,0.4,1
66,1.2,292.43,1,premium,3,2893.56,2,0,1,7,1,-5.0,0
30,2.2,98.73,1,basic,1,3091.71,1,1,0,6,0,16.2,0
18,5.5,221.81,1,premium,0,0.0,3,0,0,6,1,6.5,0
38,3.3,232.9,1,premium,0,0.0,3,1,1,10,1,5.2,0
55,2.7,110.41,1,standard,1,1933.08,1,0,1,6,0,13.8,0
65,2.2,99.37,3,premium,2,2915.77,1,1,1,8,0,12.0,0
27,4.5,134.51,1,standard,1,3872.78,3,0,1,8,0,-1.1,0
47,4.3,139.13,2,premium,0,0.0,0,1,0,4,1,1.4,1
36,0.9,245.03,1,standard,1,3913.19,1,0,0,3,1,-3.9,1
40,3.2,141.77,3,basic,1,4246.73,0,1,1,8,0,-5.0,0
73,4.0,128.7,2,premium,0,0.0,1,1,0,5,2,9.6,0
23,4.2,141.93,1,standard,1,2694.11,4,1,0,4,2,8.1,1
45,1.2,283.57,2,standard,0,0.0,2,0,1,8,1,11.1,1
47,6.8,182.22,1,standard,0,0.0,2,1,0,5,0,15.3,1
55,0.5,168.73,2,basic,0,0.0,3,1,0,5,1,11.2,1
43,2.2,173.47,1,standard,1,3639.48,1,0,1,10,0,11.9,0
45,7.6,303.94,4,premium,1,1090.12,2,0,1,4,0,-5.0,0
37,4.1,134.33,1,basic,0,0.0,0,1,1,4,1,2.5,0
45,1.5,306.8,1,basic,0,0.0,2,1,1,6,0,12.7,1
37,5.9,197.2,2,basic,2,702.82,3,1,1,6,1,-4.3,1
49,4.2,170.01,1,standard,0,0.0,0,0,1,5,2,5.7,0
37,8.0,492.93,3,standard,1,1797.37,3,0,1,4,0,9.2,0
46,6.6,118.84,2,standard,1,5119.07,1,0,0,9,1,8.5,1
41,4.7,157.36,2,premium,1,2708.23,5,1,1,7,1,8.0,0
55,3.3,110.72,1,standard,1,3953.47,2,0,1,8,0,9.8,1
41,0.7,265.33,3,basic,1,1222.1,2,1,0,6,0,6.4,0
20,1.5,356.27,2,premium,3,6147.09,5,1,0,7,0,-5.0,1
57,2.7,353.53,1,standard,0,0.0,2,0,1,8,1,9.1,0
31,4.6,295.77,1,standard,2,2545.16,2,1,1,5,0,7.3,1
34,3.6,167.49,1,standard,0,0.0,0,1,0,7,0,-5.0,0
34,1.7,156.63,4,premium,0,0.0,0,0,1,8,0,16.0,0
58,0.5,92.9,1,standard,2,7470.13,2,1,1,9,1,9.3,0
18,3.4,409.26,2,standard,0,0.0,2,1,1,10,0,-5.0,0
79,1.7,218.68,1,standard,1,1854.55,2,0,1,7,0,-1.5,0
54,6.6,148.89,1,basic,1,1195.9,2,0,1,9,1,0.5,1
44,0.5,308.35,2,standard,1,500.0,3,0,1,2,0,0.5,0
41,4.4,122.84,4,standard,1,1153.23,0,1,0,9,1,7.3,0
45,14.2,213.29,2,basic,1,6819.46,2,1,0,5,0,-2.8,0
48,1.0,169.18,3,basic,3,4286.43,2,1,0,6,0,14.0,0
49,3.2,234.04,2,basic,1,974.41,0,0,1,7,1,13.4,0
48,0.5,176.72,1,standard,2,1138.3,2,1,1,6,0,10.0,1
43,4.9,101.46,1,premium,1,9977.28,2,0,0,7,0,5.4,0
39,4.0,186.84,2,premium,0,0.0,2,1,1,9,1,12.5,0
40,2.6,275.76,4,basic,0,0.0,2,1,1,6,1,2.8,0
39,3.7,179.17,3,standard,0,0.0,5,0,1,5,2,-0.8,1
55,11.3,247.16,1,premium,3,610.08,3,0,1,10,0,14.5,0
49,1.1,119.32,1,basic,1,1176.14,2,0,1,7,0,7.5,0
18,0.5,179.38,1,standard,0,0.0,0,0,1,10,1,-0.5,0
49,9.9,141.2,4,standard,2,878.49,0,0,0,8,1,1.7,0
44,4.3,244.4,3,basic,2,5231.1,1,0,1,4,3,-0.9,1
41,11.1,183.57,3,premium,0,0.0,1,0,0,8,1,21.2,1
37,4.5,238.9,1,premium,1,1613.98,4,0,0,5,0,5.0,0
55,8.3,280.08,2,basic,1,896.41,1,0,1,7,0,6.3,0
53,2.8,239.04,2,basic,0,0.0,2,1,0,6,0,10.8,0
32,6.9,202.2,1,basic,1,863.7,4,1,0,4,0,-4.7,1
46,12.2,121.6,2,basic,1,1921.22,1,1,1,5,1,13.8,0
30,4.2,181.07,1,standard,0,0.0,2,1,1,10,0,0.1,1
25,1.0,146.46,1,standard,1,5551.07,5,1,1,7,0,19.6,0
34,1.6,157.97,3,basic,2,1129.04,1,1,0,6,0,2.5,0
52,1.1,156.05,3,premium,1,6596.28,2,0,1,10,0,13.3,0
53,1.4,122.49,1,standard,0,0.0,0,0,1,6,0,-5.0,0
48,1.8,82.85,2,basic,0,0.0,1,1,1,6,1,-4.4,1
50,4.0,138.76,1,basic,0,0.0,0,1,1,8,0,2.7,0
48,4.4,195.85,2,standard,1,18441.4,1,0,1,6,0,-5.0,0
34,2.8,105.71,3,standard,1,6965.67,1,0,1,5,1,9.8,0
47,4.8,182.41,3,basic,2,1511.91,0,0,0,2,0,7.5,0
51,0.5,387.65,2,basic,0,0.0,2,0,0,5,2,-2.9,0
51,0.5,272.93,1,premium,2,3121.63,1,0,0,5,0,4.9,0
56,0.9,349.82,1,premium,1,2383.53,1,1,0,7,0,11.5,1
50,3.6,211.97,2,basic,1,807.32,2,1,0,5,0,-5.0,0
46,1.2,289.17,1,standard,1,2181.28,0,0,0,10,1,-5.0,0
54,1.7,135.7,3,standard,2,1206.31,1,1,1,5,0,2.3,0
41,2.6,140.09,1,standard,0,0.0,1,0,0,9,0,5.2,1
31,8.4,80.0,1,standard,3,1409.38,2,1,1,7,0,4.5,0
40,0.5,291.33,1,premium,1,2326.84,2,0,1,8,1,12.1,0
33,5.2,335.67,4,standard,1,4028.33,3,1,1,8,0,8.8,0
