satisfaction_score,years_at_company,monthly_salary,num_projects,avg_hours_weekly,last_promotion_years,dept_engineering,dept_sales,dept_marketing,is_remote,left
2.5,3.7,8120.0,2,51.4,1.2,0,1,0,0,0
4.8,3.3,7234.0,2,51.2,12.3,1,0,0,0,1
3.93,0.5,7367.0,2,30.9,3.3,0,0,1,0,0
3.39,2.1,3268.0,7,48.1,0.1,0,1,0,1,1
1.62,2.4,8424.0,4,41.6,1.2,0,0,1,0,0
1.62,2.5,6523.0,2,37.6,2.9,1,0,0,1,0
1.23,4.3,5261.0,7,43.3,0.2,0,1,0,1,0
4.46,3.8,6287.0,5,49.6,0.1,0,1,0,0,0
3.4,4.7,2500.0,7,46.0,1.8,0,1,0,0,0
3.83,7.2,6817.0,1,35.0,1.2,1,0,0,1,0
1.08,8.4,3941.0,7,47.9,1.7,0,0,0,0,0
4.88,6.3,3295.0,4,36.9,0.9,0,1,0,1,1
4.33,15.6,2955.0,6,43.7,0.5,0,0,1,0,0
1.85,0.5,8225.0,7,39.6,3.5,0,1,0,0,1
1.73,1.1,4741.0,2,40.2,2.2,1,0,0,1,0
1.73,0.5,9067.0,1,48.1,0.7,0,1,0,1,0
2.22,5.2,4928.0,3,33.7,1.2,0,1,0,1,0
3.1,11.4,2585.0,2,57.6,2.7,0,1,0,1,0
2.73,1.4,3767.0,1,27.4,0.2,0,1,0,1,0
2.16,13.1,8472.0,5,37.2,0.5,0,1,0,1,0
3.45,0.5,5688.0,3,45.0,0.2,1,0,0,1,0
1.56,13.6,4903.0,5,46.7,5.0,0,1,0,0,0
2.17,2.2,6320.0,6,41.2,4.2,1,0,0,0,0
2.47,0.5,7004.0,1,41.5,4.2,1,0,0,1,0
2.82,3.3,8235.0,5,45.3,3.8,0,0,0,0,1
4.14,1.5,8897.0,6,40.2,3.3,0,1,0,0,0
1.8,1.7,5280.0,1,53.1,1.9,0,0,1,0,0
3.06,1.8,3348.0,1,48.7,3.1,0,1,0,0,1
3.37,8.1,5173.0,5,49.0,0.1,0,0,0,0,0
1.19,3.9,6521.0,1,34.3,2.9,0,1,0,0,0
3.43,1.9,4072.0,2,41.4,4.5,0,0,1,1,0
1.68,4.7,4086.0,1,39.6,2.1,1,0,0,0,1
1.26,6.3,6688.0,4,34.0,1.3,0,0,0,0,0
4.8,1.6,5903.0,6,44.9,1.0,0,0,1,0,1
4.86,2.7,6066.0,1,37.7,3.1,0,0,0,0,0
4.23,0.6,4483.0,4,47.2,3.5,1,0,0,0,0
2.22,1.0,5539.0,1,33.4,6.1,1,0,0,1,0
1.39,5.7,4152.0,1,55.8,1.3,1,0,0,0,0
3.74,1.0,7780.0,5,34.8,4.4,1,0,0,1,0
2.76,3.7,8070.0,2,43.8,2.5,0,0,0,0,0
1.49,6.2,2500.0,6,48.3,6.4,1,0,0,0,1
2.98,0.6,4141.0,2,37.4,2.3,1,0,0,0,0
1.14,4.2,3007.0,3,48.8,2.2,1,0,0,0,0
4.64,1.5,4700.0,5,32.2,2.6,1,0,0,1,0
2.04,16.5,5833.0,5,53.6,4.2,1,0,0,1,0
3.65,3.3,3101.0,2,42.1,10.0,0,0,1,1,0
2.25,8.2,4156.0,7,37.2,0.2,0,1,0,0,0
3.08,4.0,3992.0,5,39.6,0.2,1,0,0,0,0
3.19,0.5,6415.0,2,48.5,8.3,0,1,0,0,0
1.74,5.0,6139.0,5,37.3,2.3,0,1,0,1,0
4.88,15.1,4557.0,1,36.0,2.9,1,0,0,0,0
4.1,4.6,6354.0,2,40.2,2.0,0,0,1,1,0
4.76,8.6,4907.0,2,32.6,0.3,0,0,1,0,0
4.58,10.8,5457.0,4,56.6,4.4,0,0,1,0,0
3.39,1.3,9347.0,5,37.5,4.1,0,0,1,0,0
4.69,1.2,8681.0,5,48.7,1.1,1,0,0,0,0
1.35,4.7,3401.0,2,43.7,1.1,0,0,0,1,0
1.78,2.6,7659.0,1,34.1,5.5,0,0,1,0,0
1.18,9.2,7623.0,1,42.0,0.2,0,0,0,1,0
2.3,11.5,3703.0,6,48.3,6.4,1,0,0,0,0
2.55,2.2,7638.0,1,40.5,0.9,0,0,0,1,0
2.09,1.4,9076.0,5,51.5,2.7,0,0,1,0,0
4.31,7.6,3755.0,7,50.2,8.2,0,0,1,1,0
2.43,1.6,4165.0,4,49.4,3.4,1,0,0,1,0
2.12,8.6,8035.0,2,38.3,1.6,0,0,1,1,0
3.17,2.8,6543.0,3,33.4,3.5,0,0,0,0,0
1.56,5.5,7103.0,4,37.1,1.3,0,0,1,1,0
4.21,0.5,6681.0,7,43.6,1.0,0,1,0,0,0
1.3,4.9,6781.0,3,46.4,15.0,0,0,0,0,1
4.95,3.0,3347.0,4,25.0,4.2,0,1,0,0,0
4.09,4.4,8095.0,1,41.9,3.1,0,1,0,0,0
1.79,0.9,8339.0,5,43.3,1.3,0,1,0,1,0
1.02,6.7,5541.0,7,39.8,0.2,0,0,0,0,1
4.26,9.9,5913.0,3,52.3,0.1,1,0,0,0,0
3.83,1.2,2938.0,7,45.4,2.4,0,1,0,1,0
3.92,0.5,7029.0,4,52.5,4.3,0,0,1,0,0
4.09,0.5,7144.0,5,40.3,2.3,0,0,1,1,0
1.3,5.1,5876.0,7,49.5,5.5,0,1,0,0,0
2.43,4.7,8249.0,3,55.1,0.1,0,0,0,0,0
1.46,4.0,5332.0,2,52.5,1.4,0,0,0,0,0
4.45,1.3,7129.0,4,33.3,0.8,1,0,0,1,0
3.49,2.5,3961.0,2,40.0,1.8,0,1,0,1,0
2.32,4.5,5953.0,1,39.2,0.2,1,0,0,1,0
1.25,3.4,5651.0,2,45.9,9.2,1,0,0,0,0
2.24,22.0,6451.0,2,47.5,0.8,0,1,0,0,0
2.3,0.7,5261.0,6,35.3,7.7,0,0,0,0,0
3.92,5.9,5737.0,4,42.5,1.7,0,0,1,0,0
3.55,2.6,7652.0,1,25.8,12.7,1,0,0,0,0
4.55,2.8,5126.0,2,53.5,2.4,1,0,0,1,0
2.89,6.3,2787.0,5,37.9,8.0,0,1,0,0,1
1.48,5.9,9499.0,3,42.4,0.0,0,1,0,0,0
3.85,23.7,8763.0,2,39.5,4.1,1,0,0,1,0
4.04,0.7,3415.0,1,51.2,7.0,0,0,0,1,0
3.25,0.5,7379.0,2,25.0,0.5,0,0,0,0,0
4.08,6.4,4994.0,3,41.9,0.3,0,1,0,0,0
2.98,4.3,6527.0,1,41.2,1.7,0,0,0,0,0
3.09,1.6,6588.0,4,38.4,8.1,1,0,0,0,0
2.71,0.5,5531.0,1,55.8,2.3,0,0,1,1,0
1.1,0.5,4432.0,4,34.9,2.2,0,1,0,0,1
1.43,11.2,4619.0,1,48.2,0.5,1,0,0,1,0
1.13,1.1,4168.0,7,44.9,0.0,0,0,0,1,1
3.55,2.0,4336.0,3,52.1,5.0,0,1,0,1,1
2.26,1.3,5866.0,3,36.7,0.3,0,0,1,0,0
3.03,2.2,4568.0,1,36.1,3.0,1,0,0,0,1
4.63,0.5,7364.0,7,50.8,7.4,1,0,0,1,0
2.0,3.7,8974.0,2,45.4,0.7,1,0,0,0,0
2.64,0.5,4840.0,3,29.6,3.3,0,1,0,0,0
4.02,8.1,6479.0,4,37.7,0.2,0,0,1,0,0
1.92,1.3,6999.0,4,45.1,2.8,1,0,0,0,0
1.31,3.9,6944.0,5,48.7,0.5,0,0,1,1,0
2.16,10.6,6152.0,6,36.6,4.0,0,0,1,0,0
1.64,5.3,7485.0,7,25.0,1.1,0,0,1,0,0
4.72,3.8,6964.0,6,46.2,1.9,0,1,0,0,0
4.23,2.0,3525.0,6,32.2,2.7,0,0,0,0,0
3.53,2.0,7738.0,4,25.9,0.6,0,1,0,1,0
4.49,5.5,7775.0,5,25.0,4.1,0,1,0,1,0
4.21,25.7,4473.0,6,48.5,1.1,1,0,0,0,0
1.75,5.4,6076.0,6,43.0,3.3,1,0,0,0,0
4.57,4.1,7367.0,1,40.2,0.5,1,0,0,0,0
3.16,6.6,5581.0,1,53.1,3.5,0,1,0,1,0
4.23,3.1,8146.0,1,47.1,0.4,1,0,0,0,0
4.58,0.5,10728.0,2,54.9,1.7,1,0,0,1,0
2.27,4.1,4428.0,6,30.9,0.9,0,0,1,0,0
1.44,15.8,3238.0,2,41.7,4.1,1,0,0,1,0
1.91,1.0,6608.0,5,29.1,0.9,1,0,0,0,0
2.71,5.9,7443.0,7,40.2,6.4,1,0,0,1,0
4.27,1.1,5538.0,4,40.0,6.7,0,0,1,0,0
4.44,3.8,8907.0,6,47.0,0.7,1,0,0,1,0
1.03,0.5,3323.0,4,42.4,2.9,0,1,0,0,0
3.04,3.0,7386.0,7,47.0,0.3,0,1,0,0,0
2.67,7.1,4788.0,1,47.6,1.5,0,0,1,1,0
1.89,2.1,9439.0,6,59.2,3.7,0,1,0,0,0
1.48,5.5,9985.0,3,39.5,3.2,0,0,1,1,0
2.35,7.9,4467.0,2,34.5,2.9,1,0,0,1,0
4.77,13.1,4901.0,2,44.0,1.0,1,0,0,0,0
2.29,1.3,7719.0,6,35.6,1.4,1,0,0,0,0
3.08,2.5,5226.0,7,53.9,0.3,1,0,0,0,0
3.81,0.8,5909.0,1,39.7,3.8,1,0,0,0,0
2.45,24.5,6051.0,2,37.5,2.1,1,0,0,0,0
4.89,13.1,2500.0,1,38.2,3.7,0,1,0,1,0
4.85,3.9,5972.0,5,47.7,0.9,0,0,1,0,0
2.01,9.2,4621.0,4,40.7,1.2,1,0,0,0,0
2.99,3.7,5014.0,7,36.9,1.2,0,0,1,0,0
2.2,4.9,8887.0,3,55.3,0.1,1,0,0,0,1
2.14,0.5,3487.0,4,35.2,1.3,1,0,0,0,1
1.15,7.0,7626.0,4,42.3,4.9,0,1,0,1,1
3.44,0.7,5442.0,5,47.2,6.8,1,0,0,1,0
3.01,8.7,5440.0,2,28.9,2.2,1,0,0,0,0
1.21,7.6,7581.0,3,45.8,1.8,0,1,0,1,0
2.11,6.2,6680.0,2,33.6,0.1,0,0,0,0,0
4.63,0.5,7141.0,6,48.6,6.3,0,0,1,1,0
1.96,1.8,7936.0,4,34.3,0.0,1,0,0,1,0
1.58,1.5,5337.0,6,47.5,8.7,0,0,1,1,1
2.96,2.2,4776.0,1,50.8,2.0,0,0,1,0,0
4.94,0.5,3830.0,4,48.9,1.3,0,1,0,0,0
1.97,13.8,4349.0,2,44.0,7.7,0,0,1,0,1
3.69,4.0,11898.0,4,40.1,0.1,0,1,0,1,0
4.05,1.8,8489.0,1,37.4,2.6,1,0,0,0,0
1.95,2.5,3298.0,5,53.8,2.4,0,1,0,1,0
3.91,3.0,3355.0,6,36.4,0.7,0,1,0,0,0
2.47,4.6,6964.0,6,33.7,1.7,0,1,0,1,0
3.53,3.6,7095.0,2,47.3,3.2,0,1,0,0,0
3.53,12.6,7098.0,4,35.6,3.9,0,0,0,0,0
3.14,3.4,5490.0,2,34.4,0.0,0,0,0,0,0
1.36,24.2,5749.0,5,30.5,8.3,0,0,0,0,0
4.34,9.5,6656.0,4,38.1,0.5,0,0,1,0,0
2.28,1.2,6172.0,4,41.3,0.8,0,0,0,1,0
1.75,13.3,2500.0,2,43.9,0.9,1,0,0,0,0
1.16,0.6,5540.0,2,49.6,0.1,1,0,0,0,0
3.36,8.5,4297.0,1,46.2,0.4,0,1,0,1,0
3.71,2.4,6350.0,7,40.5,12.9,0,0,1,0,0
1.07,10.5,11971.0,7,40.4,1.1,0,1,0,1,0
3.05,10.1,6735.0,5,46.1,0.4,0,0,1,1,0
1.91,8.2,5373.0,7,52.2,0.3,1,0,0,0,0
3.58,7.8,7844.0,1,43.0,3.8,1,0,0,0,0
1.7,1.8,6965.0,6,38.2,5.8,0,0,1,0,1
3.76,0.5,6840.0,4,34.1,0.9,1,0,0,1,0
2.55,2.6,7214.0,2,30.4,0.1,1,0,0,0,0
4.75,1.0,10113.0,4,47.3,0.8,1,0,0,1,0
1.55,5.9,3738.0,4,46.6,0.2,1,0,0,1,1
2.36,2.1,6947.0,3,46.6,0.3,0,0,1,0,0
1.45,18.6,4147.0,6,41.0,1.7,1,0,0,1,0
4.7,5.1,7111.0,3,53.3,0.8,0,1,0,1,0
4.51,8.6,4163.0,7,38.1,2.2,1,0,0,0,0
2.03,0.7,5165.0,4,49.6,0.9,0,0,1,1,0
3.64,9.9,5410.0,2,41.7,8.5,1,0,0,1,0
4.27,12.8,7952.0,4,37.1,7.1,0,1,0,0,0
3.22,3.3,7837.0,6,46.7,2.5,0,0,1,0,0
3.12,4.7,3509.0,3,45.3,1.3,1,0,0,0,0
1.97,7.2,6110.0,2,44.9,1.4,0,0,0,0,0
1.37,1.0,4581.0,4,42.7,1.6,0,1,0,1,0
4.59,3.5,3483.0,5,41.7,3.9,0,1,0,0,0
4.6,2.5,5566.0,6,61.1,1.8,1,0,0,1,0
3.53,0.8,5383.0,6,51.5,5.8,0,0,0,0,1
2.36,2.3,10853.0,5,47.8,8.7,0,0,1,0,1
2.4,0.5,6866.0,4,42.9,1.2,1,0,0,1,0
3.9,0.5,3245.0,6,50.1,2.5,1,0,0,1,0
4.59,0.7,4870.0,2,46.1,0.3,0,0,1,0,0
4.55,16.5,8043.0,4,42.2,0.7,0,0,1,0,0
4.12,4.0,10177.0,4,39.6,1.6,0,0,1,0,0
3.57,16.9,2828.0,3,41.4,0.7,0,1,0,0,0
1.34,2.8,2500.0,6,25.0,6.3,0,0,1,0,1
1.65,1.9,9742.0,6,43.7,0.5,1,0,0,0,0
4.59,3.5,6779.0,5,38.1,1.8,1,0,0,1,0
3.43,2.9,4263.0,3,54.7,2.8,0,1,0,0,0
1.04,0.6,7069.0,7,42.2,3.5,0,0,0,1,0
1.41,5.1,2500.0,3,32.5,1.4,1,0,0,1,0
3.65,1.2,6007.0,6,41.6,6.1,0,1,0,0,0
1.02,4.8,6656.0,4,33.6,2.5,0,0,1,1,0
1.64,5.3,7849.0,3,45.8,1.7,0,1,0,0,0
3.19,0.8,3972.0,5,44.3,0.2,0,0,1,1,0
3.77,0.5,6171.0,3,49.7,1.9,0,0,1,0,1
3.61,7.6,4149.0,5,35.7,5.2,1,0,0,0,1
1.9,3.1,6511.0,7,42.3,2.9,0,0,0,1,1
3.85,0.5,4209.0,3,31.1,5.4,0,0,1,0,0
1.95,26.4,5184.0,5,47.6,2.0,0,0,0,1,0
2.3,0.5,4008.0,3,46.2,0.4,0,0,1,1,0
3.99,5.9,7302.0,7,46.0,0.0,0,0,0,0,0
3.6,20.6,7717.0,3,42.0,1.1,1,0,0,0,0
4.4,1.4,5531.0,2,45.3,3.6,1,0,0,0,0
3.63,0.8,6076.0,5,54.8,4.7,0,0,0,1,0
3.27,0.6,3103.0,7,39.7,1.1,1,0,0,1,0
1.37,1.8,5401.0,5,43.1,2.1,1,0,0,0,0
2.47,0.5,5900.0,5,33.3,1.6,0,0,1,0,1
2.06,5.9,11242.0,1,35.1,1.6,0,0,1,1,0
1.98,0.5,3776.0,7,42.8,0.8,1,0,0,0,0
4.89,3.6,8928.0,3,50.8,0.4,0,0,0,1,0
2.57,28.6,7994.0,5,39.9,0.7,0,0,1,1,0
4.57,8.4,6561.0,6,40.1,0.2,0,1,0,1,0
3.52,4.8,9517.0,1,38.7,0.7,0,0,1,0,0
4.18,1.8,6744.0,2,37.7,0.0,0,1,0,0,0
3.01,4.9,6778.0,5,44.4,3.0,1,0,0,0,0
3.31,3.7,5894.0,5,30.0,1.1,1,0,0,0,0
2.97,2.8,8447.0,1,52.2,10.9,0,1,0,1,0
1.78,0.7,8193.0,3,36.7,0.6,0,1,0,0,1
3.89,10.9,4749.0,6,47.8,1.3,0,0,1,1,0
2.12,3.0,3362.0,2,31.8,1.3,0,0,1,0,0
1.1,1.1,5594.0,5,47.4,0.0,0,1,0,0,0
3.58,2.3,4400.0,3,47.4,5.5,0,0,1,0,0
1.71,2.7,5873.0,7,45.1,0.1,1,0,0,1,0
4.76,8.8,8475.0,6,34.0,8.4,1,0,0,0,0
4.82,6.6,5085.0,7,44.0,6.7,0,0,0,0,0
4.66,7.3,5914.0,6,32.5,2.3,1,0,0,1,0
2.48,0.5,6116.0,2,40.0,2.4,1,0,0,0,1
1.06,2.7,7697.0,4,50.2,3.2,0,0,1,0,1
4.71,3.3,2500.0,6,48.4,1.5,0,1,0,0,0
2.71,0.5,4787.0,4,42.1,3.1,0,0,0,0,0
4.87,1.5,6423.0,7,34.2,0.1,1,0,0,1,0
4.85,7.1,8400.0,6,47.2,0.2,1,0,0,0,0
4.41,0.7,5016.0,2,42.2,1.8,1,0,0,0,0
2.18,3.8,2500.0,1,25.0,2.4,0,1,0,0,0
2.54,1.2,7239.0,2,48.3,6.6,1,0,0,1,1
4.4,0.5,4729.0,2,41.8,0.3,0,1,0,0,0
2.27,1.4,3621.0,1,51.6,5.2,0,0,0,1,0
1.68,18.6,4751.0,1,33.2,0.7,0,0,0,0,0
3.23,8.1,5631.0,3,25.0,1.5,1,0,0,0,0
4.74,16.0,4791.0,6,44.2,1.1,0,1,0,1,0
3.78,3.3,2500.0,7,44.3,1.5,0,1,0,0,0
3.28,0.6,7794.0,3,28.5,0.5,0,0,0,1,0
1.39,4.0,8550.0,1,34.2,2.1,0,0,0,0,0
3.46,3.0,7303.0,4,64.0,4.9,1,0,0,1,0
4.96,9.3,3725.0,7,39.6,1.7,0,0,1,0,0
1.56,0.5,5597.0,4,47.8,2.0,1,0,0,1,0
3.07,3.3,5987.0,2,36.8,5.7,1,0,0,0,0
4.51,0.8,7198.0,5,25.3,3.7,1,0,0,0,0
3.96,2.0,7337.0,2,40.6,2.0,0,1,0,0,0
3.79,6.7,4532.0,2,39.9,0.9,0,1,0,0,0
3.81,3.2,6164.0,5,38.8,6.5,1,0,0,0,0
2.44,2.4,6915.0,6,41.1,2.6,0,0,1,0,0
2.17,2.5,8912.0,1,44.1,0.7,1,0,0,0,0
4.24,3.1,7409.0,4,40.8,0.9,0,1,0,1,0
4.24,7.7,7578.0,2,31.9,4.9,1,0,0,1,0
4.47,11.1,6168.0,5,45.9,0.1,1,0,0,1,0
4.65,15.5,8821.0,3,26.4,14.5,0,1,0,0,0
3.05,7.7,6820.0,2,25.6,0.4,1,0,0,0,0
3.01,1.9,4278.0,4,47.9,4.8,0,1,0,0,1
4.19,5.8,8807.0,1,46.1,1.5,1,0,0,1,0
3.6,2.9,7396.0,2,41.5,2.0,0,1,0,0,1
3.81,1.5,5114.0,2,30.8,6.4,1,0,0,0,0
4.18,9.2,5041.0,6,36.3,1.6,0,0,1,1,0
4.56,0.5,6593.0,5,39.9,2.3,0,0,1,0,0
2.35,11.6,6926.0,3,29.2,0.2,1,0,0,1,1
2.5,3.1,6395.0,3,36.1,0.0,0,1,0,1,0
1.38,5.1,6623.0,7,47.2,0.8,1,0,0,0,0
3.31,5.4,9400.0,1,53.4,3.4,0,1,0,0,0
1.14,11.3,8143.0,7,38.6,0.4,1,0,0,0,0
2.86,5.1,6381.0,4,48.1,0.4,0,1,0,1,0
3.17,4.8,7883.0,1,26.7,1.6,0,1,0,0,0
2.15,0.5,3935.0,2,47.3,3.1,0,0,0,1,0
3.36,3.7,6796.0,2,35.6,3.7,0,1,0,0,0
1.12,0.8,9619.0,3,44.5,0.6,0,1,0,0,0
1.15,6.7,5564.0,4,40.0,0.2,0,1,0,0,1
4.29,3.6,4305.0,5,52.6,8.5,0,0,0,1,0
2.44,5.7,4696.0,4,35.0,0.9,0,0,1,0,0
1.51,0.5,3821.0,2,47.0,5.8,1,0,0,1,1
3.09,0.5,4430.0,5,39.8,6.0,0,0,1,0,0
4.08,6.3,5259.0,4,40.7,4.4,0,1,0,0,0
1.86,0.5,3189.0,4,40.5,0.6,0,0,1,1,0
3.49,0.5,6031.0,5,35.2,5.2,0,0,1,1,0
1.34,0.5,7805.0,2,41.9,4.4,1,0,0,0,0
1.21,15.7,4184.0,4,41.5,2.7,0,0,1,0,1
3.13,6.7,9039.0,5,43.9,1.2,1,0,0,1,1
3.16,2.2,7022.0,6,42.7,0.9,1,0,0,0,0
3.55,1.8,8061.0,6,48.4,0.4,1,0,0,0,0
3.9,2.2,4684.0,2,49.4,2.1,0,0,1,1,0
4.9,7.5,7709.0,5,33.6,2.6,1,0,0,0,0
3.07,5.4,3816.0,6,49.0,1.3,1,0,0,0,0
2.29,1.0,7780.0,5,32.5,1.9,0,0,1,0,0
4.18,1.0,6344.0,4,46.7,1.4,1,0,0,1,0
2.08,0.5,7107.0,2,47.0,3.1,1,0,0,1,0
2.76,5.4,3649.0,6,26.7,6.9,1,0,0,0,0
1.31,7.2,4210.0,7,42.7,0.5,1,0,0,0,0
1.1,1.5,7194.0,4,38.3,1.4,0,1,0,0,0
4.85,0.5,4103.0,7,35.9,0.5,1,0,0,1,0
4.34,0.5,6926.0,7,52.8,2.9,0,0,0,0,0
3.78,17.2,3266.0,1,36.8,3.9,0,0,1,1,0
2.64,1.8,7696.0,1,35.5,8.1,1,0,0,0,1
1.69,7.3,3535.0,2,42.6,1.0,1,0,0,1,0
1.63,4.9,7105.0,6,47.5,9.0,0,1,0,0,1
2.0,2.4,7251.0,6,40.9,0.2,0,1,0,1,0
3.2,1.2,4606.0,6,51.3,2.8,1,0,0,0,0
3.86,0.6,7164.0,5,46.2,0.2,1,0,0,0,0
3.64,4.8,6521.0,4,25.0,6.7,0,0,0,1,0
2.12,7.5,4922.0,6,37.8,2.3,1,0,0,1,0
4.82,5.2,3983.0,4,37.5,3.3,1,0,0,0,0
3.95,3.8,2500.0,2,45.8,5.3,0,0,0,1,0
3.22,0.5,6699.0,7,25.0,0.5,0,0,1,0,0
3.45,17.3,2870.0,6,62.4,0.1,1,0,0,1,0
2.68,8.0,6191.0,2,46.2,6.3,0,0,1,0,0
1.99,1.7,5473.0,6,43.2,1.1,1,0,0,0,1
2.42,19.6,7358.0,1,51.5,0.4,0,0,1,0,0
4.03,4.6,5396.0,3,60.7,1.9,0,1,0,0,0
1.06,4.4,5341.0,2,49.0,2.7,0,0,1,1,1
1.46,6.9,7464.0,6,49.6,0.1,0,0,0,0,0
1.18,8.4,6670.0,3,43.0,1.0,0,0,0,0,0
1.16,5.3,6632.0,2,40.9,0.1,0,0,0,0,0
4.42,0.7,6939.0,5,38.2,1.6,0,1,0,1,0
3.81,2.1,2929.0,6,35.4,6.8,1,0,0,0,0
2.9,13.2,7514.0,5,36.5,12.2,0,1,0,0,1
1.39,1.3,7225.0,1,31.2,3.0,0,0,1,1,0
2.97,2.3,3967.0,6,41.4,0.5,0,0,0,0,0
2.89,2.8,5512.0,7,28.5,7.1,1,0,0,1,0
1.69,2.9,5921.0,1,43.5,2.2,0,0,0,1,0
2.74,4.7,5731.0,3,41.7,0.5,0,0,1,0,0
2.59,14.3,6668.0,2,43.2,7.6,0,0,0,1,0
3.46,1.4,8863.0,4,37.8,4.2,0,0,0,1,0
3.54,0.6,8164.0,1,66.6,3.9,1,0,0,0,0
1.18,1.1,3376.0,4,52.9,3.7,1,0,0,0,0
2.5,10.9,7244.0,4,32.0,0.7,1,0,0,1,0
3.5,5.2,8658.0,2,43.9,0.7,1,0,0,0,0
3.01,1.7,6774.0,3,37.1,3.5,0,1,0,1,0
4.43,8.5,8182.0,2,33.9,0.7,0,0,1,0,0
3.63,9.9,10025.0,6,31.3,1.7,0,0,0,0,0
1.65,9.4,8047.0,1,45.5,4.6,0,1,0,0,0
1.28,12.6,6499.0,4,36.5,4.6,1,0,0,0,0
3.57,1.5,8090.0,2,49.7,1.8,1,0,0,0,0
1.11,7.0,6290.0,2,50.0,4.7,1,0,0,1,0
3.34,3.1,6048.0,2,53.0,5.5,1,0,0,1,0
4.76,9.2,5297.0,1,35.2,3.2,0,1,0,1,0
3.3,6.5,9127.0,3,45.8,0.8,1,0,0,1,0
2.55,7.5,4363.0,7,47.1,1.0,1,0,0,1,0
3.57,5.3,9065.0,2,38.2,1.1,1,0,0,0,0
2.83,1.0,7000.0,1,35.8,0.4,0,1,0,1,0
3.18,3.9,3201.0,4,54.9,1.0,0,1,0,0,1
4.77,20.9,6735.0,6,43.8,0.7,0,1,0,1,0
2.54,13.9,2500.0,7,47.1,1.8,0,1,0,1,0
4.84,0.5,7251.0,5,35.4,7.2,0,0,0,0,0
4.62,0.9,7770.0,7,32.2,0.3,1,0,0,0,0
1.78,0.7,4815.0,7,37.4,3.8,0,1,0,0,0
1.28,6.5,6247.0,1,41.0,3.5,0,0,1,0,0
1.4,8.5,9908.0,5,33.5,0.3,0,1,0,0,0
1.07,1.2,4989.0,2,41.9,7.7,0,0,0,0,0
1.38,3.5,3882.0,2,28.5,2.5,1,0,0,0,0
3.73,9.2,8963.0,7,33.0,1.4,0,1,0,1,0
1.28,6.6,9925.0,1,47.4,4.2,1,0,0,1,1
2.28,3.9,6007.0,5,46.8,0.9,0,1,0,1,0
4.38,4.5,8023.0,2,38.9,3.5,1,0,0,1,0
1.09,3.6,8683.0,4,33.9,0.1,1,0,0,0,0
4.26,1.8,4515.0,3,33.8,5.5,0,1,0,0,0
2.13,4.2,5029.0,3,39.0,1.8,0,1,0,1,0
1.47,5.8,8462.0,2,47.2,3.0,1,0,0,1,0
3.79,10.3,9370.0,5,49.4,0.8,0,0,1,0,0
3.52,5.1,7126.0,6,38.0,3.4,0,1,0,1,0
4.51,7.2,4240.0,2,32.8,4.4,1,0,0,1,1
3.94,0.9,9974.0,6,44.1,1.9,0,1,0,1,1
4.21,3.1,4938.0,6,35.4,2.9,0,0,1,1,0
2.13,0.5,5330.0,5,37.9,1.8,0,1,0,0,1
1.71,1.4,6685.0,6,52.6,6.7,1,0,0,1,0
4.0,6.5,9108.0,4,48.6,2.1,1,0,0,1,0
4.23,24.0,7708.0,5,43.3,5.5,0,1,0,0,0
4.96,0.5,6830.0,2,31.8,4.8,0,0,0,1,0
2.65,2.6,6927.0,7,43.7,1.6,0,0,1,0,0
2.49,8.0,6087.0,4,50.5,0.8,1,0,0,0,0
4.11,1.1,7116.0,1,39.0,1.6,0,1,0,0,0
2.36,4.0,2500.0,3,52.8,5.2,0,0,0,0,0
4.72,6.6,5407.0,2,52.3,0.8,1,0,0,0,0
4.43,4.8,6483.0,2,55.3,2.2,0,0,0,1,0
2.72,1.0,3698.0,2,44.4,4.9,0,0,0,0,1
4.0,2.2,6773.0,4,46.7,1.3,1,0,0,0,0
4.02,7.7,5591.0,1,53.3,3.1,0,0,0,0,0
1.41,4.0,9511.0,7,45.6,0.8,1,0,0,0,0
4.61,0.5,9146.0,5,38.0,0.3,0,0,1,1,0
3.02,7.2,5068.0,1,38.4,4.7,0,1,0,1,0
4.31,0.5,5698.0,4,43.9,0.3,0,1,0,1,0
2.28,6.8,5852.0,2,31.7,0.9,0,1,0,1,0
4.58,1.1,5097.0,3,40.9,5.8,0,0,1,0,0
2.56,15.9,6390.0,2,50.8,1.3,1,0,0,1,0
1.04,2.3,4483.0,5,25.0,10.8,0,1,0,1,1
4.62,2.0,3739.0,6,54.3,11.7,1,0,0,0,0
1.37,0.8,7245.0,3,51.0,0.9,1,0,0,1,0
2.28,1.8,7259.0,2,38.3,0.1,1,0,0,1,0
4.8,10.5,4391.0,7,46.3,3.7,0,1,0,1,1
4.8,28.0,7791.0,3,42.0,1.8,1,0,0,0,0
3.29,2.3,4737.0,6,51.8,0.3,1,0,0,1,1
3.53,3.0,6506.0,1,49.9,3.7,1,0,0,0,0
2.79,6.4,7641.0,4,30.8,0.1,1,0,0,0,0
2.17,10.9,5933.0,2,46.7,6.1,0,1,0,0,1
2.31,4.5,6909.0,5,40.4,0.4,0,0,0,0,0
3.69,2.5,4967.0,1,42.7,0.4,1,0,0,0,0
4.01,2.7,5607.0,2,36.2,0.6,0,0,0,0,0
4.17,5.9,5588.0,1,56.0,9.7,0,0,1,1,0
4.16,0.5,4507.0,5,50.3,3.5,0,1,0,1,0
1.36,4.8,5646.0,2,36.1,4.8,0,1,0,1,0
2.98,2.2,2903.0,6,31.3,1.5,0,0,1,0,0
1.23,7.9,5018.0,6,38.9,1.2,1,0,0,0,0
3.2,0.5,5430.0,5,45.5,0.8,0,1,0,1,0
2.77,4.4,5488.0,3,43.9,2.0,0,0,1,0,0
4.55,3.3,5517.0,5,52.0,2.4,0,1,0,1,0
2.4,5.1,5876.0,3,48.3,3.0,0,0,1,1,0
1.47,0.5,6959.0,2,49.8,0.9,1,0,0,0,0
1.57,4.3,7749.0,3,44.6,8.9,0,0,1,1,0
4.05,4.1,4700.0,2,30.9,0.6,0,1,0,1,0
3.47,4.1,3594.0,2,40.4,10.1,1,0,0,0,0
1.4,4.6,3916.0,7,50.5,0.0,1,0,0,0,0
1.34,5.6,5026.0,4,41.6,2.0,0,1,0,0,0
3.8,8.2,5296.0,2,46.0,1.2,0,0,0,0,0
1.29,1.6,4460.0,3,39.5,1.8,0,1,0,0,1
4.29,8.7,3408.0,4,33.8,2.5,0,0,1,0,0
3.82,3.4,5088.0,4,41.0,1.7,0,1,0,0,0
1.33,0.5,6363.0,2,44.5,1.6,1,0,0,1,0
1.34,0.5,7190.0,5,36.8,4.0,1,0,0,0,1
4.95,2.0,4885.0,5,40.1,3.5,1,0,0,0,0
2.5,7.7,5174.0,6,34.5,5.4,1,0,0,0,0
2.48,6.1,4147.0,4,51.0,0.9,1,0,0,0,0
4.25,7.8,5937.0,2,39.6,2.8,0,0,1,0,0
4.79,3.6,4303.0,7,53.6,2.6,0,0,1,0,0
4.94,2.9,7146.0,5,54.2,1.4,1,0,0,0,0
4.01,0.8,2500.0,7,41.4,2.0,1,0,0,1,1
2.51,2.0,5281.0,2,33.9,1.1,1,0,0,1,0
1.33,2.8,6602.0,2,25.3,0.5,0,1,0,0,0
4.11,0.5,6368.0,4,30.2,0.7,1,0,0,0,0
3.23,1.2,11386.0,7,31.0,0.3,1,0,0,1,0
2.7,4.6,6700.0,6,53.0,3.4,0,0,0,1,0
4.63,6.7,3992.0,4,42.9,3.2,0,0,1,0,0
1.44,30.0,5809.0,1,45.1,9.0,1,0,0,1,0
2.97,13.5,2500.0,7,25.0,3.9,0,1,0,0,0
1.05,5.1,5839.0,5,32.4,0.2,1,0,0,0,1
2.87,2.7,4334.0,5,49.1,6.5,0,0,1,1,0
1.23,5.1,7831.0,5,44.3,6.0,0,1,0,1,0
1.48,7.7,4901.0,3,40.8,1.8,1,0,0,1,0
1.47,0.6,5766.0,2,46.5,2.6,0,0,1,0,0
3.6,2.6,4729.0,4,55.1,11.2,1,0,0,0,0
3.98,9.2,9478.0,5,40.2,2.3,1,0,0,0,0
3.33,2.4,5358.0,1,42.6,7.1,1,0,0,0,0
4.85,4.2,9665.0,5,43.5,0.3,0,1,0,1,0
2.5,4.4,7628.0,6,61.1,0.6,1,0,0,1,0
2.14,1.0,6964.0,2,25.2,1.7,1,0,0,1,1
4.47,2.2,6737.0,7,47.5,2.6,1,0,0,1,0
1.89,2.0,6788.0,2,41.1,5.1,1,0,0,0,1
4.85,0.5,2500.0,7,46.5,13.3,0,0,1,1,0
1.05,0.5,5442.0,7,36.7,1.5,1,0,0,1,1
4.88,8.9,7690.0,4,41.6,0.1,1,0,0,0,0
1.17,1.6,5902.0,3,47.7,4.8,0,0,1,1,1
4.56,3.6,3190.0,7,66.9,2.8,0,0,1,0,0
3.11,1.8,5895.0,7,48.5,0.7,0,0,1,1,0
4.97,14.1,9408.0,4,35.2,2.0,0,1,0,0,0
1.3,1.5,8494.0,5,38.6,4.1,1,0,0,0,0
3.22,2.8,5876.0,6,38.4,4.4,0,0,1,1,1
4.88,10.3,7903.0,1,27.6,2.1,0,0,1,1,0
3.09,9.2,5267.0,4,39.4,1.1,1,0,0,0,0
3.52,1.0,2592.0,3,47.9,10.9,0,0,0,0,0
3.78,8.1,4151.0,4,31.8,3.3,1,0,0,0,0
2.82,3.1,9126.0,2,50.4,1.6,0,0,0,0,0
3.51,3.3,5452.0,5,45.9,1.0,0,0,0,1,0
3.34,0.7,5513.0,5,36.1,3.9,0,0,1,1,0
4.6,0.5,5400.0,7,40.9,0.8,0,0,0,0,0
1.18,6.5,9808.0,5,54.8,0.6,0,0,1,1,0
2.12,3.4,9252.0,5,47.9,2.3,1,0,0,0,0
4.8,2.9,10438.0,5,42.1,1.0,0,1,0,1,0
4.56,6.5,5682.0,5,40.1,3.0,1,0,0,0,0
2.82,7.3,6591.0,1,42.6,0.4,1,0,0,0,0
3.48,0.9,2967.0,3,37.9,3.2,0,0,1,1,0
2.11,4.7,8954.0,7,25.2,1.0,1,0,0,0,0
1.75,0.7,3664.0,5,58.3,0.0,1,0,0,1,0
2.85,7.0,6434.0,7,43.2,0.4,0,1,0,1,0
2.41,5.3,3805.0,3,45.2,8.1,0,0,0,0,0
3.33,15.7,4822.0,6,41.5,6.1,1,0,0,0,0
1.31,0.5,4325.0,5,36.1,0.8,1,0,0,1,1
4.9,0.5,4784.0,7,40.5,4.5,1,0,0,1,0
4.94,1.7,4922.0,4,29.2,2.8,0,0,1,0,0
3.79,1.5,4903.0,7,60.2,10.6,1,0,0,0,0
3.14,1.4,7667.0,5,32.1,1.4,0,0,1,1,0
2.24,11.8,3790.0,2,33.7,3.4,1,0,0,0,0
4.26,1.4,6441.0,1,38.5,0.2,1,0,0,0,0
3.74,1.6,8436.0,4,52.3,1.5,0,0,0,0,0
1.65,7.1,4974.0,4,42.1,10.0,1,0,0,1,0
4.64,3.0,4564.0,2,32.1,2.3,0,1,0,1,0
4.29,7.5,5539.0,5,52.0,1.0,1,0,0,1,0
4.8,0.5,8359.0,1,47.8,0.4,0,1,0,1,0
3.9,3.3,6388.0,4,46.3,3.6,0,1,0,1,0
3.45,0.5,4938.0,1,47.7,3.1,1,0,0,0,0
2.67,0.5,6968.0,4,61.2,1.4,1,0,0,1,0
4.73,11.8,3795.0,5,59.5,9.0,1,0,0,0,0
4.46,0.7,7363.0,6,36.5,0.1,0,0,1,1,0
1.18,3.8,6817.0,4,55.0,1.1,0,0,1,0,0
1.11,2.6,5384.0,6,45.1,7.6,0,1,0,0,0
2.51,2.1,4323.0,4,46.0,1.2,0,1,0,1,1
4.24,11.5,4227.0,3,28.5,0.9,1,0,0,1,0
4.95,0.5,7070.0,5,40.6,2.3,1,0,0,0,0
1.6,5.5,8458.0,2,35.5,5.2,1,0,0,1,0
3.38,16.5,4725.0,6,48.6,0.3,1,0,0,0,0
2.52,4.1,6917.0,2,50.6,8.6,1,0,0,0,0
4.88,13.8,2500.0,5,25.4,4.8,0,1,0,1,0
4.37,0.5,4831.0,7,41.8,0.6,0,1,0,0,0
4.35,2.7,5938.0,2,51.0,3.7,0,0,0,1,0
2.87,1.5,4181.0,5,40.5,1.5,1,0,0,0,0
2.66,6.6,4127.0,2,47.8,1.5,0,1,0,1,0
2.09,19.9,4664.0,6,44.8,4.6,0,0,1,1,0
1.23,1.5,6584.0,3,44.7,9.9,0,1,0,0,1
4.46,5.3,5625.0,2,39.8,0.4,1,0,0,0,0
4.25,1.1,2500.0,6,32.3,1.6,1,0,0,1,0
5.0,4.2,2500.0,4,33.0,2.0,1,0,0,1,0
4.99,3.1,4786.0,5,47.7,1.4,1,0,0,0,0
3.22,17.9,6915.0,1,42.2,1.4,0,0,1,0,0
4.08,4.7,2500.0,7,40.9,0.2,1,0,0,0,0
4.78,2.2,5001.0,1,38.6,3.5,1,0,0,0,0
4.4,0.6,4948.0,5,39.6,1.7,0,0,1,0,0
1.99,0.8,8777.0,3,50.4,0.6,0,0,1,0,0
2.8,1.3,5230.0,2,39.3,5.1,0,1,0,1,0
1.52,1.4,6766.0,3,31.3,4.9,0,0,1,1,0
4.82,9.5,6283.0,1,47.9,2.0,1,0,0,1,0
3.42,4.1,2500.0,7,40.4,1.1,1,0,0,1,0
1.91,3.7,7536.0,6,42.3,3.0,1,0,0,1,0
3.69,0.6,6431.0,7,54.9,1.0,0,1,0,0,1
3.47,9.8,7017.0,5,41.8,0.8,0,0,0,1,0
2.43,6.4,13852.0,5,44.3,3.9,1,0,0,1,0
1.45,0.5,2500.0,3,32.6,0.1,0,1,0,1,0
3.69,6.2,9449.0,6,40.2,0.3,1,0,0,0,0
3.08,3.9,5425.0,3,46.9,0.0,0,1,0,1,0
4.09,0.5,6575.0,2,29.6,0.5,1,0,0,1,0
3.08,3.1,5909.0,4,43.6,0.2,1,0,0,1,0
4.41,3.3,5152.0,6,42.8,15.0,0,0,1,0,0
3.21,0.9,4860.0,4,42.3,1.0,0,1,0,1,0
3.24,14.6,6659.0,7,50.3,0.5,0,1,0,1,0
4.51,9.5,2966.0,2,44.7,0.8,1,0,0,0,0
2.61,5.5,7501.0,4,53.8,8.3,1,0,0,1,0
1.54,3.1,5168.0,1,34.1,2.2,1,0,0,0,0
1.12,2.7,3740.0,7,43.1,1.4,0,0,1,1,0
4.02,5.3,5100.0,4,42.7,6.2,0,0,0,1,0
3.48,3.9,8514.0,2,33.4,1.5,0,1,0,0,0
3.82,0.5,4929.0,4,49.7,1.2,1,0,0,0,0
1.85,3.6,6717.0,5,60.6,0.7,0,0,1,1,0
1.55,8.2,4538.0,3,41.9,1.4,0,1,0,0,1
1.06,3.1,7516.0,1,46.0,1.1,0,1,0,0,0
2.4,0.5,7371.0,5,42.7,3.4,1,0,0,1,0
3.36,7.7,9697.0,5,36.3,1.0,0,0,1,0,0
2.57,1.1,5649.0,2,27.4,2.6,0,1,0,0,0
2.75,1.5,7337.0,3,36.4,0.2,0,0,1,1,0
4.62,0.9,6196.0,3,30.9,0.6,0,0,1,0,0
2.39,2.0,8592.0,6,55.6,1.6,1,0,0,0,0
3.06,7.1,4562.0,7,41.1,8.3,0,0,1,1,0
4.13,3.7,7490.0,1,39.2,1.4,0,0,1,1,0
2.59,1.1,5611.0,7,49.1,3.3,1,0,0,1,0
3.49,10.5,5872.0,2,33.0,0.9,1,0,0,1,0
4.45,10.6,6184.0,1,35.9,0.4,1,0,0,1,0
4.8,10.2,6504.0,6,42.5,0.2,0,1,0,0,0
1.59,1.4,5768.0,4,50.2,1.1,1,0,0,0,0
4.71,3.0,6429.0,5,46.0,0.5,0,1,0,0,0
2.97,21.0,9156.0,1,44.0,0.6,1,0,0,0,0
2.03,7.4,7971.0,7,42.6,4.3,0,0,0,1,0
2.84,0.5,7738.0,5,45.2,0.0,1,0,0,1,0
4.92,0.5,5089.0,2,43.6,2.4,1,0,0,0,0
2.97,3.1,4222.0,7,33.8,1.4,0,1,0,1,0
2.32,12.0,7911.0,4,42.4,2.1,0,1,0,0,0
3.53,3.9,7752.0,2,33.4,2.5,1,0,0,0,0
1.96,3.4,8945.0,4,42.6,1.1,1,0,0,1,0
1.3,0.6,4792.0,4,38.2,1.0,1,0,0,0,1
1.52,5.3,5541.0,5,62.3,4.0,0,0,1,0,1
1.51,8.6,2721.0,2,41.7,6.2,0,0,1,0,0
1.61,2.4,5215.0,2,30.8,0.6,0,1,0,0,0
1.56,7.5,7993.0,1,40.9,0.3,0,0,1,1,0
3.56,16.7,5067.0,7,46.2,6.8,0,0,1,1,0
1.73,1.1,7281.0,2,55.4,1.3,1,0,0,0,0
2.38,3.7,5619.0,1,37.3,2.4,0,0,0,0,0
4.59,1.7,6648.0,3,29.3,1.3,0,0,1,1,0
2.9,7.9,3705.0,3,48.5,0.4,1,0,0,1,0
3.67,4.3,6170.0,3,31.0,2.7,1,0,0,0,0
1.69,5.0,2500.0,6,38.5,2.2,1,0,0,0,0
1.77,8.0,5626.0,2,39.9,0.7,1,0,0,1,0
1.16,2.5,2739.0,6,41.4,1.8,0,0,1,1,0
1.68,12.3,8412.0,7,47.5,4.8,0,1,0,0,0
2.11,3.8,7555.0,2,36.5,2.7,0,0,1,1,0
1.71,0.9,6933.0,1,39.8,0.3,0,0,1,0,0
1.35,6.0,9042.0,6,41.9,2.4,0,1,0,0,0
1.48,7.9,4102.0,6,43.2,3.6,0,0,1,0,0
2.84,1.9,9495.0,7,42.8,4.7,1,0,0,1,0
1.83,9.7,7864.0,6,45.5,3.0,1,0,0,0,0
2.46,11.8,5527.0,4,48.8,0.5,0,1,0,0,0
3.01,1.6,8271.0,1,45.1,3.7,1,0,0,0,0
3.76,20.5,3787.0,3,45.6,3.4,1,0,0,1,0
1.16,0.8,4351.0,1,29.3,0.1,0,0,0,0,0
4.2,1.1,4783.0,4,42.4,1.6,0,0,1,0,0
3.51,1.0,4942.0,7,45.8,1.2,1,0,0,0,0
1.33,11.2,3887.0,7,47.8,3.3,0,0,1,1,1
4.49,5.3,8446.0,2,36.5,0.7,0,0,1,0,0
4.68,0.8,5482.0,1,36.7,2.7,1,0,0,0,0
1.24,2.9,6705.0,7,37.4,7.3,1,0,0,0,1
2.11,4.8,4859.0,6,46.3,4.8,0,0,0,1,0
4.22,0.5,2500.0,7,50.3,7.6,1,0,0,0,0
3.99,10.7,6540.0,7,38.7,11.5,1,0,0,1,0
1.74,8.1,2500.0,7,49.3,0.0,0,1,0,1,1
1.84,3.5,5863.0,7,43.0,2.9,0,0,1,1,0
2.48,17.1,3263.0,3,41.0,1.6,1,0,0,0,0
2.94,2.7,9975.0,3,40.3,5.9,1,0,0,1,0
3.47,20.7,7823.0,2,48.0,0.9,1,0,0,0,0
2.48,5.5,6212.0,7,44.6,11.9,0,0,0,0,0
2.85,5.0,8527.0,1,60.2,2.9,1,0,0,1,0
3.99,0.9,4307.0,4,35.2,4.7,0,1,0,0,0
1.15,10.7,7087.0,2,46.1,0.3,0,0,0,0,0
2.01,2.8,6400.0,1,37.8,0.6,1,0,0,0,0
3.85,0.9,6528.0,7,35.0,4.3,0,0,0,1,0
4.58,0.5,8545.0,5,41.9,0.1,0,0,0,0,0
3.05,4.1,7465.0,7,43.1,5.1,0,0,0,1,0
3.13,3.7,6577.0,3,65.3,0.0,1,0,0,1,0
1.43,6.4,2690.0,4,40.5,3.2,0,1,0,1,1
2.79,11.0,4080.0,6,33.0,1.4,0,0,1,0,0
3.13,0.5,5755.0,4,44.2,2.8,0,0,0,1,0
1.97,6.6,6187.0,6,25.4,3.6,1,0,0,0,0
2.08,1.0,3740.0,4,41.3,1.3,0,0,1,0,0
2.51,9.8,10823.0,3,42.1,0.3,1,0,0,0,0
1.08,8.5,9033.0,6,48.4,0.2,1,0,0,0,0
2.29,3.9,7204.0,1,49.8,2.7,0,1,0,0,0
1.85,6.2,6144.0,6,38.0,2.2,0,0,1,0,0
2.31,1.9,5576.0,2,40.8,4.1,0,1,0,0,0
1.48,3.2,4096.0,1,35.9,2.1,0,1,0,0,0
4.56,8.6,6155.0,2,33.0,1.6,0,0,0,1,0
3.37,3.1,6516.0,7,44.5,1.5,1,0,0,1,0
3.72,2.2,3516.0,4,31.8,0.1,0,1,0,1,0
4.16,3.4,6668.0,1,38.7,1.2,1,0,0,0,0
2.99,8.8,5689.0,4,34.0,11.2,1,0,0,0,0
1.35,2.0,2500.0,7,46.4,6.2,0,0,1,1,1
3.15,1.0,4279.0,5,56.4,1.2,0,0,0,0,0
3.35,6.2,5173.0,4,31.6,2.7,0,1,0,1,0
3.98,8.7,9775.0,7,27.2,5.6,0,0,1,0,0
2.73,0.5,7113.0,4,41.0,1.7,1,0,0,1,0
1.51,1.4,3329.0,7,42.1,0.1,1,0,0,0,0
2.14,0.8,6972.0,2,43.7,0.2,0,1,0,0,0
2.45,2.1,2905.0,7,38.4,2.1,1,0,0,1,0
3.58,3.0,8165.0,6,40.4,10.5,1,0,0,0,1
3.28,6.9,5058.0,5,44.9,3.5,0,1,0,0,1
2.42,5.3,5813.0,4,50.3,0.2,1,0,0,0,0
4.95,4.9,8652.0,7,26.4,0.6,1,0,0,1,0
3.42,2.2,3426.0,7,39.0,4.4,0,1,0,0,1
1.95,9.2,3206.0,4,43.7,5.5,0,1,0,0,0
1.41,3.2,4833.0,5,34.7,2.9,0,0,0,0,0
1.61,19.3,8077.0,5,55.8,3.1,0,1,0,0,1
1.98,5.0,2961.0,7,36.9,0.1,0,1,0,1,0
1.64,0.7,2500.0,1,41.7,5.3,0,0,0,0,1
1.75,5.6,5098.0,2,46.4,4.7,0,0,1,0,0
2.14,2.0,7103.0,5,37.3,0.9,1,0,0,0,0
1.69,5.8,8401.0,5,27.2,3.7,1,0,0,0,0
4.59,0.5,5074.0,3,38.6,0.7,0,0,1,0,0
1.32,1.0,5177.0,6,50.2,0.1,0,1,0,0,0
3.1,9.7,8308.0,5,39.3,0.7,0,0,1,0,0
2.64,1.3,2500.0,2,35.2,0.6,0,0,1,1,0
4.93,9.1,5223.0,6,49.4,1.2,0,1,0,0,0
1.45,1.6,6381.0,6,39.4,1.6,0,0,0,1,0
2.59,5.1,6898.0,4,37.9,2.1,0,1,0,0,0
4.88,5.9,4980.0,4,43.2,1.9,1,0,0,0,0
4.46,3.6,6069.0,4,48.2,0.9,0,0,1,0,0
4.27,1.8,2500.0,4,61.1,0.1,1,0,0,0,0
2.03,1.2,4684.0,3,48.6,2.8,0,0,1,1,0
1.68,0.5,6907.0,5,51.3,1.5,0,0,0,1,1
3.67,1.8,4035.0,4,38.0,1.1,0,0,1,1,0
4.72,5.3,6118.0,7,33.8,6.1,0,1,0,1,0
3.23,13.9,6894.0,1,42.5,4.1,0,1,0,0,1
3.29,10.2,5315.0,4,42.9,5.9,1,0,0,0,0
2.12,7.3,6341.0,5,33.4,2.0,1,0,0,1,0
4.08,7.8,4075.0,4,40.6,0.4,0,1,0,1,0
1.75,5.5,5587.0,3,45.2,3.6,0,0,1,0,0
2.29,1.5,7220.0,2,44.9,0.7,0,0,1,0,0
2.7,11.9,6314.0,2,46.0,1.7,1,0,0,0,0
3.03,5.6,4827.0,5,44.3,0.2,0,1,0,1,0
1.97,4.1,6448.0,7,37.9,5.2,0,0,1,0,1
1.46,0.6,7429.0,2,37.9,0.4,0,1,0,0,0
3.44,3.0,2500.0,2,32.4,7.0,0,1,0,0,1
2.15,3.1,8318.0,1,56.3,6.0,0,0,1,1,0
3.32,10.0,5327.0,5,42.1,1.9,0,0,1,0,0
1.62,4.0,6851.0,7,40.2,4.1,0,1,0,1,0
2.92,2.4,8394.0,5,34.6,2.9,0,0,0,0,0
3.13,18.8,3257.0,2,65.5,4.9,1,0,0,1,0
1.21,0.6,4581.0,2,33.4,1.7,0,0,0,1,0
2.35,2.7,5423.0,2,38.6,4.6,1,0,0,0,0
1.54,0.5,4432.0,6,45.3,1.9,1,0,0,0,1
1.25,6.7,9470.0,3,46.8,8.5,0,0,0,0,0
4.96,12.5,4286.0,4,49.7,2.0,1,0,0,0,0
2.29,1.6,4889.0,3,56.5,1.9,0,0,1,1,0
4.24,9.8,6409.0,5,46.0,4.6,0,0,1,0,0
2.02,1.7,3596.0,1,33.6,5.2,0,0,0,0,0
3.73,12.1,5209.0,4,39.9,2.4,0,0,0,0,0
4.04,7.0,6635.0,1,44.5,0.6,1,0,0,0,0
3.38,8.2,5334.0,7,58.5,1.9,0,0,1,1,0
2.89,0.5,5813.0,6,30.8,10.3,1,0,0,0,0
2.65,16.5,4941.0,5,51.6,4.2,0,1,0,1,0
2.4,6.5,2971.0,6,43.4,5.0,0,0,1,1,0
4.72,1.8,6643.0,5,48.7,0.1,1,0,0,0,0
4.32,8.8,9510.0,1,41.2,1.9,0,1,0,0,0
4.86,1.7,6037.0,1,35.3,3.1,0,1,0,1,0
1.5,10.3,6451.0,1,48.0,5.3,0,1,0,0,0
3.92,0.6,7385.0,5,47.2,0.2,0,0,0,0,1
4.75,6.1,3461.0,2,49.8,5.7,1,0,0,0,1
1.72,3.9,9405.0,1,41.9,2.4,0,1,0,0,0
1.27,0.5,6405.0,6,37.2,0.7,0,0,0,1,0
3.96,1.4,9264.0,7,29.5,1.1,0,1,0,0,0
3.3,0.5,4534.0,4,48.6,1.0,1,0,0,0,0
4.37,3.2,9636.0,5,45.4,2.3,0,1,0,1,0
1.56,1.8,7550.0,6,34.3,0.2,1,0,0,1,0
4.18,4.6,7106.0,3,37.7,0.5,1,0,0,0,0
1.81,1.8,6468.0,7,38.3,5.0,0,0,1,1,1
1.65,1.8,5503.0,3,30.1,0.4,0,1,0,0,0
1.66,6.8,8401.0,4,35.5,0.8,0,0,0,1,0
4.26,0.5,6281.0,2,32.9,1.8,0,0,1,0,0
3.66,11.7,2500.0,1,38.7,2.2,0,0,1,0,0
3.09,9.6,3766.0,5,36.1,4.3,1,0,0,1,0
2.44,5.5,5628.0,6,29.0,1.8,0,1,0,0,0
4.51,4.5,6620.0,1,58.2,4.7,1,0,0,1,0
2.57,11.1,5887.0,6,52.0,2.9,0,0,0,0,0
4.27,1.0,8438.0,5,35.8,0.4,1,0,0,1,0
2.76,0.5,2500.0,3,44.2,0.5,1,0,0,1,0
2.51,1.4,6287.0,1,45.3,1.7,0,1,0,0,0
2.85,7.9,2500.0,4,51.5,1.5,1,0,0,1,0
2.21,0.5,7519.0,2,35.5,4.1,1,0,0,0,0
3.99,4.4,5811.0,4,50.7,2.6,0,1,0,1,0
3.01,26.9,6839.0,2,37.6,1.5,1,0,0,0,0
1.93,9.7,4272.0,7,31.3,0.6,1,0,0,1,0
4.6,3.7,8559.0,6,47.8,0.8,1,0,0,0,0
2.54,0.5,8083.0,1,52.3,2.6,0,0,1,0,1
3.17,8.9,7167.0,1,62.7,1.7,0,1,0,0,0
4.63,4.6,5741.0,7,32.4,2.2,0,1,0,0,0
3.5,0.6,7160.0,2,47.6,0.6,0,1,0,1,0
1.47,0.5,4586.0,3,38.7,3.3,1,0,0,1,0
4.76,12.0,7711.0,5,48.3,5.7,0,0,0,1,0
3.51,5.5,9299.0,4,30.2,0.9,1,0,0,0,0
2.34,8.8,8141.0,7,31.9,2.0,0,0,1,0,0
1.56,10.6,4541.0,6,35.8,11.1,0,0,0,0,0
4.18,4.2,6723.0,7,42.6,1.2,0,0,1,1,0
3.48,3.6,3414.0,4,36.9,2.7,1,0,0,1,0
3.13,2.8,7145.0,4,47.3,0.3,1,0,0,0,0
4.58,1.9,6901.0,6,50.2,2.8,0,0,1,0,0
4.15,2.9,2500.0,6,46.8,0.3,1,0,0,0,0
1.61,7.4,3676.0,1,55.0,9.6,0,0,1,1,1
2.25,4.6,5434.0,4,45.3,3.8,0,0,1,1,1
1.99,11.2,5398.0,5,32.3,4.7,0,0,1,1,0
3.98,2.9,3581.0,5,52.9,3.7,1,0,0,0,0
1.13,4.7,6778.0,2,37.2,2.7,0,0,1,1,0
3.28,5.0,6503.0,7,49.3,1.8,0,0,1,1,0
4.05,4.5,5611.0,6,54.6,5.9,0,0,1,0,0
4.51,6.1,4488.0,1,45.7,9.4,1,0,0,0,0
2.37,1.4,8097.0,5,30.0,2.1,1,0,0,0,0
4.29,3.6,9311.0,3,34.7,8.0,1,0,0,0,0
1.44,0.6,5033.0,1,52.6,2.6,1,0,0,1,0
4.39,2.4,4776.0,1,40.6,2.3,0,1,0,0,0
1.51,3.3,6982.0,5,42.6,1.8,0,0,0,1,0
2.59,5.3,5284.0,3,48.1,0.7,1,0,0,0,0
4.19,15.0,5721.0,2,47.6,0.0,0,0,1,0,0
1.6,4.6,7479.0,5,44.2,0.8,1,0,0,0,0
1.92,6.8,2500.0,3,40.3,2.1,1,0,0,0,0
3.89,3.5,8637.0,1,39.5,1.4,1,0,0,0,0
3.88,5.0,6145.0,3,48.9,1.8,1,0,0,0,0
3.56,0.5,5177.0,1,46.4,11.8,0,0,0,0,0
3.78,1.5,5822.0,7,39.9,1.3,1,0,0,0,0
3.17,2.2,5925.0,5,50.7,1.8,0,1,0,0,0
2.01,3.2,2538.0,6,41.0,0.4,0,1,0,0,0
2.38,0.5,8990.0,5,35.2,0.1,0,0,0,0,0
1.73,0.8,6083.0,7,35.9,4.5,1,0,0,1,0
4.63,1.6,6886.0,4,34.2,2.5,1,0,0,0,0
3.33,17.8,7903.0,4,39.8,4.3,1,0,0,1,0
2.6,2.0,3958.0,4,51.9,0.5,0,1,0,0,1
2.85,3.3,6947.0,5,35.6,2.5,1,0,0,1,1
4.79,1.1,5465.0,2,43.5,0.9,0,0,0,0,0
1.61,4.7,7694.0,5,36.7,0.8,0,1,0,1,0
3.34,1.6,2500.0,7,39.9,0.0,0,1,0,0,0
3.02,1.2,5802.0,7,29.9,0.4,0,1,0,1,0
3.45,3.6,4794.0,6,40.2,1.1,1,0,0,0,0
1.07,0.5,6865.0,3,40.5,0.4,0,1,0,0,0
4.49,0.5,6940.0,5,46.3,12.8,0,0,0,1,0
4.73,1.2,4585.0,5,43.8,1.1,0,0,1,0,0
3.26,0.5,4576.0,1,32.4,0.4,0,0,0,0,0
3.79,0.6,5779.0,7,50.7,0.7,0,0,1,0,0
4.69,2.1,4207.0,1,43.7,2.7,1,0,0,1,0
3.83,8.1,7684.0,1,43.6,0.2,1,0,0,1,0
1.61,4.2,5262.0,5,41.9,6.0,1,0,0,0,0
3.31,3.6,2500.0,2,37.9,9.8,1,0,0,1,1
3.43,1.7,5250.0,3,43.7,0.9,1,0,0,0,0
2.7,13.4,3923.0,3,45.8,1.8,0,1,0,0,0
3.95,2.5,2737.0,7,28.0,0.1,0,0,1,1,1
4.74,0.5,3525.0,6,37.7,3.1,0,0,0,1,0
4.7,4.8,6219.0,7,40.0,1.6,0,0,1,1,0
2.8,0.6,8657.0,2,44.0,0.9,0,0,0,0,0
1.45,2.1,6626.0,2,51.5,0.7,1,0,0,0,1
4.94,3.5,4787.0,3,35.8,3.2,1,0,0,0,0
4.36,10.4,6912.0,4,38.0,1.6,0,0,1,0,0
1.5,3.4,5082.0,1,37.9,0.6,1,0,0,0,0
4.68,6.1,4611.0,1,35.6,3.5,1,0,0,1,0
4.48,24.7,3691.0,3,39.2,2.5,1,0,0,1,0
3.08,0.7,2500.0,7,48.2,5.9,1,0,0,0,0
3.37,1.6,5220.0,2,33.6,0.4,0,1,0,0,0
2.6,2.5,6316.0,7,45.4,4.6,0,1,0,1,0
1.22,2.7,5807.0,6,28.4,3.4,0,1,0,0,0
2.34,2.6,5168.0,4,37.5,0.4,0,0,1,1,0
4.21,11.9,4109.0,3,39.4,3.6,1,0,0,0,0
1.02,6.3,7216.0,1,55.4,1.7,1,0,0,0,0
2.33,4.7,3366.0,5,39.8,8.7,1,0,0,1,1
2.59,1.9,7552.0,7,25.0,0.5,1,0,0,0,0
3.15,8.7,3996.0,2,26.0,3.1,0,0,1,0,0
4.68,15.5,4495.0,5,42.3,1.4,0,0,1,0,0
2.39,8.6,3066.0,6,46.9,9.4,0,0,1,1,1
2.39,0.5,4997.0,3,45.0,1.2,1,0,0,1,0
3.95,5.1,7951.0,7,43.3,9.8,0,1,0,0,0
2.81,0.5,7031.0,1,51.3,7.0,0,1,0,0,0
1.9,1.5,7957.0,7,37.7,0.9,0,1,0,1,0
2.81,0.5,7044.0,4,49.2,4.9,0,1,0,0,0
1.56,4.6,3793.0,5,28.9,15.0,0,1,0,1,0
1.71,5.8,5338.0,4,34.8,0.9,0,1,0,0,0
2.99,0.6,4440.0,6,27.5,1.7,0,0,1,0,0
2.68,2.4,8661.0,1,39.8,2.2,1,0,0,1,0
4.66,3.0,3606.0,5,41.6,1.0,0,0,1,0,0
2.45,2.3,7787.0,6,42.9,0.0,1,0,0,1,0
3.32,0.6,7786.0,4,42.5,0.7,1,0,0,0,0
3.53,2.7,9659.0,4,34.6,1.0,0,0,0,0,0
1.05,7.0,5181.0,5,40.5,1.8,0,0,0,1,0
3.65,0.5,7425.0,1,30.0,0.6,1,0,0,0,0
1.71,0.5,10563.0,4,52.9,6.2,0,1,0,1,0
4.84,2.2,4765.0,3,39.6,3.7,1,0,0,0,0
1.59,14.2,2930.0,6,38.1,0.3,0,1,0,1,1
2.66,5.5,2500.0,5,54.7,3.2,0,0,1,1,0
1.34,5.7,7425.0,2,32.1,3.2,0,0,0,0,0
4.99,2.2,2500.0,2,33.0,9.4,0,1,0,1,0
3.01,4.5,5255.0,1,33.2,0.0,1,0,0,1,0
3.38,0.5,6875.0,3,41.5,0.9,0,1,0,0,1
1.27,5.1,6370.0,4,45.5,7.9,1,0,0,0,0
4.0,12.2,6851.0,2,47.9,8.1,0,0,0,0,0
1.84,4.7,6445.0,1,62.6,3.8,0,0,0,0,1
4.59,10.3,8558.0,6,25.0,4.4,0,1,0,0,0
1.82,6.4,4095.0,3,46.9,0.3,1,0,0,0,0
1.76,0.6,4646.0,3,37.5,2.2,1,0,0,0,0
1.15,11.6,4455.0,7,37.3,0.8,1,0,0,1,0
2.89,0.5,7660.0,1,37.0,0.6,0,0,1,0,0
3.26,3.8,7801.0,1,34.7,5.0,0,1,0,1,0
1.26,0.8,6902.0,7,55.5,0.4,1,0,0,0,0
4.1,0.5,8367.0,4,48.7,1.9,0,1,0,0,1
2.81,2.7,3644.0,1,42.2,8.4,0,0,1,1,0
3.1,1.7,9334.0,7,52.8,0.6,1,0,0,0,0
2.76,3.3,9046.0,4,29.9,11.4,0,0,0,0,1
2.6,4.3,7471.0,4,31.4,15.0,0,0,0,0,0
3.24,0.5,9564.0,5,25.0,2.4,0,0,0,0,0
1.62,0.7,2687.0,3,36.4,0.6,1,0,0,0,0
1.73,4.1,4951.0,6,43.3,1.1,1,0,0,1,0
4.45,2.1,4529.0,3,42.8,1.7,1,0,0,0,0
4.78,6.5,7443.0,3,43.2,1.1,1,0,0,1,0
2.49,5.3,3900.0,5,30.7,1.0,1,0,0,1,0
2.08,9.3,7515.0,4,48.4,10.8,0,1,0,0,1
3.58,5.9,8741.0,4,43.9,0.5,0,1,0,0,0
2.63,2.8,7390.0,1,47.9,4.0,0,0,0,1,0
1.1,5.6,6568.0,5,26.9,0.0,1,0,0,1,0
1.62,1.6,4024.0,1,44.5,2.7,0,1,0,0,0
3.86,1.8,4306.0,5,32.5,7.4,0,0,1,0,1
3.64,7.8,8499.0,1,38.8,1.0,0,0,1,0,0
1.11,3.0,7559.0,2,46.3,0.6,0,0,0,0,0
1.89,8.0,5922.0,7,42.7,3.2,0,0,1,0,1
1.92,8.6,5164.0,3,35.2,3.7,0,0,0,1,0
3.69,9.7,2500.0,3,42.1,3.5,1,0,0,0,0
1.08,12.4,3858.0,6,29.7,1.2,0,1,0,1,1
1.42,2.8,9823.0,7,51.2,0.9,1,0,0,1,0
4.2,1.9,3439.0,4,40.4,9.4,1,0,0,0,1
1.71,4.4,6379.0,6,50.9,7.7,1,0,0,0,1
3.61,2.3,8015.0,2,37.8,1.8,1,0,0,1,0
1.95,4.6,3490.0,6,37.8,5.6,1,0,0,1,1
1.4,6.1,6369.0,3,35.9,1.8,1,0,0,1,0
1.97,5.8,7876.0,4,49.0,1.7,1,0,0,0,0
3.89,2.3,6025.0,2,36.3,0.5,0,0,0,0,0
4.42,0.9,11737.0,3,47.2,1.7,1,0,0,0,0
4.32,2.8,2663.0,7,38.9,2.3,0,0,1,0,1
2.59,0.8,8117.0,1,26.2,0.1,1,0,0,1,0
3.67,11.0,5654.0,5,37.4,1.8,0,0,0,0,0
1.82,2.1,7544.0,2,32.6,4.6,0,0,0,1,0
2.17,0.8,6883.0,4,42.3,3.4,0,0,1,0,0
4.59,0.5,4534.0,6,32.5,3.0,0,0,1,1,0
1.05,5.2,6458.0,7,49.4,7.2,1,0,0,1,0
1.34,5.1,2500.0,6,41.3,0.1,0,0,0,0,1
1.83,2.1,7206.0,2,40.6,2.4,0,0,0,1,0
1.11,0.5,6596.0,7,47.2,4.6,0,0,0,0,1
1.73,2.6,7277.0,4,49.7,2.3,0,0,1,0,0
3.33,1.9,8116.0,2,41.8,1.2,1,0,0,1,0
2.69,5.7,6735.0,4,35.8,0.4,0,0,0,1,0
4.57,4.7,6296.0,6,27.8,6.6,1,0,0,0,0
4.27,2.3,4238.0,3,36.5,1.9,0,1,0,0,0
2.37,1.2,4576.0,7,37.1,6.3,1,0,0,1,0
2.04,22.1,8373.0,1,42.9,2.6,0,0,0,1,0
2.52,3.0,8873.0,3,39.2,3.4,1,0,0,0,0
3.36,5.8,5524.0,1,47.5,4.9,1,0,0,1,0
2.07,0.8,6092.0,6,37.1,3.2,0,1,0,0,0
3.5,3.3,4191.0,7,41.5,1.5,0,0,1,0,1
2.64,0.5,8346.0,3,51.5,2.2,0,1,0,0,0
3.21,3.5,7331.0,3,44.7,4.9,1,0,0,0,0
2.74,16.6,9882.0,2,41.5,1.4,1,0,0,1,0
2.18,2.4,4243.0,5,37.2,1.5,0,0,1,0,0
4.79,0.5,5244.0,6,36.9,0.3,0,0,0,1,0
4.05,0.5,6463.0,4,35.2,7.4,0,0,1,0,0
1.56,2.5,7293.0,6,37.7,0.3,0,1,0,1,0
4.47,0.9,5569.0,4,48.0,3.1,0,0,0,1,0
2.95,0.5,4254.0,7,40.2,1.6,0,1,0,1,0
4.58,7.1,7763.0,4,31.2,1.6,0,1,0,1,0
4.2,3.1,7442.0,1,56.1,3.4,0,1,0,0,0
2.7,1.7,4167.0,4,44.6,0.2,0,1,0,1,0
1.09,11.5,8711.0,4,30.7,2.7,0,0,1,1,0
2.07,0.6,8340.0,2,38.5,4.4,0,1,0,0,1
3.17,15.6,6269.0,3,42.9,5.3,1,0,0,1,0
3.53,1.9,6159.0,6,55.6,0.6,1,0,0,0,0
2.03,11.0,7108.0,6,33.1,6.8,1,0,0,0,0
1.56,4.6,4277.0,7,49.8,3.2,0,1,0,1,1
4.34,8.8,6060.0,7,53.2,6.4,1,0,0,0,0
4.94,20.7,2500.0,4,37.0,2.0,1,0,0,1,0
3.1,1.7,7753.0,5,39.8,2.3,0,0,1,0,0
1.69,16.2,2877.0,6,33.7,7.5,0,0,1,0,0
2.09,2.5,9007.0,7,40.4,6.9,0,0,1,0,0
1.07,2.4,5340.0,4,41.7,1.8,0,1,0,0,0
4.66,2.1,5577.0,7,47.3,1.0,0,0,0,1,0
1.47,3.9,4745.0,1,50.7,1.5,0,0,0,0,0
3.31,0.8,5424.0,1,36.0,1.5,0,0,1,0,0
2.1,4.0,8837.0,7,26.3,1.0,0,1,0,0,0
3.22,3.9,2500.0,1,41.8,0.9,1,0,0,0,0
3.61,7.2,8554.0,7,44.3,5.9,0,0,0,1,0
4.32,9.0,6676.0,4,44.0,0.2,1,0,0,0,0
1.83,2.9,3586.0,2,39.4,3.4,1,0,0,1,0
1.04,1.8,3849.0,5,43.0,0.6,0,1,0,1,0
1.55,1.5,9353.0,4,54.1,1.3,1,0,0,1,0
4.6,1.1,4109.0,2,45.1,0.2,0,0,0,1,0
4.5,0.5,3693.0,2,39.0,0.9,0,1,0,0,0
3.39,2.1,8275.0,6,38.0,4.4,0,1,0,0,0
3.4,1.6,6677.0,4,40.6,6.5,0,0,1,1,0
3.66,17.0,4124.0,4,55.1,0.8,0,1,0,1,0
1.7,4.1,6433.0,7,40.5,1.9,1,0,0,1,0
4.66,2.1,3948.0,2,41.8,1.9,0,1,0,1,0
2.68,4.3,8202.0,2,38.1,6.2,0,0,1,0,0
2.53,0.7,8123.0,2,50.8,4.3,0,1,0,0,0
3.08,2.9,7064.0,7,57.7,2.2,0,0,1,1,0
1.19,4.9,6723.0,6,45.6,3.3,1,0,0,1,1
1.67,3.4,9522.0,4,42.7,5.6,1,0,0,0,1
3.95,2.6,5999.0,2,42.3,0.0,1,0,0,1,0
1.33,25.5,3636.0,1,25.0,1.5,1,0,0,0,0
3.41,10.6,6899.0,4,48.0,7.1,0,0,1,0,0
1.98,4.9,10172.0,7,43.1,4.0,0,0,1,1,0
2.56,4.2,3970.0,6,45.4,2.3,1,0,0,1,0
2.15,4.8,5277.0,1,36.3,2.3,0,1,0,0,0
2.42,1.1,6833.0,7,38.9,1.3,0,0,1,0,0
3.88,2.5,5892.0,3,38.7,2.2,1,0,0,0,0
2.19,0.5,4035.0,4,50.2,3.2,1,0,0,1,0
3.27,3.2,8244.0,3,39.0,1.6,0,0,0,0,0
2.9,3.9,10640.0,7,58.7,3.8,0,1,0,1,0
3.65,1.3,6392.0,7,45.4,5.9,0,0,0,1,0
4.75,16.6,4192.0,7,31.8,0.5,1,0,0,1,0
3.93,12.0,2902.0,2,41.0,1.8,0,0,1,0,0
1.86,6.4,6516.0,6,36.8,1.6,1,0,0,1,0
1.12,3.8,8208.0,2,25.0,3.5,1,0,0,0,0
2.05,10.2,6950.0,6,54.8,0.9,0,1,0,0,0
3.38,0.7,5995.0,5,47.6,3.1,1,0,0,0,0
1.21,7.8,4821.0,2,46.3,6.3,1,0,0,0,0
2.99,0.7,3816.0,3,43.3,1.6,1,0,0,1,0
3.39,7.9,7670.0,6,30.9,7.3,1,0,0,0,0
2.34,1.6,7828.0,2,38.1,15.0,0,0,1,0,0
4.08,10.5,2909.0,4,48.7,0.3,0,1,0,1,1
1.43,14.4,9180.0,7,33.6,0.8,1,0,0,0,0
1.3,0.8,7148.0,6,25.0,9.0,1,0,0,1,1
3.91,3.1,8799.0,6,40.2,9.5,1,0,0,0,0
2.98,19.8,3316.0,2,40.9,0.3,0,1,0,0,0
3.75,3.3,3268.0,5,43.1,0.0,1,0,0,1,0
2.74,10.0,5702.0,2,47.8,0.5,0,0,1,0,0
1.99,4.4,7006.0,3,47.1,15.0,1,0,0,0,1
4.28,2.4,9593.0,3,44.1,0.6,1,0,0,0,0
4.2,1.7,7412.0,6,51.6,2.1,0,0,0,0,0
3.78,1.1,5515.0,6,29.8,5.7,0,0,1,0,0
2.09,7.2,3947.0,2,46.0,0.1,1,0,0,0,0
3.36,2.4,8460.0,3,47.0,2.8,0,0,1,0,0
2.44,3.6,4071.0,3,32.1,1.0,0,1,0,1,1
1.37,3.4,9257.0,5,30.0,5.9,0,0,1,0,0
4.67,4.3,5431.0,4,36.0,1.0,0,1,0,0,0
1.55,10.0,9181.0,5,36.7,3.5,0,0,1,0,0
4.8,19.7,7358.0,1,48.0,3.4,0,0,0,1,0
2.78,2.6,5726.0,7,37.1,0.8,1,0,0,1,0
1.74,8.8,4961.0,5,35.1,0.1,0,1,0,1,0
3.17,7.2,5318.0,2,37.1,1.6,0,1,0,1,0
4.49,4.3,6857.0,4,50.9,1.0,1,0,0,0,0
3.93,15.6,6154.0,2,42.1,5.0,1,0,0,0,0
4.23,1.1,4812.0,7,40.6,4.8,1,0,0,1,0
3.64,0.6,5669.0,1,41.1,1.8,0,1,0,1,0
3.77,9.6,6157.0,4,52.3,2.8,0,1,0,0,1
4.4,2.9,2500.0,6,36.0,2.8,0,1,0,0,0
2.0,9.4,6916.0,3,52.5,5.3,1,0,0,1,1
2.96,11.2,4041.0,5,43.7,1.7,0,1,0,1,0
1.88,0.5,3693.0,2,40.7,1.0,0,0,0,0,0
4.95,10.7,2625.0,1,62.0,0.9,1,0,0,1,0
4.78,3.0,2500.0,3,33.6,2.3,0,1,0,0,0
1.16,3.6,3289.0,5,39.2,1.8,0,0,1,0,0
3.82,4.9,4582.0,3,32.1,1.7,0,0,1,0,0
4.7,13.0,9907.0,5,49.6,0.3,0,1,0,0,0
1.72,0.5,4948.0,6,55.5,3.8,0,0,0,0,1
3.27,3.2,6356.0,4,55.4,0.7,1,0,0,1,0
4.66,5.8,6801.0,3,51.8,0.7,0,0,0,0,0
1.14,6.4,6262.0,3,40.4,1.6,1,0,0,0,0
3.79,5.9,5845.0,3,39.1,0.8,1,0,0,0,0
2.19,0.7,3609.0,4,28.6,2.6,1,0,0,0,0
4.7,1.8,8902.0,1,58.3,1.4,0,0,1,1,0
4.88,2.2,9614.0,5,45.8,1.8,0,1,0,1,0
4.78,8.2,2635.0,6,38.1,2.3,1,0,0,1,0
2.9,1.6,3952.0,3,52.6,0.7,1,0,0,1,1
4.45,1.2,5440.0,7,34.2,0.5,0,0,0,0,0
4.38,15.8,4071.0,4,45.3,6.4,0,0,1,0,0
2.28,0.5,7012.0,1,40.6,1.7,0,1,0,1,0
4.32,30.0,4543.0,5,47.1,1.6,0,1,0,1,0
1.15,5.6,10330.0,4,41.5,0.1,0,1,0,1,0
3.39,8.8,8381.0,6,30.4,2.1,1,0,0,1,0
1.92,1.7,6425.0,6,42.6,2.4,0,0,0,1,0
1.48,0.5,8054.0,5,50.4,2.5,1,0,0,0,0
1.31,6.7,8212.0,3,41.8,3.7,0,1,0,0,0
3.79,9.0,4872.0,6,48.2,0.6,1,0,0,1,0
2.36,6.7,4368.0,1,33.6,0.9,0,1,0,1,1
3.9,0.8,6156.0,4,41.8,5.0,0,1,0,0,0
1.26,7.0,7723.0,1,37.0,8.8,0,1,0,0,0
2.26,7.3,6278.0,3,48.0,0.4,1,0,0,0,0
3.16,5.4,2846.0,1,42.3,2.1,0,1,0,0,1
4.16,7.3,4394.0,1,47.5,0.7,1,0,0,1,0
2.28,9.4,5852.0,2,50.7,0.2,1,0,0,0,0
3.5,4.8,5849.0,1,47.5,1.2,1,0,0,0,0
4.54,0.5,9945.0,5,44.2,0.5,0,0,1,0,0
3.46,3.3,3228.0,4,34.0,3.7,0,1,0,1,0
1.93,0.5,7011.0,2,42.0,2.3,0,1,0,0,1
1.1,2.6,8978.0,4,37.7,0.5,0,0,1,0,0
4.48,2.6,10543.0,4,39.2,0.0,0,0,1,0,0
1.09,0.5,5191.0,3,39.0,5.0,0,1,0,0,0
4.5,2.1,6983.0,3,34.2,0.6,1,0,0,0,1
3.12,0.6,7140.0,2,26.3,2.8,1,0,0,0,0
4.76,8.3,6391.0,6,36.7,1.2,0,1,0,1,0
4.2,14.8,5802.0,7,43.5,2.6,0,1,0,0,0
4.99,0.5,6872.0,3,31.2,1.1,0,0,1,0,0
2.4,15.5,2500.0,7,42.1,0.3,0,0,0,1,0
4.07,3.7,7364.0,3,57.2,0.8,1,0,0,0,0
2.61,1.8,6252.0,3,50.2,0.6,1,0,0,1,1
2.92,0.5,5555.0,4,55.1,1.7,0,1,0,0,0
3.51,3.5,10094.0,2,45.1,3.2,1,0,0,0,0
4.49,7.9,4650.0,4,51.3,0.9,1,0,0,1,1
4.94,6.1,5194.0,5,36.2,0.0,0,0,0,1,0
4.07,0.5,9983.0,4,36.8,2.2,1,0,0,0,0
2.67,0.5,4336.0,7,25.0,2.8,0,0,0,0,0
2.69,2.6,4900.0,7,51.5,9.9,0,0,1,0,0
3.95,1.7,5706.0,5,54.3,2.7,0,0,1,1,0
1.96,1.3,7681.0,1,37.6,1.9,1,0,0,1,0
1.44,1.6,6416.0,1,40.0,2.6,1,0,0,0,1
2.42,8.1,3415.0,5,36.0,7.9,0,1,0,0,1
2.15,13.2,4936.0,5,45.1,5.3,1,0,0,0,1
2.19,2.6,4785.0,4,51.0,1.2,1,0,0,0,0
1.93,11.8,5846.0,5,28.1,0.8,1,0,0,0,0
1.17,1.9,6852.0,2,45.3,0.9,1,0,0,0,0
1.07,3.2,6836.0,1,39.8,2.1,1,0,0,1,0
4.95,1.3,2500.0,1,42.9,4.1,0,0,1,1,0
2.71,5.1,8128.0,6,45.7,2.1,1,0,0,1,0
2.54,19.3,6505.0,5,40.5,0.2,1,0,0,0,0
3.72,4.6,8769.0,3,41.2,3.9,0,1,0,0,0
1.87,2.2,6888.0,3,40.3,4.9,0,0,0,1,0
4.8,5.2,8203.0,5,49.8,1.0,1,0,0,0,0
4.15,0.7,6933.0,2,45.4,3.3,1,0,0,1,0
1.36,11.0,8692.0,3,43.8,1.7,0,1,0,0,0
2.67,3.5,7045.0,6,31.8,6.6,0,0,0,0,0
4.52,3.0,5804.0,7,39.0,5.6,0,0,1,0,1
4.78,4.4,10545.0,5,49.2,2.2,0,1,0,0,0
2.87,4.9,7778.0,2,42.3,3.5,1,0,0,1,0
3.45,0.5,7147.0,2,47.3,6.4,0,1,0,0,0
1.67,5.7,3447.0,4,56.1,2.1,1,0,0,0,0
4.96,1.4,3423.0,2,50.3,1.1,0,0,1,0,0
1.93,6.3,6585.0,3,42.7,4.2,0,0,1,1,0
4.77,8.6,6291.0,7,37.9,0.7,0,0,0,0,0
3.6,8.1,4772.0,3,25.0,1.5,1,0,0,0,0
3.43,4.0,6282.0,5,40.7,6.0,1,0,0,0,0
3.05,3.7,9177.0,7,39.4,3.9,0,1,0,0,0
1.92,0.8,7391.0,5,45.1,1.6,0,0,1,0,0
1.71,7.5,3718.0,2,40.8,0.7,0,0,1,1,0
1.88,1.6,5777.0,6,39.4,1.3,1,0,0,0,0
1.75,3.4,4390.0,1,27.8,1.0,1,0,0,0,1
4.12,1.7,5225.0,7,34.5,0.6,0,1,0,1,0
2.4,0.7,5173.0,4,45.8,4.1,1,0,0,0,0
1.23,5.0,5045.0,1,55.7,0.9,0,0,0,0,0
4.88,0.5,3490.0,2,41.2,1.8,0,1,0,0,0
4.54,6.9,5745.0,2,44.6,1.5,0,0,1,0,0
4.71,1.9,4879.0,1,49.6,12.1,0,1,0,1,0
4.98,0.5,2500.0,4,35.5,1.5,0,0,1,1,0
1.7,3.6,10106.0,7,44.9,0.3,1,0,0,1,0
2.58,0.5,8178.0,7,36.1,0.3,0,0,1,1,0
4.03,1.6,5247.0,1,48.9,2.7,1,0,0,0,0
3.78,6.1,6038.0,5,43.2,2.7,0,1,0,0,0
1.62,0.5,3657.0,3,44.4,1.6,1,0,0,0,1
4.26,9.1,9391.0,6,35.7,1.7,0,1,0,0,0
1.9,0.5,9795.0,5,47.7,0.2,1,0,0,1,0
1.9,1.4,6313.0,7,58.7,2.2,1,0,0,1,0
3.15,6.8,8047.0,3,33.9,2.1,0,0,0,0,0
3.37,1.9,6351.0,6,39.3,0.5,1,0,0,0,0
3.32,0.5,3327.0,6,43.9,0.3,0,0,1,0,0
1.37,2.2,5176.0,6,48.3,0.4,0,0,0,0,0
4.51,1.6,6264.0,2,37.5,0.3,1,0,0,0,0
2.06,9.2,5091.0,6,25.0,2.8,0,0,1,0,0
1.52,1.9,5563.0,4,52.9,0.7,1,0,0,1,1
4.55,7.8,5817.0,1,48.1,0.9,1,0,0,1,0
4.82,11.1,5838.0,7,28.1,0.6,0,1,0,0,0
4.45,2.8,6105.0,4,37.1,9.5,0,0,0,0,0
4.24,12.0,3879.0,1,54.5,5.8,1,0,0,0,0
3.62,2.4,4566.0,5,53.6,0.8,0,1,0,1,0
3.2,16.6,3431.0,5,49.5,1.2,0,1,0,1,0
1.35,0.5,7956.0,1,40.6,0.7,0,0,0,1,0
2.63,5.8,2500.0,4,42.7,2.0,1,0,0,0,0
2.49,3.4,8307.0,1,41.0,0.1,0,0,1,1,0
2.04,2.5,8773.0,6,51.0,3.3,0,0,1,0,0
3.89,5.0,5396.0,2,35.0,2.2,0,0,1,0,0
2.98,6.1,2500.0,7,35.6,6.9,0,0,0,0,0
1.32,0.5,5277.0,5,50.1,0.5,0,0,1,0,0
1.88,0.9,5872.0,7,41.6,4.9,1,0,0,1,1
3.73,6.2,3979.0,2,53.0,4.7,0,1,0,0,0
1.3,5.5,4970.0,6,36.6,0.4,1,0,0,0,0
4.4,16.9,9060.0,6,41.6,1.5,1,0,0,0,0
2.98,7.2,7330.0,5,34.6,0.6,0,1,0,0,0
2.92,15.1,4151.0,5,42.1,0.9,1,0,0,0,0
3.37,6.1,2805.0,6,30.2,0.9,0,1,0,0,0
4.3,1.8,5346.0,3,38.1,2.4,0,0,0,0,0
2.39,0.6,5573.0,7,30.5,1.6,1,0,0,0,0
3.71,7.6,6992.0,2,47.6,8.9,0,0,0,1,0
3.26,5.2,4929.0,7,47.7,0.4,0,1,0,0,0
2.07,0.5,7023.0,2,28.2,10.9,0,1,0,0,0
4.51,2.2,9870.0,3,52.7,0.8,0,0,1,0,0
4.19,15.7,7631.0,4,62.0,4.4,1,0,0,1,0
3.63,3.5,5904.0,2,42.4,1.2,0,1,0,1,0
4.4,2.8,5634.0,7,36.9,0.5,0,1,0,0,0
4.47,3.1,5287.0,1,64.6,5.9,1,0,0,0,0
3.83,1.2,8361.0,6,31.4,1.1,0,0,0,1,0
4.35,2.3,4745.0,6,42.2,3.2,0,0,1,1,0
3.79,2.3,6090.0,3,43.4,2.5,1,0,0,1,0
3.72,0.5,6102.0,2,52.8,1.9,1,0,0,1,0
3.47,7.3,4996.0,4,44.9,2.1,0,1,0,1,0
4.01,2.7,3255.0,2,38.0,4.0,1,0,0,0,0
1.63,8.6,6646.0,6,34.4,0.3,0,1,0,0,0
4.52,9.5,5878.0,5,39.3,3.3,1,0,0,1,0
4.49,1.2,7000.0,1,33.9,6.8,0,1,0,1,0
1.12,5.4,4933.0,3,42.4,0.2,1,0,0,0,0
4.3,3.2,8442.0,5,37.5,0.5,1,0,0,1,0
1.52,10.6,4246.0,7,30.0,3.8,0,0,1,0,0
2.34,1.2,9424.0,4,52.0,1.7,0,1,0,0,0
3.97,5.7,2505.0,5,38.0,1.6,0,0,0,1,0
1.64,4.7,6870.0,7,31.9,0.4,0,0,0,0,0
4.27,1.7,6951.0,5,40.7,2.1,1,0,0,0,0
4.33,0.7,4409.0,4,42.5,0.4,1,0,0,0,0
3.03,5.3,6849.0,5,28.0,1.9,0,0,1,0,0
1.03,6.7,8559.0,3,44.7,4.3,0,0,0,0,1
2.15,1.9,2500.0,6,33.6,0.9,0,0,1,0,0
3.47,5.2,7005.0,2,55.7,2.0,1,0,0,0,0
4.92,2.5,2500.0,5,46.2,14.5,0,0,0,1,0
3.53,6.2,4069.0,3,38.8,3.5,1,0,0,1,0
2.04,1.1,9258.0,2,36.0,5.5,0,0,1,0,0
3.54,11.0,4836.0,7,41.2,1.6,0,0,0,1,0
3.16,1.7,3652.0,2,46.9,4.4,1,0,0,0,1
4.12,2.3,5604.0,7,41.8,0.1,0,0,0,0,0
1.43,0.5,10136.0,5,40.3,0.4,1,0,0,0,0
4.04,0.6,2500.0,3,42.5,0.7,0,0,0,1,0
3.17,3.6,3897.0,6,37.2,1.5,1,0,0,1,0
4.85,1.6,8995.0,5,39.3,5.6,0,0,0,0,0
2.37,9.0,9715.0,7,25.3,1.3,1,0,0,0,0
3.53,0.5,5793.0,4,49.8,3.2,0,0,1,0,0
4.73,2.4,3522.0,2,44.4,3.7,0,1,0,0,0
1.41,2.1,10192.0,5,35.8,2.6,0,1,0,0,0
4.75,0.5,9189.0,7,57.2,1.3,1,0,0,0,0
3.75,0.7,7358.0,2,42.7,2.6,0,0,1,1,0
1.27,2.7,4375.0,7,33.7,1.3,1,0,0,0,1
2.2,3.4,5902.0,3,48.9,0.3,0,1,0,1,0
3.83,2.6,5679.0,1,45.2,14.8,1,0,0,1,0
1.27,3.8,6662.0,5,45.2,0.4,0,0,0,0,0
3.33,4.5,8902.0,6,38.6,0.2,1,0,0,1,0
2.38,0.5,7759.0,5,45.6,6.3,1,0,0,1,1
3.48,3.1,3845.0,2,39.9,1.1,1,0,0,0,1
1.18,16.6,8753.0,3,46.4,3.2,0,1,0,0,0
4.49,3.7,6626.0,7,26.8,1.2,1,0,0,1,0
4.89,5.7,7374.0,4,38.5,1.5,0,1,0,0,0
4.88,1.9,8933.0,6,55.8,0.9,0,0,0,0,0
4.0,7.4,3777.0,3,35.9,1.3,0,0,1,0,0
1.52,7.4,5928.0,5,37.2,1.6,0,1,0,1,0
4.03,3.7,4937.0,4,38.4,3.8,1,0,0,1,0
1.1,18.7,2864.0,3,32.3,2.1,0,0,1,1,0
1.09,0.7,6693.0,1,25.0,8.6,1,0,0,0,1
2.29,0.5,11023.0,6,40.2,0.1,0,0,1,0,0
2.95,7.4,2500.0,2,43.1,2.1,1,0,0,0,0
4.08,8.2,5935.0,3,41.6,2.6,0,1,0,1,0
3.73,0.6,7281.0,3,40.8,7.6,1,0,0,0,0
2.78,1.5,6246.0,1,42.3,0.2,0,0,0,0,0
2.09,0.5,5774.0,5,50.2,2.6,1,0,0,0,1
4.99,1.7,3402.0,7,40.5,5.8,0,1,0,0,1
2.7,7.4,6466.0,7,37.4,0.8,1,0,0,1,0
2.81,3.6,4486.0,6,39.8,6.3,0,0,1,1,1
1.65,2.1,2500.0,6,46.6,0.1,0,0,0,1,0
4.18,2.3,8389.0,2,53.3,4.0,0,1,0,0,0
3.77,0.5,7917.0,3,37.0,8.1,0,1,0,1,0
1.88,1.8,6103.0,4,42.8,3.2,0,0,0,1,0
1.33,5.2,6458.0,3,44.7,1.7,0,1,0,0,0
3.72,18.3,8149.0,7,34.1,0.1,0,1,0,1,0
3.62,9.4,6449.0,2,42.2,7.6,0,1,0,0,0
2.09,0.5,7808.0,3,30.3,1.9,0,0,1,1,0
4.8,11.4,5405.0,1,27.8,0.1,1,0,0,1,0
1.6,7.6,8624.0,7,44.9,3.5,0,0,1,1,0
2.73,7.6,6642.0,3,38.9,2.0,0,1,0,0,0
4.77,3.1,6388.0,3,43.6,0.4,1,0,0,0,0
2.68,2.5,3460.0,7,41.9,0.7,0,0,1,0,0
3.55,1.8,6574.0,4,34.2,0.2,1,0,0,0,0
2.59,0.5,4336.0,7,41.6,2.6,1,0,0,1,0
2.1,1.3,4723.0,1,32.1,2.9,0,1,0,1,0
4.94,1.4,4369.0,1,53.1,2.1,0,0,0,1,0
2.64,3.3,3868.0,3,31.2,5.1,0,0,0,0,0
4.58,6.9,10250.0,6,40.4,5.9,0,0,0,1,0
1.92,3.2,8663.0,4,33.7,2.9,0,0,0,1,0
1.85,0.5,9841.0,3,46.6,0.0,1,0,0,1,0
1.12,15.8,3554.0,7,39.3,3.6,1,0,0,0,0
3.61,14.3,6143.0,3,37.9,1.6,0,0,1,0,0
2.47,7.7,3413.0,2,48.8,2.5,1,0,0,0,0
4.46,23.7,4609.0,2,42.2,3.1,0,1,0,1,0
2.89,3.9,4164.0,6,46.1,1.3,0,1,0,1,0
4.87,16.5,8479.0,4,34.1,7.5,1,0,0,1,0
1.74,0.5,5208.0,5,30.8,0.4,0,0,0,0,0
4.47,2.3,8137.0,2,42.9,3.3,0,1,0,0,0
4.11,1.3,7208.0,5,39.4,0.0,0,1,0,1,0
4.08,1.1,10607.0,1,47.0,7.8,0,0,0,1,0
4.38,0.8,3041.0,2,41.4,0.4,0,1,0,1,0
4.04,4.9,8518.0,2,43.6,0.3,1,0,0,1,0
3.5,7.6,8293.0,4,29.0,1.2,0,1,0,0,0
1.52,4.3,4053.0,6,57.1,1.4,0,0,1,1,0
1.13,0.8,8014.0,5,40.7,0.7,0,0,1,1,0
4.68,8.3,6672.0,7,47.6,2.6,0,0,1,0,0
3.47,5.1,5545.0,2,35.3,1.8,0,0,1,0,0
4.19,2.5,4352.0,2,44.5,0.1,1,0,0,0,0
2.93,5.6,4562.0,4,31.6,1.2,0,0,0,0,0
1.47,1.5,10100.0,4,45.6,5.0,0,0,0,1,0
1.5,2.1,6001.0,6,39.2,3.5,1,0,0,0,1
3.74,12.5,7564.0,5,42.2,3.9,1,0,0,0,1
2.72,1.7,4418.0,1,47.6,3.6,0,0,0,0,0
1.8,3.2,4440.0,7,32.1,1.1,0,0,0,0,0
2.97,11.0,8164.0,6,36.5,0.3,0,0,0,0,0
1.26,6.2,3301.0,1,45.7,1.0,0,0,0,1,0
3.33,0.5,5170.0,3,58.8,5.3,0,1,0,0,0
2.08,0.8,6068.0,2,40.9,11.8,0,1,0,0,1
4.19,0.5,6223.0,5,46.7,2.0,0,1,0,0,0
2.24,5.0,5642.0,6,41.1,0.0,1,0,0,0,0
2.82,3.0,6792.0,2,57.5,0.5,0,0,1,0,0
1.05,0.7,7386.0,5,28.0,1.2,0,1,0,0,0
1.29,15.8,7469.0,5,42.8,2.6,0,1,0,1,0
2.57,3.8,4028.0,5,29.0,0.2,0,1,0,1,0
2.92,1.4,5432.0,2,25.0,8.6,0,1,0,0,0
3.4,3.5,8390.0,6,44.4,1.4,1,0,0,0,0
2.17,5.7,7789.0,7,43.1,7.3,1,0,0,1,0
3.78,0.5,3254.0,4,39.7,4.5,1,0,0,1,0
4.44,1.6,6703.0,2,41.2,4.2,1,0,0,0,0
4.12,8.2,2500.0,5,66.8,2.8,0,0,0,1,0
1.16,3.1,6094.0,6,39.9,3.0,1,0,0,1,0
2.92,4.0,9796.0,7,46.1,3.0,1,0,0,1,0
1.42,2.8,4104.0,3,36.8,3.0,0,1,0,0,0
1.97,0.5,4331.0,1,44.4,2.4,0,1,0,0,0
4.95,0.9,7528.0,5,40.1,12.9,1,0,0,0,0
1.57,2.9,2914.0,3,38.7,4.0,0,0,1,1,0
3.0,1.2,4734.0,4,56.6,4.5,0,0,1,1,0
3.47,0.5,7193.0,7,51.4,6.2,1,0,0,0,0
3.81,9.3,4731.0,7,43.1,0.7,1,0,0,1,0
3.24,19.9,5528.0,5,25.0,0.3,0,0,0,1,0
1.04,7.9,7488.0,7,39.1,2.0,0,0,1,1,0
2.31,9.6,6843.0,3,63.6,2.2,0,0,1,1,0
3.07,1.4,6534.0,5,40.2,5.3,1,0,0,1,0
1.35,16.2,5322.0,2,50.8,1.8,0,1,0,0,0
2.4,1.1,6740.0,6,53.5,2.5,0,1,0,1,0
1.13,15.1,5753.0,3,43.8,2.2,1,0,0,1,0
1.31,26.3,6916.0,6,35.3,0.1,0,1,0,0,0
2.59,6.2,5006.0,2,25.0,2.9,0,1,0,0,0
1.53,19.9,5635.0,2,47.5,5.3,1,0,0,1,0
3.27,4.2,4020.0,6,35.5,0.5,0,0,1,0,0
3.76,1.5,5930.0,3,43.4,2.7,0,0,1,1,1
4.2,2.9,4378.0,6,32.0,2.7,1,0,0,0,0
1.8,4.5,3772.0,6,39.9,0.5,0,0,1,0,0
1.67,0.5,6517.0,1,42.3,0.4,1,0,0,0,0
1.42,4.9,6425.0,3,44.1,11.7,0,0,1,0,1
3.55,19.9,7566.0,1,33.1,1.5,1,0,0,1,0
3.83,1.1,5138.0,5,51.6,0.8,1,0,0,0,0
1.13,7.9,6816.0,7,37.2,0.6,0,1,0,0,1
4.74,11.9,7102.0,6,28.6,3.3,0,1,0,0,0
1.21,14.4,6890.0,5,41.1,2.8,0,0,0,0,0
3.17,16.1,4349.0,3,42.3,3.1,1,0,0,0,0
3.84,3.7,6299.0,6,43.3,0.3,1,0,0,1,0
4.48,18.9,6728.0,7,52.9,6.7,0,1,0,0,0
3.86,7.1,6014.0,5,40.1,1.5,0,1,0,0,1
4.21,0.9,2500.0,4,41.0,1.1,1,0,0,0,0
2.36,3.2,6321.0,2,33.2,1.9,0,0,1,0,0
4.26,6.3,10425.0,6,48.6,1.5,0,0,1,0,0
1.32,1.4,5280.0,7,43.5,6.0,0,0,0,0,0
4.58,5.1,4544.0,2,38.6,7.9,0,0,0,1,0
3.19,5.5,6747.0,1,26.8,1.1,1,0,0,1,0
4.27,0.9,6625.0,5,53.6,6.0,0,0,1,1,0
2.81,4.2,8385.0,1,32.2,4.6,1,0,0,0,0
3.57,7.4,3484.0,7,37.3,8.0,0,0,1,0,0
3.11,3.5,7463.0,6,44.9,0.8,0,1,0,0,0
3.93,0.5,7181.0,2,32.4,2.6,0,0,0,1,0
1.33,0.5,5716.0,2,30.1,1.0,0,0,1,1,0
1.24,2.2,6677.0,5,25.0,5.2,0,0,0,0,0
1.99,13.0,8059.0,6,47.8,0.0,0,0,1,0,0
1.64,1.3,7745.0,4,37.6,2.5,0,0,0,1,0
4.49,5.0,3714.0,4,65.4,1.2,0,0,1,1,0
1.88,1.3,7640.0,5,34.0,1.2,0,1,0,1,1
4.9,1.9,5871.0,6,34.6,3.1,1,0,0,1,0
2.35,9.4,6146.0,5,37.5,5.7,1,0,0,1,0
1.73,6.5,6146.0,6,43.9,2.8,1,0,0,0,0
4.16,0.5,5700.0,7,38.2,5.8,0,1,0,1,1
3.63,2.8,8383.0,7,46.9,0.9,0,1,0,1,0
2.99,0.5,5833.0,1,34.2,2.2,0,1,0,1,0
3.22,3.3,3761.0,5,30.9,1.8,0,0,0,0,0
3.88,5.4,5213.0,6,27.6,0.0,0,0,0,0,0
1.91,0.6,6357.0,4,25.0,2.4,1,0,0,0,0
4.99,1.7,8458.0,6,37.9,3.2,1,0,0,0,0
4.9,2.5,7206.0,7,39.6,2.7,0,1,0,1,1
3.6,12.6,4299.0,6,36.9,4.0,1,0,0,0,0
1.8,25.0,10970.0,5,51.9,2.5,0,0,1,0,0
3.72,0.5,6530.0,1,51.8,0.2,0,1,0,1,0
1.29,7.2,8551.0,1,39.3,0.4,0,1,0,0,0
1.12,2.3,5697.0,1,27.6,2.7,0,0,0,0,0
2.03,2.5,7067.0,1,37.5,1.0,0,0,1,0,0
2.85,7.0,7679.0,7,37.2,0.2,1,0,0,1,0
4.47,12.5,8436.0,3,36.7,1.7,0,0,1,0,0
3.91,15.1,8115.0,5,36.4,2.4,0,1,0,1,0
3.97,4.3,7744.0,2,36.8,1.2,1,0,0,0,0
2.7,2.2,5370.0,5,38.9,3.8,1,0,0,1,1
2.38,7.7,4857.0,3,36.9,3.1,0,1,0,0,1
2.48,1.4,6665.0,1,43.7,1.2,1,0,0,0,0
4.95,4.2,7866.0,3,44.9,4.2,1,0,0,0,0
1.16,2.2,5555.0,4,34.7,3.1,0,0,1,0,1
4.47,5.3,8130.0,4,52.2,3.0,0,0,1,0,0
3.31,1.4,8905.0,7,34.2,2.4,1,0,0,0,0
2.75,1.1,4167.0,5,29.1,0.0,1,0,0,0,1
3.9,12.5,4326.0,5,45.0,3.6,0,0,1,0,0
2.95,0.5,5719.0,2,35.5,1.4,1,0,0,0,0
4.49,3.5,6615.0,7,44.6,8.6,0,0,0,0,0
4.6,1.2,4951.0,2,25.0,5.1,0,1,0,1,0
2.69,0.5,8704.0,4,53.1,2.7,1,0,0,1,0
2.11,0.5,6848.0,1,47.4,0.9,1,0,0,0,1
3.37,1.0,6079.0,3,30.0,0.7,1,0,0,0,0
4.65,10.1,3128.0,2,30.2,1.2,1,0,0,1,0
1.84,1.7,3368.0,6,55.4,1.9,1,0,0,0,0
3.49,15.0,6562.0,2,36.1,1.1,0,1,0,1,0
3.53,4.4,2500.0,1,35.3,2.2,1,0,0,0,0
3.93,2.9,8025.0,1,25.0,0.5,0,1,0,1,0
1.53,4.3,5684.0,5,39.2,11.4,0,1,0,0,1
3.86,3.6,12486.0,3,40.2,0.3,1,0,0,1,0
4.64,7.1,10616.0,1,47.7,8.1,1,0,0,0,0
1.72,1.7,5637.0,7,30.8,7.3,1,0,0,1,0
1.95,2.2,5787.0,2,29.8,2.2,1,0,0,0,0
4.89,11.2,7991.0,2,45.6,3.9,0,0,1,0,0
1.72,14.6,9406.0,4,50.1,1.7,1,0,0,1,0
4.42,11.2,2724.0,1,29.4,3.0,0,0,1,0,0
2.97,2.7,2500.0,6,50.7,1.2,0,1,0,1,0
1.99,7.6,4756.0,5,42.3,1.1,0,1,0,0,0
4.48,3.2,7165.0,3,50.7,2.6,0,1,0,1,0
2.78,3.4,6994.0,6,41.4,2.1,0,0,1,0,0
3.06,1.1,8140.0,5,25.0,2.6,1,0,0,1,0
2.44,4.5,3601.0,2,40.8,1.0,1,0,0,1,0
3.37,1.0,2500.0,6,50.5,1.4,0,1,0,0,0
1.65,2.0,7716.0,5,34.9,0.3,1,0,0,1,0
2.56,9.7,4344.0,2,38.9,0.2,0,1,0,1,0
4.88,1.2,2500.0,2,40.6,0.9,0,1,0,0,0
2.03,0.5,6290.0,2,25.0,0.2,0,1,0,1,0
3.63,0.5,7586.0,2,55.4,0.3,0,1,0,0,0
2.3,14.1,5756.0,7,34.8,5.0,0,1,0,1,0
4.09,3.5,5084.0,2,46.0,0.1,0,0,1,0,0
1.52,2.6,5681.0,4,41.3,3.2,0,0,1,0,1
4.88,8.3,5259.0,6,52.1,1.0,0,1,0,0,0
2.82,9.0,3304.0,5,45.2,6.2,0,0,1,0,1
1.94,2.0,4571.0,4,40.1,2.0,0,0,0,1,0
1.29,5.9,7043.0,7,34.9,1.1,0,1,0,1,1
1.68,7.4,6643.0,4,48.4,2.2,0,1,0,0,0
3.08,5.3,6336.0,1,27.0,1.4,0,0,1,0,0
2.35,0.8,4010.0,1,47.2,2.5,0,1,0,1,0
4.32,10.4,5637.0,1,33.2,0.4,1,0,0,0,0
2.72,3.9,2500.0,3,52.0,15.0,0,0,0,0,0
1.99,1.7,6357.0,1,43.3,1.7,1,0,0,0,0
3.47,2.8,8858.0,5,47.2,1.3,0,0,1,0,0
3.83,0.5,3052.0,4,42.7,3.7,0,0,1,0,0
1.67,0.7,4828.0,5,28.0,1.4,0,0,0,1,1
1.67,7.3,6658.0,6,35.1,5.4,1,0,0,0,0
1.15,0.5,8506.0,1,47.4,1.8,0,1,0,1,0
3.95,2.7,5104.0,7,43.3,3.8,0,1,0,0,0
3.66,3.7,4615.0,3,51.4,0.3,1,0,0,0,0
2.9,0.5,2500.0,6,45.2,5.6,1,0,0,1,0
4.38,18.1,6207.0,7,34.3,4.0,0,1,0,0,0
4.22,1.3,10084.0,3,35.6,0.7,0,1,0,0,0
3.34,1.8,6555.0,6,42.8,0.5,1,0,0,1,0
4.47,1.8,5955.0,4,25.0,1.1,0,1,0,0,0
1.82,1.3,6644.0,5,55.4,11.2,0,0,1,1,0
1.45,0.5,5978.0,2,45.5,0.9,0,0,1,0,1
2.08,6.5,4374.0,5,51.8,1.8,0,0,0,1,0
1.23,17.0,7647.0,1,29.4,0.1,0,1,0,0,0
3.12,1.3,6452.0,7,52.0,1.5,0,0,0,0,0
4.75,5.4,6035.0,2,59.9,2.5,0,0,0,1,0
1.16,6.8,4049.0,3,31.4,9.2,1,0,0,1,0
1.49,9.4,8607.0,4,48.2,2.2,1,0,0,0,0
2.81,2.7,7329.0,4,42.0,5.1,0,1,0,0,0
4.74,1.8,4894.0,3,29.6,2.4,0,1,0,0,0
2.26,2.0,8004.0,1,45.9,0.1,0,1,0,1,0
3.03,6.2,5005.0,3,48.7,1.1,0,1,0,1,1
1.17,8.5,4436.0,6,37.2,2.6,0,0,1,1,0
1.59,1.0,4481.0,7,51.3,9.0,0,1,0,0,1
4.95,2.3,2500.0,7,28.7,5.9,1,0,0,1,0
4.86,11.6,6943.0,1,30.0,0.8,0,0,0,0,0
1.02,8.2,2500.0,2,43.1,0.7,1,0,0,0,0
4.81,21.0,3543.0,3,42.2,0.7,0,0,0,0,0
3.56,7.0,2500.0,1,36.3,7.7,1,0,0,1,0
4.47,2.5,5828.0,7,48.5,5.7,0,0,0,1,0
2.82,4.5,5699.0,2,46.2,4.5,1,0,0,0,0
3.06,5.4,5347.0,3,48.9,1.5,1,0,0,1,0
2.96,0.5,3915.0,4,41.0,2.1,1,0,0,1,0
3.67,3.9,3656.0,3,46.8,1.9,0,0,1,0,0
1.56,6.2,6929.0,5,38.4,0.9,0,0,0,0,0
1.12,0.9,4899.0,3,58.4,2.1,0,1,0,1,1
2.23,7.6,6633.0,5,35.5,0.1,0,0,0,1,0
3.82,4.4,4230.0,2,58.8,0.4,0,1,0,0,0
1.81,15.2,6362.0,3,42.3,6.5,0,1,0,0,0
3.69,0.5,8607.0,2,31.0,4.2,0,0,1,0,0
4.88,1.5,7172.0,2,52.9,1.6,1,0,0,0,0
1.38,4.6,5175.0,7,43.0,2.2,1,0,0,1,1
3.69,1.8,6514.0,1,48.8,1.4,0,0,0,0,0
2.78,6.3,5519.0,2,51.8,4.1,0,0,0,1,0
4.47,7.1,6016.0,2,44.7,4.6,0,0,0,0,0
1.71,0.5,5349.0,7,37.3,4.3,0,0,0,0,0
3.77,3.6,5671.0,7,49.8,3.8,1,0,0,0,0
4.35,3.6,6424.0,3,42.0,0.7,0,0,1,1,0
4.78,2.3,4013.0,7,47.5,1.2,0,1,0,0,0
3.73,13.5,3968.0,3,25.0,1.9,0,0,0,1,0
2.99,8.8,3223.0,4,45.6,1.2,0,1,0,0,0
3.47,6.0,2799.0,7,36.9,4.2,0,1,0,0,0
4.48,6.3,3565.0,1,55.2,1.2,0,1,0,0,0
3.28,3.1,6319.0,2,47.0,0.4,1,0,0,0,0
1.12,12.7,4214.0,1,43.9,1.5,1,0,0,1,1
4.72,5.9,7027.0,5,45.9,11.7,0,0,0,0,0
3.76,6.5,6069.0,7,34.0,0.8,0,0,1,1,0
3.71,9.9,2500.0,2,55.0,2.8,1,0,0,0,1
1.86,1.6,7310.0,1,57.9,1.7,0,0,1,0,0
3.64,8.2,7622.0,7,45.1,0.2,0,1,0,0,0
2.58,1.1,4012.0,7,54.7,2.0,0,1,0,0,0
3.6,2.1,6840.0,4,37.4,3.6,1,0,0,1,0
1.43,2.0,4287.0,4,35.6,2.2,0,0,0,1,0
3.63,19.2,6195.0,2,42.3,6.2,0,0,1,0,0
5.0,9.7,3471.0,5,45.5,1.0,0,1,0,0,0
1.19,6.0,2500.0,4,38.8,0.3,0,1,0,1,1
4.91,6.5,5234.0,4,46.3,8.3,1,0,0,1,0
2.63,4.1,5753.0,5,44.5,1.4,0,1,0,1,0
4.48,14.7,5205.0,1,34.0,2.6,1,0,0,0,0
4.13,3.4,3632.0,4,46.2,4.7,1,0,0,0,0
3.27,2.4,5200.0,3,48.9,1.2,0,0,1,1,0
3.95,0.9,6539.0,6,43.4,3.8,0,0,0,1,0
4.51,7.7,5910.0,6,51.2,0.4,0,1,0,0,0
2.62,6.6,6365.0,4,32.3,1.0,1,0,0,1,0
2.31,2.4,4660.0,1,45.7,0.5,0,1,0,1,0
3.67,0.5,8343.0,7,32.6,5.0,0,0,0,0,0
4.23,9.1,3648.0,1,33.1,0.8,0,0,1,0,0
4.05,0.5,6975.0,2,37.0,3.8,0,0,0,0,0
4.19,6.1,8364.0,3,34.5,8.6,0,1,0,0,0
2.74,17.6,6962.0,1,37.6,2.3,0,0,1,1,0
4.27,2.9,5595.0,5,40.3,2.3,1,0,0,0,0
1.48,1.3,4943.0,3,48.7,1.9,1,0,0,1,1
3.18,6.1,8072.0,6,39.4,1.2,1,0,0,1,0
1.02,8.5,3154.0,3,29.3,1.9,0,1,0,0,0
2.3,4.0,4060.0,5,51.1,2.8,0,0,0,0,0
2.47,17.1,5205.0,4,35.3,12.8,0,0,0,1,0
2.58,0.5,8475.0,5,41.5,8.3,1,0,0,1,0
3.78,3.5,6760.0,5,45.6,5.9,1,0,0,1,0
2.55,6.3,4064.0,4,43.6,6.6,1,0,0,0,0
2.79,9.9,5379.0,4,50.8,1.9,1,0,0,0,0
1.95,1.0,4771.0,4,45.8,3.2,0,1,0,0,0
2.49,8.0,4580.0,4,35.1,6.8,0,0,0,1,0
1.91,4.0,7958.0,4,59.4,1.5,0,0,0,0,0
1.29,2.5,3257.0,5,43.6,9.8,0,0,1,1,1
3.41,0.7,9218.0,2,40.8,1.6,0,0,1,0,0
3.67,10.0,7656.0,2,49.7,2.8,0,1,0,1,0
3.48,0.9,8182.0,1,44.0,3.7,1,0,0,1,0
2.85,1.9,5074.0,2,45.2,9.0,0,1,0,0,0
2.52,1.7,5700.0,6,61.9,0.8,0,1,0,1,0
4.45,10.3,3134.0,2,39.8,4.1,0,0,1,0,0
