annual_income,loan_amount,credit_score,employment_years,debt_to_income,num_credit_lines,previous_defaults,purpose_consolidation,purpose_home,purpose_business,ownership_own,ownership_mortgage,defaulted
62841.0,6600.0,610,2.5,0.278,7,1,0,1,0,1,0,1
45746.0,9075.0,677,1.4,0.184,5,0,1,0,0,0,1,0
67768.0,6152.0,681,2.3,0.098,3,0,0,0,0,0,1,0
104979.0,8227.0,717,1.2,0.068,3,0,0,0,0,0,0,0
43605.0,3177.0,570,13.9,0.175,3,1,1,0,0,0,1,1
43605.0,11248.0,727,3.0,0.235,5,0,1,0,0,0,0,0
107970.0,9904.0,463,1.7,0.127,3,0,0,1,0,0,0,0
71949.0,6062.0,629,3.6,0.106,8,0,0,1,0,0,0,1
38765.0,14699.0,640,2.3,0.107,6,1,1,0,0,0,0,0
64298.0,17371.0,730,8.2,0.111,4,1,0,0,1,0,0,0
38882.0,3772.0,681,21.3,0.172,2,0,1,0,0,1,0,0
38837.0,6263.0,567,3.5,0.146,8,0,0,0,1,0,0,1
55325.0,6239.0,601,11.8,0.06,7,0,1,0,0,1,0,1
25000.0,5631.0,695,5.0,0.304,3,0,0,0,1,0,1,1
25000.0,16280.0,673,1.0,0.274,3,1,0,0,1,1,0,1
37007.0,8811.0,633,7.0,0.122,8,0,0,1,0,0,0,0
29542.0,8445.0,641,4.3,0.163,5,0,0,0,1,0,1,0
57361.0,2974.0,735,6.3,0.074,6,0,0,1,0,0,0,0
31132.0,14491.0,638,13.2,0.128,9,0,1,0,0,0,0,0
25000.0,4705.0,672,3.5,0.011,4,0,1,0,0,0,0,1
102010.0,10260.0,850,13.9,0.128,5,0,1,0,0,0,1,0
43788.0,11689.0,566,8.3,0.217,6,0,1,0,0,0,0,1
50704.0,22391.0,531,4.0,0.138,7,0,0,0,1,0,1,0
25000.0,4513.0,742,5.5,0.143,3,0,1,0,0,0,1,0
37340.0,1617.0,625,2.4,0.263,4,1,1,0,0,0,0,0
51816.0,11051.0,654,24.7,0.194,4,0,0,0,0,0,1,1
27571.0,29153.0,617,6.6,0.094,1,0,0,0,1,0,1,0
59151.0,20814.0,659,0.3,0.235,5,0,0,1,0,0,0,1
36304.0,11224.0,807,2.4,0.14,4,0,1,0,0,1,0,0
42368.0,7369.0,744,5.9,0.361,1,0,1,0,0,0,1,0
36285.0,16063.0,748,0.3,0.153,3,0,0,1,0,0,0,0
123765.0,5519.0,566,0.1,0.071,7,1,0,0,0,0,1,1
48691.0,13172.0,587,3.6,0.106,0,0,1,0,0,0,1,0
28887.0,13404.0,452,2.4,0.137,9,0,0,1,0,0,0,1
73959.0,18697.0,615,3.5,0.286,5,0,0,0,0,0,0,1
26624.0,50000.0,756,1.8,0.121,4,0,0,0,1,0,0,0
54417.0,12525.0,721,1.1,0.063,0,0,0,1,0,0,0,0
25000.0,7293.0,662,7.0,0.082,6,1,0,0,1,0,1,0
25233.0,9746.0,678,4.3,0.042,6,0,0,0,0,0,0,0
54091.0,3424.0,624,1.3,0.198,2,0,0,1,0,0,0,1
70915.0,6524.0,696,2.3,0.133,3,0,0,0,0,0,1,1
53406.0,7742.0,741,5.4,0.232,5,0,0,1,0,0,0,0
46267.0,7227.0,550,0.4,0.249,7,1,0,0,0,0,0,0
42169.0,10844.0,703,1.0,0.15,5,0,0,0,0,0,1,0
25000.0,6042.0,754,0.5,0.284,5,0,0,1,0,0,0,0
34203.0,19392.0,646,10.0,0.034,6,0,0,0,1,0,0,0
38936.0,9898.0,736,8.4,0.231,3,0,0,0,1,0,1,0
83163.0,9842.0,850,8.4,0.292,5,0,0,0,0,0,0,0
58210.0,8130.0,671,7.6,0.158,4,0,0,0,0,0,0,1
25000.0,10863.0,711,6.6,0.113,3,0,1,0,0,0,0,0
57644.0,16237.0,620,3.9,0.329,7,0,0,0,1,0,1,0
40435.0,5882.0,694,6.2,0.086,4,0,0,0,0,0,1,0
34945.0,6668.0,716,0.2,0.172,7,0,0,0,1,0,1,1
66559.0,8248.0,695,5.8,0.105,6,0,0,0,1,0,0,0
82084.0,4414.0,598,9.0,0.098,4,0,1,0,0,0,0,0
78092.0,6054.0,696,4.2,0.062,4,0,0,1,0,1,0,1
32222.0,7437.0,796,2.7,0.312,3,0,0,0,0,0,1,0
41999.0,16725.0,715,1.9,0.085,5,0,0,0,0,0,1,1
57851.0,11586.0,756,6.2,0.117,4,0,1,0,0,0,0,0
79839.0,11116.0,661,7.1,0.222,10,0,0,1,0,0,0,0
38577.0,16490.0,739,12.3,0.16,8,0,0,0,0,0,1,0
44675.0,9114.0,702,2.5,0.109,2,0,0,0,0,1,0,0
28193.0,12510.0,603,8.8,0.104,3,0,0,0,1,0,1,0
26954.0,9303.0,705,4.9,0.165,7,0,1,0,0,0,1,0
73590.0,11605.0,600,12.9,0.109,4,0,0,0,1,0,0,0
96579.0,6977.0,629,4.5,0.235,6,1,0,0,0,1,0,1
47287.0,2291.0,695,4.4,0.228,4,0,0,0,1,0,1,1
80965.0,9131.0,703,5.2,0.178,5,0,0,0,0,0,0,1
58737.0,23240.0,584,8.3,0.212,5,0,0,1,0,0,0,1
35505.0,17253.0,764,20.1,0.116,9,0,0,0,0,0,0,0
58730.0,17663.0,725,0.5,0.161,4,0,0,0,0,0,0,0
105770.0,20779.0,623,0.3,0.109,1,0,0,1,0,0,0,0
48151.0,10438.0,556,16.6,0.316,4,0,0,0,0,0,0,1
107186.0,11141.0,668,4.5,0.075,6,0,0,0,0,0,0,0
25000.0,6832.0,644,5.7,0.15,3,0,0,0,0,0,0,0
73936.0,8187.0,689,4.0,0.171,4,0,0,1,0,0,0,0
51201.0,14321.0,650,0.6,0.157,10,0,0,1,0,0,1,0
42214.0,20380.0,519,8.8,0.292,9,0,1,0,0,0,1,0
51322.0,9103.0,648,8.3,0.13,6,0,1,0,0,0,1,0
25000.0,7554.0,655,2.2,0.168,7,0,0,1,0,0,0,0
43922.0,9900.0,730,2.2,0.208,0,0,0,1,0,0,0,0
58604.0,14196.0,624,10.9,0.177,6,0,1,0,0,0,0,0
102636.0,4162.0,814,0.5,0.187,2,0,0,0,0,0,1,0
37830.0,2496.0,527,12.8,0.1,3,0,0,1,0,0,1,0
32720.0,7113.0,784,1.8,0.062,13,0,0,1,0,0,0,0
38144.0,4758.0,662,5.4,0.118,5,0,0,1,0,0,1,1
77474.0,7296.0,748,16.5,0.232,2,1,1,0,0,0,1,0
57779.0,9057.0,686,6.8,0.174,6,0,0,0,0,0,0,0
37614.0,7541.0,771,3.2,0.153,6,0,1,0,0,1,0,0
63363.0,23659.0,649,7.0,0.135,4,0,0,0,1,0,1,0
51459.0,12041.0,592,2.5,0.361,8,0,0,0,1,0,1,1
79564.0,11852.0,793,1.9,0.342,10,0,0,1,0,1,0,0
34509.0,14376.0,670,34.3,0.154,9,0,0,1,0,0,1,0
41613.0,4998.0,697,8.3,0.05,4,0,1,0,0,0,1,0
40294.0,18462.0,778,6.2,0.454,3,1,1,0,0,0,1,1
25000.0,9457.0,597,2.6,0.492,6,0,0,1,0,1,0,1
56844.0,14799.0,727,0.3,0.291,7,1,0,0,0,0,0,1
55856.0,5202.0,632,0.2,0.141,5,0,0,1,0,0,1,1
49146.0,3896.0,669,4.8,0.341,4,1,1,0,0,0,1,1
43595.0,16167.0,685,8.6,0.266,6,1,1,0,0,0,1,0
25000.0,12405.0,559,4.6,0.165,5,0,0,0,1,0,1,1
39723.0,5760.0,617,11.0,0.189,5,0,0,1,0,0,1,0
41301.0,5873.0,788,0.2,0.07,1,0,1,0,0,0,1,0
32822.0,19443.0,750,2.7,0.279,6,0,0,0,1,0,0,0
45223.0,4848.0,674,1.6,0.259,4,1,1,0,0,0,0,1
59996.0,26519.0,699,3.6,0.148,4,0,0,1,0,0,0,1
125881.0,5765.0,656,0.5,0.058,2,0,1,0,0,1,0,0
53492.0,14516.0,788,18.5,0.1,5,0,0,0,0,0,0,0
55758.0,8126.0,663,1.5,0.081,4,0,1,0,0,1,0,0
47230.0,14213.0,698,15.3,0.236,9,0,0,1,0,0,0,1
25000.0,7140.0,771,3.3,0.156,4,0,0,0,0,0,1,0
48375.0,8976.0,617,25.4,0.27,0,0,1,0,0,0,0,0
50520.0,10143.0,804,4.8,0.045,11,0,0,0,1,0,0,0
167984.0,5425.0,557,16.0,0.245,8,1,1,0,0,0,1,0
44526.0,15437.0,810,0.0,0.184,7,0,1,0,0,0,1,0
56998.0,7274.0,650,8.3,0.237,6,0,0,0,1,0,1,0
48177.0,8629.0,660,14.0,0.091,3,0,0,0,0,1,0,0
27328.0,5450.0,528,0.9,0.151,5,0,0,1,0,0,0,1
86804.0,2127.0,643,0.6,0.129,6,0,0,0,1,0,1,0
71394.0,8825.0,596,3.3,0.279,3,0,0,0,1,1,0,0
72803.0,42090.0,631,16.3,0.048,5,0,0,1,0,0,0,1
31111.0,15847.0,669,4.7,0.065,8,0,0,0,1,0,1,0
98854.0,9783.0,756,4.5,0.072,6,0,1,0,0,1,0,0
25000.0,8453.0,696,0.9,0.066,7,0,1,0,0,0,1,0
65738.0,10031.0,704,0.0,0.072,4,1,0,1,0,0,0,0
146566.0,13743.0,592,10.0,0.149,3,0,0,0,0,0,1,0
29874.0,4873.0,609,0.5,0.197,8,0,1,0,0,0,0,1
36933.0,19314.0,823,6.0,0.055,1,0,0,0,1,1,0,0
51525.0,15203.0,621,14.8,0.145,5,1,1,0,0,0,1,0
38111.0,15228.0,812,1.4,0.182,6,1,1,0,0,0,1,0
25000.0,12876.0,660,6.6,0.242,5,1,0,0,1,0,0,0
50730.0,10014.0,680,0.5,0.03,5,0,0,0,0,1,0,0
28821.0,14820.0,765,5.6,0.207,5,0,0,1,0,0,1,0
62118.0,14116.0,781,1.1,0.182,5,0,1,0,0,0,0,0
30955.0,8003.0,671,8.0,0.143,6,1,0,0,0,0,0,0
106401.0,7015.0,648,2.2,0.103,5,0,1,0,0,0,0,1
33136.0,10521.0,675,3.7,0.065,5,1,0,0,1,1,0,0
41730.0,25070.0,707,5.5,0.043,8,0,0,0,1,0,1,0
73626.0,4706.0,751,1.1,0.233,3,0,0,0,1,0,1,0
26491.0,4103.0,680,8.1,0.052,5,0,0,0,0,0,0,0
54925.0,10926.0,729,2.2,0.07,3,0,0,0,1,1,0,1
94237.0,10204.0,811,6.5,0.193,3,0,1,0,0,1,0,0
25000.0,10982.0,710,1.0,0.016,7,0,1,0,0,0,1,0
53762.0,11457.0,704,7.0,0.161,4,0,1,0,0,1,0,0
55823.0,8657.0,558,0.8,0.117,4,0,1,0,0,0,0,0
72469.0,24195.0,469,3.3,0.183,2,0,0,0,0,0,0,1
26411.0,3787.0,711,1.7,0.09,6,0,1,0,0,0,0,0
25331.0,6020.0,672,8.3,0.137,3,1,0,0,1,0,1,0
63638.0,9303.0,638,1.8,0.197,7,0,0,0,1,0,0,1
56868.0,3693.0,699,12.8,0.309,7,0,0,0,0,1,0,0
55562.0,8906.0,675,13.3,0.109,8,0,0,1,0,0,1,0
58292.0,26819.0,770,1.3,0.104,6,0,0,0,1,0,1,0
34891.0,10022.0,686,5.7,0.066,7,0,1,0,0,1,0,0
55057.0,11366.0,620,0.6,0.139,4,0,0,0,1,1,0,0
56757.0,4647.0,759,3.0,0.259,7,0,1,0,0,0,1,0
34297.0,6838.0,662,7.5,0.218,2,0,0,0,0,0,0,0
124603.0,7902.0,722,6.5,0.206,5,0,1,0,0,0,0,0
62126.0,8179.0,641,5.9,0.245,3,1,1,0,0,0,1,0
27020.0,21354.0,628,2.0,0.107,7,0,0,1,0,1,0,1
68069.0,13830.0,686,2.8,0.011,5,0,0,0,0,1,0,0
30111.0,5080.0,681,0.7,0.099,7,1,0,0,1,0,1,1
72660.0,11475.0,718,7.6,0.234,9,0,1,0,0,0,1,0
87492.0,13345.0,658,4.2,0.078,6,0,1,0,0,1,0,0
32522.0,19616.0,533,7.4,0.244,5,0,1,0,0,0,0,1
79355.0,25548.0,645,1.7,0.15,7,0,0,1,0,0,1,0
60258.0,5383.0,743,2.4,0.173,1,0,0,1,0,0,1,0
73942.0,6084.0,656,2.4,0.241,3,1,0,1,0,0,0,0
126550.0,4654.0,660,0.2,0.121,3,0,0,0,1,0,0,0
43361.0,8601.0,758,2.5,0.343,11,0,0,1,0,0,1,0
33629.0,13093.0,623,9.8,0.152,4,1,0,0,0,1,0,1
31421.0,17897.0,556,13.7,0.335,2,1,1,0,0,0,0,1
32601.0,9456.0,667,4.4,0.178,5,0,0,0,1,0,0,0
47167.0,8169.0,641,3.6,0.104,7,0,0,0,1,0,1,0
58138.0,10841.0,602,0.2,0.224,2,0,1,0,0,0,0,1
56294.0,5996.0,665,12.7,0.181,5,0,0,1,0,0,1,0
74131.0,34673.0,719,0.1,0.057,2,0,1,0,0,0,0,0
49341.0,3772.0,679,17.4,0.297,1,0,1,0,0,0,1,0
101394.0,11057.0,704,4.0,0.206,6,0,0,1,0,0,1,0
42945.0,33328.0,825,2.5,0.315,4,0,1,0,0,0,0,1
191011.0,9938.0,652,15.5,0.178,7,0,1,0,0,0,0,0
67026.0,8831.0,702,0.1,0.09,7,0,0,1,0,1,0,0
31934.0,7987.0,639,5.2,0.183,6,0,0,1,0,1,0,0
28697.0,8882.0,612,4.8,0.182,6,1,1,0,0,0,1,1
62395.0,22555.0,633,1.5,0.106,6,0,1,0,0,0,1,0
43839.0,2625.0,641,3.4,0.117,7,0,0,0,1,0,1,0
70053.0,24836.0,708,6.3,0.145,4,1,0,0,1,0,0,1
62107.0,4212.0,850,7.8,0.315,9,0,0,0,0,1,0,1
47268.0,8434.0,622,0.0,0.031,4,0,1,0,0,0,0,1
32100.0,7650.0,646,16.6,0.13,6,0,1,0,0,0,0,1
25000.0,14089.0,674,1.1,0.316,7,0,1,0,0,1,0,0
39212.0,3794.0,711,1.6,0.056,4,0,0,1,0,0,0,0
75222.0,13060.0,701,1.8,0.477,6,1,0,0,1,0,0,1
54559.0,33342.0,782,0.2,0.241,2,0,0,1,0,1,0,0
26295.0,4368.0,485,0.8,0.073,6,0,0,0,0,0,0,1
53455.0,11090.0,489,25.8,0.179,4,0,0,0,1,0,0,0
59436.0,6653.0,640,2.3,0.099,3,0,0,0,0,0,1,0
31510.0,12779.0,767,0.7,0.092,3,0,1,0,0,1,0,0
52937.0,10011.0,554,0.7,0.187,5,0,1,0,0,0,0,0
50468.0,6735.0,439,7.6,0.024,3,0,1,0,0,0,1,1
27681.0,13263.0,725,11.6,0.032,4,0,1,0,0,0,0,0
58624.0,29220.0,699,1.8,0.191,3,0,0,0,0,0,0,0
64886.0,8826.0,592,0.1,0.108,6,1,1,0,0,0,1,0
84248.0,15243.0,601,1.5,0.218,9,0,0,1,0,0,1,0
83025.0,4555.0,602,0.3,0.157,5,0,1,0,0,1,0,0
25000.0,5576.0,688,0.7,0.094,6,0,1,0,0,1,0,0
30671.0,13140.0,629,3.4,0.227,4,0,1,0,0,0,0,0
63419.0,24112.0,719,1.6,0.181,3,0,1,0,0,1,0,0
63379.0,12251.0,451,4.4,0.46,9,0,0,0,1,0,1,0
63419.0,8202.0,611,1.8,0.111,3,1,0,0,0,0,1,0
200000.0,9893.0,589,16.9,0.058,9,0,0,1,0,0,0,0
65215.0,4674.0,659,14.2,0.286,4,1,0,1,0,0,1,1
86490.0,14224.0,636,5.0,0.137,8,1,1,0,0,0,0,0
78984.0,16804.0,743,2.6,0.067,3,0,0,0,0,0,0,0
67894.0,7546.0,531,2.9,0.187,3,0,1,0,0,0,0,0
41872.0,7465.0,683,3.2,0.175,5,0,0,0,0,1,0,1
71645.0,11609.0,724,7.8,0.152,8,0,0,1,0,0,1,0
33309.0,7616.0,828,3.6,0.217,3,1,1,0,0,1,0,1
43547.0,9512.0,641,11.7,0.111,4,0,0,1,0,0,1,0
38458.0,34886.0,705,17.3,0.279,8,0,0,0,0,0,0,1
51069.0,8534.0,535,2.5,0.201,3,0,1,0,0,1,0,0
155956.0,7982.0,488,4.9,0.063,3,0,1,0,0,1,0,0
25000.0,6711.0,747,0.6,0.222,2,0,1,0,0,0,0,0
69088.0,15468.0,679,1.3,0.124,7,0,0,1,0,0,1,0
25000.0,8877.0,774,3.2,0.464,2,0,1,0,0,0,1,0
38717.0,6703.0,570,1.4,0.106,6,0,0,0,0,1,0,0
84497.0,21868.0,721,12.6,0.065,5,1,0,0,0,0,0,0
50622.0,23197.0,829,1.0,0.097,6,0,0,0,0,0,1,0
28599.0,6903.0,713,3.6,0.134,2,1,1,0,0,0,0,0
34281.0,3229.0,702,5.6,0.136,10,0,0,1,0,0,1,0
68858.0,18115.0,680,7.1,0.216,3,0,1,0,0,0,1,0
34024.0,6563.0,554,2.9,0.041,6,0,0,1,0,0,0,1
54624.0,15905.0,788,12.2,0.079,5,0,0,0,0,0,0,0
50151.0,3035.0,631,5.0,0.162,7,0,0,1,0,0,1,0
35391.0,16908.0,720,3.5,0.054,6,0,0,0,0,0,0,0
143196.0,4785.0,554,0.4,0.231,7,1,0,0,0,1,0,0
67303.0,15344.0,585,3.7,0.081,4,0,1,0,0,0,0,0
25000.0,9982.0,794,10.3,0.109,7,1,0,0,1,0,0,0
53811.0,5584.0,652,5.7,0.052,2,0,1,0,0,0,1,1
35211.0,7753.0,796,10.7,0.048,6,1,1,0,0,0,0,1
75073.0,14940.0,673,4.1,0.28,7,0,1,0,0,1,0,0
32983.0,10546.0,532,0.8,0.141,5,0,0,0,0,0,0,0
46288.0,14054.0,751,0.1,0.091,4,0,0,1,0,0,0,0
63101.0,32398.0,632,2.2,0.241,5,1,0,0,1,0,1,1
75575.0,3872.0,735,7.2,0.442,2,0,0,0,1,1,0,0
26899.0,26117.0,682,9.4,0.131,8,0,0,0,0,0,0,1
41471.0,10537.0,556,2.1,0.282,5,0,0,0,1,1,0,1
38659.0,5772.0,693,4.1,0.261,6,0,1,0,0,0,0,0
35360.0,4455.0,850,3.3,0.18,5,1,0,0,1,1,0,0
118507.0,8835.0,719,3.2,0.144,6,0,0,1,0,0,0,0
60023.0,17206.0,675,1.6,0.399,8,0,0,1,0,0,1,0
26097.0,9168.0,766,0.9,0.06,7,0,1,0,0,0,1,0
77570.0,24506.0,696,1.3,0.316,0,1,1,0,0,0,0,1
141645.0,4143.0,696,0.3,0.13,4,1,0,0,0,0,0,0
82144.0,9826.0,592,1.3,0.11,7,0,1,0,0,0,1,0
25000.0,4668.0,698,0.1,0.05,7,0,0,1,0,0,1,1
38480.0,12310.0,762,5.9,0.128,2,0,1,0,0,0,0,0
92361.0,16850.0,613,2.3,0.055,3,0,1,0,0,0,0,0
34412.0,7689.0,793,21.7,0.282,9,0,1,0,0,0,0,0
61200.0,2074.0,672,1.3,0.156,7,0,0,1,0,0,0,0
72209.0,11152.0,608,2.5,0.228,8,0,0,0,0,0,1,0
30839.0,12862.0,759,2.7,0.132,4,0,1,0,0,0,0,1
47583.0,12614.0,657,0.1,0.215,2,0,1,0,0,0,0,0
25000.0,20774.0,740,11.0,0.088,6,0,0,1,0,0,1,0
29372.0,5205.0,656,0.2,0.112,2,0,1,0,0,0,1,1
43205.0,14885.0,675,16.9,0.076,4,0,0,0,0,0,1,0
26268.0,20242.0,719,13.4,0.232,9,0,1,0,0,0,0,0
110880.0,3404.0,703,4.6,0.101,4,0,0,1,0,0,0,0
25000.0,11990.0,520,4.7,0.229,3,1,0,1,0,0,0,0
39339.0,7314.0,590,6.4,0.013,4,0,0,0,0,0,1,0
52332.0,9425.0,754,2.9,0.333,2,0,0,1,0,0,0,0
100774.0,12193.0,669,6.3,0.134,7,0,1,0,0,0,0,0
25000.0,7388.0,638,0.3,0.224,7,0,1,0,0,0,1,0
87692.0,6598.0,571,0.3,0.013,2,0,0,0,0,0,1,0
49272.0,10102.0,593,3.7,0.03,4,0,0,0,0,0,0,0
30009.0,5155.0,518,4.8,0.477,4,0,1,0,0,0,0,1
61763.0,5159.0,671,13.1,0.107,5,0,0,0,0,1,0,0
54151.0,14878.0,632,0.7,0.319,6,1,0,1,0,0,1,0
36312.0,4968.0,602,10.4,0.082,6,0,0,1,0,0,1,1
50762.0,14762.0,674,1.4,0.165,8,0,1,0,0,0,1,0
40431.0,13063.0,709,3.0,0.153,4,0,0,0,0,0,1,0
51884.0,3514.0,847,2.3,0.086,1,0,1,0,0,0,1,0
68259.0,6591.0,559,3.1,0.144,4,0,0,0,1,0,0,1
108338.0,20261.0,772,1.0,0.059,6,0,1,0,0,0,0,0
26399.0,5493.0,757,4.2,0.358,3,0,0,0,0,0,1,0
142417.0,7490.0,617,9.7,0.164,4,0,1,0,0,0,0,0
25000.0,13059.0,696,3.5,0.144,1,0,1,0,0,0,0,0
45438.0,15836.0,643,4.0,0.058,7,0,1,0,0,0,1,0
65786.0,8511.0,694,11.3,0.187,2,0,1,0,0,0,1,0
56415.0,6915.0,800,7.3,0.055,9,0,0,1,0,0,0,0
35906.0,23235.0,728,4.0,0.059,6,0,1,0,0,0,0,0
44176.0,28095.0,720,1.8,0.084,5,0,0,0,0,0,1,0
38311.0,17806.0,645,13.0,0.022,10,0,0,1,0,1,0,0
36509.0,10417.0,561,5.2,0.054,7,1,0,1,0,0,0,1
74967.0,6094.0,663,1.5,0.165,5,0,1,0,0,0,1,1
58601.0,6013.0,776,1.9,0.176,4,0,0,1,0,0,0,0
34667.0,13541.0,557,9.8,0.059,11,0,1,0,0,0,0,0
76865.0,12721.0,595,0.3,0.212,4,0,0,0,0,0,1,0
57162.0,22947.0,690,29.0,0.236,3,0,1,0,0,0,1,0
73602.0,14622.0,601,0.8,0.253,1,0,0,0,0,1,0,1
67159.0,4016.0,616,9.5,0.28,7,0,1,0,0,0,1,0
32387.0,18605.0,646,3.0,0.126,5,0,0,0,0,1,0,0
37046.0,5438.0,570,4.1,0.1,7,0,1,0,0,0,0,0
71228.0,7861.0,602,12.8,0.145,5,1,1,0,0,0,1,1
66515.0,11500.0,736,3.2,0.178,2,0,0,1,0,0,1,0
48511.0,32774.0,575,4.6,0.248,5,1,0,0,0,0,0,1
51983.0,50000.0,552,0.3,0.035,9,0,0,0,1,0,0,1
92859.0,14243.0,629,0.0,0.19,11,0,1,0,0,0,0,0
36469.0,8867.0,738,1.7,0.13,6,1,0,1,0,0,1,0
64444.0,13639.0,664,6.8,0.145,6,1,0,0,0,0,1,0
44307.0,16858.0,642,0.8,0.139,3,0,1,0,0,1,0,0
43965.0,8165.0,683,0.7,0.087,8,0,1,0,0,1,0,0
84914.0,29060.0,540,3.2,0.173,3,0,0,0,0,0,0,1
74066.0,11362.0,719,6.3,0.19,8,0,0,0,0,0,1,0
73626.0,13342.0,710,7.5,0.183,7,0,0,0,1,0,0,0
94159.0,14758.0,647,1.2,0.107,6,0,0,0,0,0,1,0
49538.0,12746.0,760,0.5,0.124,6,0,1,0,0,1,0,0
68939.0,16373.0,589,16.9,0.025,3,0,0,1,0,0,0,1
41977.0,6834.0,770,1.8,0.082,7,0,0,0,1,1,0,1
57646.0,7080.0,692,11.5,0.044,4,0,0,0,1,1,0,0
45933.0,5115.0,653,11.9,0.246,4,0,0,0,0,0,1,1
51457.0,12883.0,678,8.9,0.098,10,0,0,0,0,0,0,0
66011.0,15794.0,671,1.1,0.172,6,0,1,0,0,0,1,0
32562.0,13025.0,777,10.3,0.15,2,0,1,0,0,0,1,0
139552.0,27030.0,593,8.8,0.136,4,0,1,0,0,0,0,0
29643.0,9864.0,618,5.4,0.059,3,0,0,0,1,0,0,0
26713.0,14783.0,762,2.5,0.116,9,0,1,0,0,0,0,1
87470.0,5141.0,632,1.8,0.286,6,0,0,0,0,0,1,0
72826.0,7846.0,752,0.8,0.241,3,1,1,0,0,0,0,1
66974.0,15023.0,815,4.3,0.316,7,0,1,0,0,0,0,0
67116.0,16473.0,647,5.3,0.337,5,0,0,1,0,0,1,1
48722.0,8297.0,734,2.7,0.143,7,0,0,0,1,0,1,0
31300.0,9481.0,587,3.9,0.233,7,0,1,0,0,0,0,0
50914.0,3981.0,740,2.7,0.118,2,0,0,0,1,0,0,1
34941.0,7989.0,695,6.1,0.161,7,1,0,1,0,0,0,1
79822.0,16886.0,717,13.9,0.169,3,0,1,0,0,0,0,0
45546.0,13976.0,628,1.1,0.234,7,0,1,0,0,0,1,0
32443.0,13365.0,547,2.9,0.279,5,0,0,0,1,1,0,0
41744.0,10197.0,720,0.9,0.148,8,0,1,0,0,0,1,0
60263.0,9939.0,514,5.9,0.17,3,1,0,0,0,0,1,1
36980.0,6660.0,654,7.8,0.139,7,0,0,1,0,1,0,0
32497.0,15052.0,755,16.1,0.167,4,0,1,0,0,0,1,0
55373.0,12741.0,695,2.0,0.158,3,0,1,0,0,0,0,0
55408.0,13296.0,835,18.0,0.213,3,0,1,0,0,1,0,0
38045.0,7218.0,762,0.4,0.081,2,0,0,1,0,1,0,0
38734.0,2719.0,627,5.5,0.098,9,0,0,1,0,0,0,0
55052.0,19116.0,682,0.4,0.262,10,0,0,0,0,0,0,1
25000.0,7426.0,676,13.5,0.197,7,0,1,0,0,1,0,0
25000.0,5898.0,553,4.5,0.116,7,0,1,0,0,0,0,0
34227.0,15004.0,604,6.6,0.35,4,1,1,0,0,0,0,1
44059.0,7823.0,635,10.7,0.021,4,0,1,0,0,0,1,1
57266.0,18694.0,517,1.0,0.154,5,0,0,1,0,0,1,1
102506.0,14331.0,683,0.2,0.146,3,0,0,0,0,1,0,0
75269.0,14915.0,660,12.7,0.27,7,0,0,0,1,0,0,0
45253.0,4361.0,546,2.3,0.121,4,0,0,0,0,0,1,1
48557.0,20479.0,712,0.8,0.145,4,0,1,0,0,0,1,0
29695.0,11577.0,737,3.8,0.167,4,0,1,0,0,0,0,0
48569.0,7930.0,698,5.5,0.069,8,0,1,0,0,1,0,0
42433.0,10786.0,654,0.2,0.177,5,0,1,0,0,1,0,0
57605.0,3409.0,727,1.9,0.163,3,0,0,1,0,1,0,0
32415.0,12647.0,734,0.2,0.289,11,0,1,0,0,1,0,0
63556.0,5337.0,704,3.3,0.411,7,0,0,0,0,0,0,1
105490.0,4396.0,614,13.5,0.286,5,1,0,0,0,0,0,1
46426.0,3970.0,702,24.3,0.136,6,0,1,0,0,0,1,0
59925.0,19295.0,775,6.1,0.065,2,0,0,0,1,1,0,0
69222.0,6785.0,632,1.1,0.098,1,0,0,0,1,1,0,1
40110.0,24841.0,847,14.2,0.106,3,0,1,0,0,0,0,0
54833.0,7176.0,637,4.4,0.063,5,0,0,0,0,0,0,0
49330.0,3553.0,682,1.0,0.272,7,0,1,0,0,0,1,0
51474.0,5065.0,626,15.3,0.237,3,0,0,0,1,0,1,0
33306.0,20775.0,697,8.5,0.15,4,0,1,0,0,0,1,0
49625.0,9013.0,540,7.9,0.142,2,1,1,0,0,1,0,1
62881.0,7123.0,636,7.4,0.217,5,0,0,1,0,0,0,0
101273.0,10894.0,592,1.3,0.18,2,0,0,0,0,0,0,0
79192.0,13374.0,690,1.4,0.128,5,0,1,0,0,0,0,0
143859.0,19350.0,759,7.0,0.131,7,0,1,0,0,0,1,0
33401.0,23602.0,731,1.5,0.266,3,0,0,1,0,0,1,1
75823.0,7976.0,490,3.5,0.092,6,0,1,0,0,0,1,1
53727.0,4467.0,843,9.1,0.266,3,0,0,0,1,0,1,0
146518.0,7723.0,703,9.2,0.195,10,0,0,0,0,0,1,0
32724.0,11570.0,617,3.6,0.339,5,0,0,0,0,1,0,1
32213.0,5551.0,692,9.4,0.132,3,1,0,0,1,1,0,0
36327.0,5573.0,694,10.9,0.063,7,0,0,0,0,0,1,1
25000.0,12164.0,626,6.4,0.189,3,0,0,0,1,0,0,0
37689.0,9612.0,695,1.6,0.081,5,1,0,0,0,0,0,0
33538.0,10094.0,631,1.9,0.078,4,1,1,0,0,1,0,1
52849.0,6279.0,647,2.3,0.327,7,0,0,1,0,1,0,0
58156.0,8619.0,625,0.7,0.275,4,0,0,0,0,0,1,1
125252.0,5684.0,565,1.9,0.151,4,0,0,0,1,0,0,0
78843.0,16884.0,691,1.4,0.174,3,0,0,0,0,0,0,0
36737.0,18419.0,726,3.6,0.168,6,0,1,0,0,0,0,0
31282.0,3269.0,721,14.3,0.218,10,0,0,0,0,0,0,1
62690.0,5666.0,745,0.7,0.129,3,0,0,0,1,0,1,0
25334.0,4032.0,705,7.6,0.008,5,0,1,0,0,1,0,0
122483.0,6701.0,637,7.0,0.05,4,0,1,0,0,1,0,0
88408.0,9414.0,747,0.6,0.105,5,0,1,0,0,0,0,1
38770.0,4147.0,571,15.4,0.129,2,0,0,0,0,1,0,1
25000.0,5692.0,607,5.0,0.23,3,1,0,0,1,0,0,0
96465.0,5419.0,602,2.7,0.29,4,1,0,0,0,0,0,1
46292.0,11208.0,766,8.5,0.103,6,0,0,1,0,1,0,0
91027.0,10318.0,755,1.8,0.161,7,0,0,0,0,0,0,0
25000.0,6419.0,718,7.1,0.228,4,0,0,1,0,0,1,1
36327.0,11005.0,765,0.2,0.103,7,0,1,0,0,0,0,1
49149.0,7129.0,609,11.0,0.278,4,0,1,0,0,0,0,0
50186.0,8409.0,707,3.6,0.046,5,0,0,0,0,1,0,0
39143.0,27013.0,669,6.1,0.147,6,0,1,0,0,0,1,0
66931.0,22121.0,747,1.5,0.147,9,0,1,0,0,1,0,0
28744.0,4538.0,670,6.8,0.224,3,1,1,0,0,0,0,1
45652.0,16282.0,649,8.9,0.067,9,0,1,0,0,0,1,0
52060.0,16104.0,723,3.8,0.279,6,0,0,0,0,0,0,0
63400.0,4969.0,750,5.8,0.242,2,0,0,1,0,0,1,0
69969.0,16176.0,626,3.7,0.151,9,0,0,0,1,0,0,0
27936.0,24903.0,675,13.5,0.131,4,0,0,0,0,0,0,1
25000.0,5047.0,595,4.1,0.217,5,0,0,1,0,0,0,0
92859.0,5707.0,480,11.1,0.245,5,0,0,0,0,1,0,1
57882.0,18226.0,696,9.7,0.258,4,0,1,0,0,0,1,0
33717.0,11648.0,728,3.2,0.102,3,0,0,0,0,1,0,0
106465.0,13779.0,700,1.6,0.089,5,1,1,0,0,1,0,0
51940.0,12141.0,524,3.1,0.089,4,0,0,0,1,0,1,0
88402.0,12512.0,651,10.5,0.267,3,0,0,0,1,0,1,0
50704.0,4465.0,502,1.5,0.151,5,1,1,0,0,0,0,1
137362.0,18553.0,789,4.5,0.074,6,0,1,0,0,0,1,0
117909.0,19965.0,593,9.8,0.23,9,0,1,0,0,0,0,0
43283.0,8625.0,780,2.6,0.238,3,0,1,0,0,1,0,0
79681.0,9642.0,755,6.2,0.131,5,0,0,1,0,1,0,0
67690.0,3949.0,607,1.7,0.057,7,0,0,0,0,1,0,0
97180.0,13474.0,589,0.7,0.442,5,0,0,1,0,0,1,1
30259.0,13950.0,708,9.5,0.142,2,0,0,1,0,0,1,0
69080.0,9535.0,612,0.6,0.215,5,0,1,0,0,0,0,0
83217.0,19431.0,688,1.9,0.136,7,0,1,0,0,0,0,1
25000.0,8099.0,641,11.6,0.091,8,1,0,1,0,0,1,1
27129.0,13888.0,537,2.6,0.197,2,0,0,0,0,1,0,0
25000.0,5368.0,501,21.7,0.072,3,0,0,0,0,1,0,1
42843.0,9758.0,698,23.4,0.224,6,0,1,0,0,0,0,0
70177.0,8914.0,635,1.9,0.351,3,0,0,1,0,0,0,1
103899.0,11330.0,635,0.3,0.122,6,0,0,1,0,0,0,0
50871.0,7929.0,735,7.3,0.112,10,0,0,0,1,1,0,0
110670.0,9146.0,773,3.6,0.08,2,0,0,0,1,1,0,0
25000.0,16246.0,658,0.6,0.116,6,0,0,0,0,1,0,1
25000.0,7616.0,652,7.4,0.132,5,0,1,0,0,0,0,0
47678.0,3775.0,720,0.2,0.276,3,0,0,0,0,0,1,1
59399.0,28275.0,571,12.3,0.199,4,0,1,0,0,0,0,0
48226.0,22672.0,697,0.9,0.261,5,0,0,1,0,0,1,0
25000.0,4558.0,724,0.8,0.118,5,0,0,0,0,0,1,0
46884.0,14970.0,734,1.2,0.188,9,1,0,1,0,1,0,1
25534.0,7319.0,525,19.4,0.179,6,0,1,0,0,0,0,1
68517.0,11592.0,619,7.1,0.023,4,1,1,0,0,1,0,1
58882.0,11808.0,609,9.7,0.026,3,0,0,1,0,0,0,1
30640.0,8599.0,687,3.0,0.03,4,0,1,0,0,1,0,0
37914.0,6184.0,718,2.5,0.144,2,0,0,1,0,1,0,1
28865.0,6540.0,799,1.6,0.244,5,0,1,0,0,0,1,0
47508.0,5712.0,640,3.9,0.087,4,0,0,0,0,0,0,0
79029.0,6008.0,640,4.8,0.055,2,0,1,0,0,0,1,0
29946.0,9506.0,771,6.0,0.106,5,0,0,0,1,0,1,0
63071.0,6442.0,703,1.8,0.154,11,0,0,1,0,1,0,0
37604.0,14902.0,781,17.8,0.081,4,0,0,1,0,1,0,0
32977.0,24157.0,703,1.1,0.063,6,0,1,0,0,0,0,0
46466.0,6988.0,587,20.2,0.059,2,1,0,0,1,1,0,0
29213.0,11426.0,573,0.1,0.408,4,0,0,0,1,0,0,0
37167.0,13357.0,555,3.9,0.049,9,0,1,0,0,0,0,0
26932.0,13137.0,732,2.4,0.208,2,0,0,0,0,0,0,1
130923.0,10359.0,775,3.6,0.402,5,1,0,0,0,1,0,0
49893.0,15454.0,827,5.1,0.268,4,0,1,0,0,0,1,0
34549.0,13218.0,747,3.4,0.062,5,0,0,0,1,0,0,0
54556.0,4710.0,773,3.2,0.347,3,0,0,1,0,0,0,0
46343.0,16672.0,633,7.9,0.051,4,0,1,0,0,1,0,0
43893.0,16855.0,587,6.9,0.104,5,1,1,0,0,0,1,1
66642.0,6261.0,748,10.7,0.132,7,0,0,0,0,0,0,1
71593.0,10125.0,713,1.7,0.067,6,0,0,1,0,0,1,0
37600.0,14913.0,688,5.6,0.175,5,0,0,0,0,0,0,1
36757.0,8729.0,710,5.3,0.089,7,0,0,0,1,0,1,0
42722.0,18841.0,705,2.8,0.4,5,1,1,0,0,1,0,1
25000.0,40877.0,782,4.0,0.125,9,1,1,0,0,1,0,1
25000.0,6176.0,783,2.3,0.242,5,0,0,0,1,1,0,1
97094.0,4322.0,723,0.9,0.347,5,0,0,1,0,1,0,0
111579.0,11876.0,747,1.4,0.211,8,0,1,0,0,0,0,0
43282.0,15259.0,721,0.7,0.395,4,0,0,0,1,0,0,0
65400.0,8617.0,643,6.9,0.262,2,1,0,0,0,0,0,0
57275.0,23670.0,740,6.5,0.192,5,0,0,0,0,0,0,0
200000.0,4433.0,568,18.0,0.138,3,0,1,0,0,0,1,0
85801.0,14999.0,764,7.8,0.042,2,0,1,0,0,0,1,0
45984.0,6881.0,584,0.3,0.147,5,0,0,0,0,0,0,1
30401.0,27768.0,702,12.9,0.079,8,1,0,0,0,0,1,1
25000.0,32712.0,612,11.9,0.299,3,0,1,0,0,0,1,1
54270.0,6248.0,724,3.5,0.078,4,0,0,0,0,0,0,0
33585.0,7117.0,677,5.3,0.17,11,0,1,0,0,0,1,0
25000.0,16577.0,552,22.4,0.236,4,0,1,0,0,0,0,1
35480.0,7846.0,713,4.6,0.071,7,0,1,0,0,0,0,0
28545.0,9631.0,633,14.1,0.175,1,0,1,0,0,0,1,0
113956.0,10049.0,750,0.5,0.11,3,0,0,0,0,1,0,0
76177.0,3128.0,680,1.3,0.217,2,0,0,1,0,0,0,0
48826.0,9815.0,711,3.5,0.052,6,1,1,0,0,0,1,1
102742.0,6543.0,603,5.3,0.395,3,1,0,0,0,1,0,0
50954.0,7362.0,632,10.2,0.188,5,0,0,0,0,0,1,0
31868.0,23533.0,643,26.7,0.354,8,0,1,0,0,0,0,0
104984.0,4657.0,748,3.0,0.269,8,1,0,0,1,0,0,0
64181.0,16122.0,814,0.3,0.097,2,0,0,0,1,0,0,0
29184.0,8372.0,615,9.7,0.246,6,0,0,0,1,0,0,0
44571.0,8368.0,766,5.6,0.321,7,0,0,0,1,0,0,0
31640.0,15902.0,506,1.3,0.282,3,1,1,0,0,1,0,1
25000.0,12137.0,584,4.1,0.185,4,0,1,0,0,0,0,0
77893.0,13938.0,603,8.1,0.09,8,0,0,0,0,0,1,0
127352.0,17693.0,571,8.8,0.225,6,0,0,0,0,1,0,1
25000.0,8113.0,553,4.2,0.215,5,0,1,0,0,0,0,1
64957.0,6854.0,713,2.2,0.122,2,0,1,0,0,0,1,0
35407.0,5161.0,662,21.8,0.067,6,1,0,0,0,0,0,0
38424.0,6032.0,710,6.5,0.195,5,0,1,0,0,1,0,0
36454.0,50000.0,735,3.1,0.08,8,0,1,0,0,0,0,0
31825.0,20885.0,701,2.0,0.122,3,1,1,0,0,1,0,0
50225.0,4400.0,732,7.9,0.233,5,0,0,1,0,1,0,0
32355.0,4476.0,674,1.7,0.077,4,0,1,0,0,0,1,0
56119.0,13215.0,585,1.1,0.05,7,0,0,1,0,0,1,0
47805.0,13744.0,764,4.5,0.036,9,0,1,0,0,0,1,0
43500.0,13757.0,632,2.1,0.209,6,0,0,0,0,0,0,0
31139.0,8493.0,605,5.9,0.216,13,1,0,0,0,0,0,0
36740.0,9179.0,665,0.8,0.128,3,0,0,0,0,0,1,0
71517.0,12049.0,606,6.4,0.27,7,0,0,0,0,1,0,0
62973.0,10421.0,646,2.0,0.139,5,0,0,0,1,0,1,0
30068.0,2613.0,707,0.0,0.143,6,0,1,0,0,0,1,1
51517.0,8622.0,707,0.8,0.129,11,0,1,0,0,0,0,0
71374.0,5938.0,608,16.3,0.034,7,1,1,0,0,0,1,1
25000.0,10994.0,640,12.1,0.103,4,0,1,0,0,0,0,0
64323.0,50000.0,765,1.6,0.036,8,0,0,1,0,1,0,0
35196.0,12339.0,719,9.0,0.111,6,0,0,0,0,0,1,0
65206.0,8200.0,846,5.6,0.241,4,0,0,1,0,0,0,0
33469.0,17207.0,774,21.2,0.027,4,0,0,1,0,0,1,0
25000.0,13222.0,771,2.8,0.105,7,0,0,0,1,0,0,0
25000.0,12734.0,568,6.9,0.104,8,0,1,0,0,0,0,1
50214.0,14244.0,741,0.4,0.225,3,0,0,0,0,0,0,0
55819.0,33994.0,675,3.0,0.085,8,1,0,1,0,0,1,1
31190.0,5021.0,635,19.9,0.257,6,0,1,0,0,0,0,0
67460.0,13150.0,693,4.6,0.091,8,0,0,0,0,0,0,0
25000.0,5677.0,755,2.0,0.265,3,0,0,0,1,0,1,0
47428.0,13812.0,720,0.8,0.246,3,0,0,1,0,0,1,1
26755.0,5703.0,609,7.3,0.162,7,1,0,1,0,1,0,1
35386.0,7705.0,739,6.2,0.135,6,0,0,0,1,1,0,0
50196.0,8291.0,628,2.8,0.053,6,0,1,0,0,0,0,0
31882.0,17774.0,697,18.1,0.163,4,0,0,0,0,0,1,1
40446.0,17173.0,655,0.1,0.266,3,0,0,0,0,0,0,1
81076.0,4687.0,662,2.2,0.065,7,0,0,1,0,1,0,0
36738.0,10229.0,741,15.2,0.27,7,0,0,0,1,0,1,0
74447.0,6466.0,596,2.3,0.294,7,0,0,0,0,0,0,1
27866.0,4651.0,835,1.7,0.085,5,0,1,0,0,1,0,1
63889.0,8689.0,534,4.6,0.161,4,0,0,0,0,0,1,0
100789.0,8225.0,632,10.4,0.374,4,0,0,0,1,0,0,1
25000.0,42448.0,709,0.7,0.105,7,0,0,1,0,0,0,1
32911.0,12833.0,726,17.2,0.253,5,0,0,0,1,0,0,0
65417.0,4330.0,671,9.5,0.084,4,0,0,1,0,0,0,0
44288.0,7052.0,675,1.2,0.143,3,0,1,0,0,0,0,1
59017.0,18267.0,712,7.5,0.094,3,0,0,0,0,0,1,0
36243.0,34650.0,661,2.9,0.137,3,0,0,1,0,0,0,0
51190.0,3822.0,791,3.1,0.227,6,0,0,0,0,0,0,0
45350.0,3204.0,747,9.2,0.16,5,0,1,0,0,0,1,0
87894.0,30412.0,749,19.7,0.162,5,1,0,1,0,0,1,0
55671.0,12504.0,602,0.8,0.084,4,0,0,0,0,0,1,0
58035.0,5878.0,673,3.3,0.334,8,0,0,0,0,0,0,1
39897.0,13640.0,655,3.9,0.327,7,0,0,0,0,0,1,0
38415.0,2036.0,599,2.8,0.219,4,1,0,0,0,0,0,1
39487.0,9917.0,708,2.7,0.403,3,0,1,0,0,0,1,0
59708.0,12048.0,636,0.3,0.237,4,0,0,0,0,0,0,1
39716.0,17233.0,732,6.9,0.018,7,0,1,0,0,0,1,1
56664.0,5387.0,594,3.4,0.056,9,1,1,0,0,1,0,1
138372.0,10419.0,817,1.3,0.106,8,0,1,0,0,0,0,0
75778.0,5680.0,608,10.2,0.228,3,0,0,0,0,0,1,0
41647.0,11536.0,697,9.7,0.041,5,0,1,0,0,0,1,0
89376.0,5784.0,743,4.0,0.17,6,0,1,0,0,0,1,0
39973.0,7748.0,634,2.1,0.248,7,0,1,0,0,0,1,0
25000.0,5445.0,748,6.1,0.116,6,0,0,1,0,0,1,0
29613.0,14628.0,581,2.0,0.178,5,1,0,0,0,0,0,0
25000.0,16565.0,796,1.6,0.206,8,0,0,1,0,0,0,0
41120.0,8598.0,681,7.9,0.218,7,0,0,1,0,0,0,0
49474.0,10127.0,632,0.2,0.131,4,0,1,0,0,0,1,0
113348.0,4150.0,656,0.6,0.267,6,1,1,0,0,0,1,1
57726.0,8268.0,744,0.0,0.117,9,1,1,0,0,0,1,0
43934.0,9603.0,633,1.0,0.169,6,0,0,1,0,0,0,0
74214.0,47690.0,620,0.4,0.154,5,0,0,1,0,0,1,1
25000.0,5079.0,662,32.8,0.139,4,0,1,0,0,0,0,1
55150.0,23825.0,585,2.0,0.184,3,0,0,0,0,0,1,0
72073.0,18000.0,825,1.0,0.305,0,0,0,0,0,1,0,0
25000.0,11712.0,634,1.7,0.036,6,0,1,0,0,1,0,0
86845.0,28429.0,746,16.5,0.143,3,0,1,0,0,0,0,0
58061.0,12373.0,696,4.4,0.058,4,0,0,0,0,0,1,0
39829.0,12500.0,601,2.7,0.036,4,0,1,0,0,0,1,1
67265.0,9587.0,679,12.4,0.095,8,0,1,0,0,0,0,0
152565.0,20623.0,742,3.0,0.327,3,0,1,0,0,0,0,0
53687.0,19108.0,664,2.4,0.193,4,1,0,0,0,1,0,1
55498.0,6799.0,775,1.4,0.124,2,0,0,0,1,1,0,0
38961.0,4485.0,761,2.8,0.101,5,1,1,0,0,0,1,0
32051.0,8762.0,753,2.3,0.207,7,0,1,0,0,0,1,0
74248.0,6124.0,643,6.8,0.156,9,0,1,0,0,0,0,0
31951.0,9527.0,593,2.1,0.131,8,0,1,0,0,0,1,1
50807.0,20795.0,630,5.2,0.051,10,0,0,1,0,0,0,0
38606.0,7522.0,695,0.4,0.082,6,0,0,0,0,1,0,0
62286.0,9646.0,723,1.3,0.305,14,0,1,0,0,0,1,0
57921.0,10248.0,506,3.1,0.182,3,1,1,0,0,0,0,0
82353.0,16466.0,679,16.6,0.081,6,0,1,0,0,1,0,0
37987.0,2571.0,692,2.8,0.199,8,0,1,0,0,0,0,0
42833.0,6877.0,657,6.5,0.262,4,0,0,0,0,0,0,0
30050.0,11235.0,783,1.8,0.102,6,0,1,0,0,1,0,0
39256.0,20334.0,713,0.8,0.14,8,0,1,0,0,0,1,0
59198.0,7368.0,784,0.4,0.149,9,0,1,0,0,0,1,0
71575.0,3210.0,662,2.2,0.076,6,0,0,1,0,0,0,0
30913.0,14355.0,754,1.0,0.185,9,0,0,0,0,0,1,1
75720.0,6760.0,810,1.1,0.08,1,0,1,0,0,0,1,0
96550.0,4847.0,784,8.6,0.039,6,0,0,1,0,1,0,0
60278.0,6805.0,592,0.1,0.078,6,0,1,0,0,0,0,0
125291.0,8860.0,659,4.9,0.178,7,0,0,0,0,0,1,0
33293.0,6885.0,652,2.9,0.081,4,1,0,0,1,1,0,1
26309.0,2635.0,719,4.2,0.144,13,0,0,0,1,0,0,0
25000.0,16954.0,734,5.0,0.159,3,0,0,1,0,0,1,1
103572.0,21267.0,612,2.3,0.053,5,1,0,0,0,1,0,0
67995.0,14631.0,685,2.1,0.414,4,0,0,1,0,0,0,1
47677.0,5001.0,518,7.9,0.122,4,0,0,1,0,0,0,0
56386.0,8770.0,795,12.3,0.252,8,0,0,0,1,1,0,0
27924.0,9858.0,639,1.3,0.143,3,1,0,1,0,1,0,0
166521.0,14176.0,684,0.6,0.25,2,0,1,0,0,1,0,0
52293.0,14780.0,655,13.7,0.226,4,0,1,0,0,1,0,0
51777.0,6371.0,771,2.6,0.159,5,0,1,0,0,0,0,0
70466.0,10396.0,452,4.8,0.041,5,0,0,1,0,0,1,0
62349.0,13022.0,678,2.7,0.329,6,0,0,0,1,0,0,0
54827.0,23706.0,671,0.8,0.078,7,0,1,0,0,0,1,1
33017.0,15104.0,643,5.3,0.054,6,0,0,0,1,0,0,0
62052.0,15890.0,818,4.5,0.236,4,0,0,0,0,0,1,0
125619.0,10408.0,609,1.4,0.181,10,0,1,0,0,0,0,0
96058.0,23070.0,741,3.6,0.145,7,0,1,0,0,0,1,0
108727.0,12656.0,708,9.6,0.102,5,0,0,0,0,0,0,0
37964.0,5904.0,780,5.4,0.302,2,0,0,0,1,0,1,0
29888.0,22972.0,626,0.6,0.063,5,0,1,0,0,0,1,0
46033.0,15044.0,621,4.8,0.165,4,0,0,1,0,0,0,0
50406.0,7587.0,767,7.3,0.054,3,0,0,0,1,1,0,0
84719.0,7423.0,714,9.4,0.229,2,0,0,1,0,0,1,0
25000.0,11825.0,556,6.0,0.399,2,0,0,0,1,0,0,0
105322.0,13068.0,636,1.0,0.208,6,1,0,1,0,0,0,0
45297.0,11141.0,710,7.4,0.083,12,0,0,0,0,0,1,0
39599.0,11930.0,747,6.8,0.251,7,0,1,0,0,0,1,0
29553.0,27446.0,625,0.1,0.11,1,0,0,0,1,0,1,0
25000.0,18825.0,446,3.2,0.097,8,0,0,0,0,0,0,1
73983.0,11096.0,721,2.4,0.142,4,0,1,0,0,0,1,0
50851.0,17410.0,582,6.6,0.039,3,0,0,0,0,0,0,1
25720.0,5327.0,518,1.5,0.338,10,1,1,0,0,1,0,1
25654.0,12566.0,453,5.4,0.159,2,1,1,0,0,0,1,1
41444.0,29307.0,745,14.7,0.166,7,0,0,0,0,0,1,0
112929.0,8683.0,690,9.6,0.31,3,0,1,0,0,0,0,0
43054.0,5952.0,661,15.3,0.315,5,0,1,0,0,0,1,0
25000.0,6693.0,791,23.0,0.108,5,0,0,1,0,1,0,0
43353.0,5147.0,730,0.1,0.171,9,0,0,1,0,1,0,1
42772.0,6180.0,809,5.8,0.086,2,0,0,0,1,0,1,0
25000.0,7924.0,568,3.2,0.277,7,0,1,0,0,1,0,0
47708.0,4258.0,677,11.8,0.331,5,0,1,0,0,0,1,1
43675.0,9990.0,550,1.7,0.035,6,1,1,0,0,0,0,1
69432.0,17007.0,661,23.8,0.342,4,0,0,1,0,0,1,0
123559.0,5741.0,660,5.7,0.068,5,0,0,1,0,0,1,0
86102.0,24626.0,730,9.5,0.117,6,0,0,0,1,0,0,1
42854.0,13447.0,683,0.5,0.051,10,1,0,1,0,0,1,0
28190.0,18368.0,729,1.2,0.2,7,1,1,0,0,0,0,1
177492.0,6669.0,736,8.5,0.07,2,0,0,0,0,0,1,0
50494.0,16526.0,850,0.1,0.13,7,1,1,0,0,0,1,0
49363.0,5140.0,654,10.2,0.127,5,0,1,0,0,0,1,0
48433.0,16884.0,604,0.1,0.026,9,0,0,0,1,0,1,0
54125.0,10972.0,699,6.4,0.203,4,0,1,0,0,0,1,0
45607.0,13793.0,615,2.7,0.018,7,0,0,1,0,0,1,0
36797.0,4889.0,798,5.7,0.119,3,0,1,0,0,0,0,0
37293.0,5785.0,657,7.1,0.243,7,0,0,1,0,0,1,0
48225.0,14162.0,634,2.5,0.259,6,0,1,0,0,1,0,0
37357.0,5603.0,642,0.7,0.121,3,0,0,0,0,0,1,0
34323.0,13068.0,737,0.4,0.065,5,0,1,0,0,0,0,0
51700.0,4358.0,667,5.3,0.187,4,0,0,0,1,0,1,0
43153.0,16464.0,628,4.4,0.206,7,0,0,0,0,1,0,0
103984.0,4724.0,813,8.1,0.232,6,0,0,0,1,0,0,0
25000.0,13786.0,611,4.3,0.151,3,0,0,1,0,0,0,1
84605.0,14406.0,682,3.3,0.253,3,1,0,1,0,1,0,0
91404.0,6515.0,732,3.0,0.127,2,0,0,1,0,0,0,0
25000.0,14034.0,549,0.2,0.125,6,0,0,0,0,0,1,1
41302.0,11571.0,718,2.5,0.125,5,0,1,0,0,0,0,0
40712.0,7163.0,595,22.4,0.187,6,1,0,0,0,0,0,0
25000.0,5404.0,745,12.4,0.145,5,0,0,1,0,0,0,0
33226.0,3049.0,602,2.4,0.313,6,1,0,0,0,0,0,1
28133.0,12207.0,735,5.3,0.298,3,0,1,0,0,1,0,0
117728.0,3870.0,768,11.3,0.17,5,1,0,0,0,1,0,0
78264.0,10480.0,748,3.5,0.034,8,0,1,0,0,0,1,0
92575.0,8450.0,700,0.1,0.335,6,1,0,0,1,1,0,0
70322.0,14876.0,661,0.5,0.227,4,0,0,1,0,0,1,0
27875.0,8257.0,633,4.3,0.047,4,1,0,0,1,0,0,0
37712.0,8122.0,797,20.9,0.245,2,0,0,0,1,0,1,0
62610.0,15354.0,624,7.1,0.036,6,0,1,0,0,0,1,1
26607.0,12101.0,597,0.4,0.044,10,0,0,1,0,0,1,0
70017.0,11964.0,733,1.3,0.135,5,0,1,0,0,0,0,0
43470.0,13116.0,616,8.9,0.48,3,0,0,1,0,1,0,0
40643.0,3939.0,603,11.0,0.081,7,0,0,0,1,0,1,0
69946.0,15585.0,564,5.8,0.33,6,0,1,0,0,0,0,1
61214.0,14292.0,641,6.2,0.249,5,1,0,1,0,0,0,0
40926.0,5378.0,673,0.2,0.081,6,0,0,0,1,0,0,0
87524.0,8549.0,699,10.6,0.19,1,0,1,0,0,0,0,0
28552.0,9666.0,756,9.3,0.342,5,1,0,0,0,0,1,0
66701.0,9130.0,722,1.8,0.217,4,0,0,1,0,0,0,0
65943.0,12092.0,664,7.4,0.052,9,0,1,0,0,0,1,0
41992.0,23361.0,664,1.5,0.033,9,1,1,0,0,1,0,1
57703.0,18941.0,720,0.2,0.26,6,0,0,1,0,0,1,0
26224.0,4504.0,781,1.3,0.097,9,0,1,0,0,1,0,0
77809.0,14375.0,690,1.2,0.146,7,1,1,0,0,0,1,0
44692.0,21968.0,642,2.5,0.109,2,1,1,0,0,0,1,0
37746.0,12483.0,600,3.3,0.125,3,0,0,1,0,0,1,1
82827.0,19046.0,564,4.3,0.122,4,0,0,1,0,0,1,1
34469.0,33102.0,733,3.9,0.084,5,0,1,0,0,0,0,0
25000.0,18292.0,726,1.9,0.222,8,0,0,0,1,0,1,0
25000.0,11494.0,726,0.2,0.249,4,0,0,0,0,0,0,0
66370.0,18528.0,669,5.6,0.089,4,0,0,0,0,1,0,0
25843.0,10796.0,792,3.0,0.095,4,0,0,0,0,0,0,0
117877.0,10040.0,641,2.1,0.289,3,0,0,0,0,0,0,1
25000.0,8016.0,756,12.1,0.084,2,0,1,0,0,0,0,1
114488.0,25287.0,676,8.2,0.214,5,1,1,0,0,0,1,1
54476.0,6057.0,631,11.7,0.311,9,1,0,1,0,0,1,1
46707.0,24820.0,727,4.1,0.064,6,0,0,0,1,1,0,0
37330.0,13359.0,712,0.8,0.098,3,0,0,0,0,0,1,0
59848.0,4274.0,708,7.1,0.105,4,0,1,0,0,0,1,0
48107.0,12340.0,686,1.4,0.132,3,0,0,1,0,0,0,0
85106.0,2807.0,676,3.5,0.172,4,0,0,0,1,0,1,0
51902.0,14405.0,850,0.4,0.106,3,0,0,1,0,1,0,0
52847.0,16834.0,774,10.5,0.201,5,0,0,1,0,0,1,0
40872.0,6937.0,737,0.8,0.227,6,0,1,0,0,1,0,0
47645.0,10659.0,688,14.0,0.466,8,0,0,0,0,0,0,1
57177.0,31968.0,760,12.0,0.291,2,0,0,1,0,0,0,1
25000.0,7307.0,721,3.7,0.216,6,0,0,1,0,0,1,0
25000.0,5243.0,682,8.2,0.153,4,0,1,0,0,0,1,0
71085.0,24077.0,655,5.8,0.133,5,0,0,1,0,0,0,0
53393.0,32130.0,673,9.7,0.277,5,0,1,0,0,1,0,1
44712.0,9919.0,426,3.4,0.124,7,0,1,0,0,0,0,1
49475.0,18158.0,696,9.2,0.126,7,1,1,0,0,0,0,1
58325.0,22134.0,640,3.7,0.084,6,0,1,0,0,0,1,1
37426.0,6339.0,807,17.0,0.133,5,0,0,1,0,1,0,0
33218.0,7397.0,681,4.0,0.072,2,1,1,0,0,0,1,1
54064.0,20713.0,584,3.7,0.158,0,0,0,0,0,0,0,0
30056.0,27201.0,676,9.2,0.127,4,0,1,0,0,1,0,0
60122.0,13873.0,596,10.3,0.167,4,0,1,0,0,0,1,0
25000.0,5838.0,717,4.9,0.155,2,0,0,0,0,0,0,1
82008.0,32606.0,703,1.2,0.228,5,0,1,0,0,0,0,0
62087.0,7197.0,756,3.8,0.164,8,0,1,0,0,0,1,0
55716.0,8094.0,616,20.7,0.202,5,1,1,0,0,0,1,0
80125.0,12154.0,682,8.4,0.203,7,0,0,0,0,0,1,0
112728.0,25147.0,570,10.0,0.185,7,1,0,0,0,0,1,0
81404.0,16521.0,736,0.2,0.194,6,1,1,0,0,0,1,1
25000.0,12694.0,721,3.8,0.135,6,1,0,0,1,0,0,0
25854.0,13069.0,719,6.2,0.328,5,0,0,1,0,1,0,1
35868.0,10159.0,680,10.6,0.189,5,0,0,0,0,1,0,0
49664.0,13834.0,713,0.3,0.039,4,0,1,0,0,0,1,0
63502.0,2170.0,808,11.5,0.078,10,0,0,0,0,0,1,0
34103.0,8284.0,657,4.8,0.187,2,1,1,0,0,0,0,1
53819.0,11439.0,691,1.3,0.14,8,0,1,0,0,0,0,0
33601.0,4961.0,593,2.3,0.164,2,0,1,0,0,0,0,1
36107.0,12479.0,610,2.0,0.033,4,1,0,0,1,0,0,1
25000.0,8754.0,687,4.5,0.202,7,0,0,0,1,0,0,0
30896.0,28376.0,768,0.3,0.045,3,0,0,1,0,0,1,0
25000.0,25433.0,659,1.0,0.312,6,0,0,0,1,0,1,0
30093.0,7484.0,661,10.1,0.104,10,0,0,0,1,0,0,0
83019.0,9041.0,647,0.9,0.183,5,0,0,0,0,1,0,1
30494.0,9468.0,637,1.6,0.082,4,0,1,0,0,0,1,0
182808.0,7548.0,703,3.6,0.018,4,1,0,1,0,0,1,0
62734.0,11126.0,560,4.4,0.075,7,0,1,0,0,0,1,1
53767.0,6279.0,782,8.7,0.132,4,0,0,1,0,0,1,0
31915.0,5022.0,626,3.6,0.033,1,0,0,0,1,0,0,0
69575.0,14380.0,737,9.4,0.397,4,0,0,0,1,0,1,0
36761.0,14439.0,578,5.8,0.156,2,0,0,0,1,0,0,0
52104.0,6108.0,733,0.7,0.094,12,0,1,0,0,0,1,0
176318.0,16936.0,733,1.0,0.262,4,0,0,0,1,0,1,0
46722.0,6775.0,710,3.4,0.131,7,0,1,0,0,1,0,1
87085.0,11521.0,600,3.0,0.222,8,0,0,0,0,0,1,0
34490.0,16191.0,699,8.2,0.067,6,0,1,0,0,0,0,0
48171.0,9700.0,585,5.2,0.268,8,0,0,0,1,0,1,1
118824.0,13002.0,659,2.9,0.08,4,0,0,0,0,0,1,0
35829.0,7260.0,762,1.1,0.152,1,0,0,0,0,0,1,0
121325.0,8797.0,743,1.5,0.15,3,1,0,1,0,1,0,0
69834.0,8747.0,681,5.1,0.297,4,0,1,0,0,0,1,0
37003.0,6324.0,602,3.3,0.175,4,0,0,1,0,0,1,0
67252.0,8901.0,731,4.3,0.185,5,1,1,0,0,0,1,0
79720.0,3908.0,681,1.1,0.249,6,0,0,0,1,0,0,0
66897.0,7371.0,494,6.5,0.071,7,1,0,0,0,0,0,1
25000.0,8342.0,742,11.5,0.127,7,0,1,0,0,0,1,0
34079.0,8487.0,678,1.8,0.261,2,1,0,1,0,0,1,0
43314.0,8562.0,776,4.1,0.207,6,0,0,0,0,0,0,1
47230.0,9537.0,592,22.3,0.134,6,0,1,0,0,0,0,0
66859.0,13196.0,425,2.4,0.235,4,1,0,1,0,1,0,1
53576.0,16726.0,702,5.4,0.104,6,1,0,0,0,0,1,0
25143.0,6702.0,703,0.6,0.105,8,0,0,0,0,0,1,0
59284.0,4808.0,544,5.6,0.09,6,1,0,1,0,1,0,1
66522.0,5296.0,601,0.6,0.197,2,0,1,0,0,1,0,0
64854.0,7388.0,850,19.2,0.1,3,0,1,0,0,1,0,0
84153.0,8013.0,655,7.5,0.304,9,0,0,1,0,0,0,0
74381.0,6235.0,738,9.3,0.459,6,0,1,0,0,0,1,0
61672.0,4547.0,627,7.3,0.086,8,0,1,0,0,0,1,0
47331.0,7528.0,512,5.3,0.136,3,0,0,0,0,0,0,1
25000.0,11035.0,666,3.6,0.23,5,0,0,0,0,0,0,1
60767.0,14144.0,658,11.7,0.197,9,0,0,0,0,0,1,0
54385.0,7084.0,648,18.9,0.121,5,0,1,0,0,0,1,0
56150.0,7725.0,670,4.1,0.196,2,0,1,0,0,1,0,0
25890.0,5676.0,701,16.1,0.222,7,0,0,0,0,0,1,0
28552.0,9712.0,667,5.3,0.23,2,0,0,0,1,0,1,0
82998.0,5949.0,578,4.6,0.321,2,0,0,0,0,0,1,0
48061.0,13959.0,718,3.6,0.239,6,0,0,0,0,0,1,0
68923.0,3390.0,524,1.4,0.132,5,0,0,0,0,0,0,0
49720.0,7976.0,515,0.0,0.088,7,0,0,1,0,0,1,1
49756.0,11857.0,739,1.7,0.132,6,0,1,0,0,0,1,1
78366.0,11051.0,720,4.3,0.188,5,0,0,1,0,1,0,0
37872.0,49802.0,675,2.9,0.044,7,0,0,0,1,0,0,0
51434.0,12208.0,568,3.6,0.149,5,1,1,0,0,0,0,1
38904.0,5418.0,623,23.7,0.368,5,0,0,0,0,0,0,0
39449.0,9346.0,658,2.6,0.473,9,0,1,0,0,0,0,1
42000.0,3409.0,552,3.6,0.185,7,0,0,0,0,1,0,0
54779.0,9430.0,620,0.9,0.045,3,0,1,0,0,0,1,0
38585.0,6004.0,732,0.3,0.212,7,0,0,1,0,0,1,0
91847.0,17141.0,794,9.0,0.04,6,0,0,0,0,0,1,0
31341.0,7117.0,646,5.1,0.12,7,0,1,0,0,1,0,0
44648.0,9227.0,740,8.6,0.191,3,1,0,1,0,0,1,0
39345.0,6759.0,526,1.0,0.224,4,0,1,0,0,0,1,0
101062.0,28094.0,732,5.1,0.322,7,0,0,0,0,0,1,1
54083.0,8162.0,615,1.8,0.042,8,0,0,0,0,0,0,1
82119.0,29719.0,704,1.6,0.158,5,0,0,0,0,0,1,0
25000.0,16131.0,660,0.1,0.109,5,0,0,0,0,1,0,0
56023.0,13217.0,785,0.8,0.233,5,1,0,0,1,1,0,0
76482.0,12348.0,610,2.2,0.066,4,0,1,0,0,0,0,0
51080.0,12535.0,730,0.7,0.053,5,0,1,0,0,0,0,0
83512.0,3113.0,657,25.6,0.168,5,0,0,1,0,1,0,0
37849.0,8372.0,667,2.2,0.026,3,0,0,1,0,0,1,0
99178.0,16434.0,665,0.8,0.274,3,0,0,0,0,0,0,0
154732.0,9611.0,612,1.3,0.213,3,0,1,0,0,0,1,0
40888.0,4259.0,678,5.3,0.152,3,0,1,0,0,0,0,0
39232.0,9591.0,674,0.4,0.113,6,0,0,1,0,0,1,0
101386.0,27514.0,699,11.9,0.161,6,0,1,0,0,1,0,0
107989.0,20913.0,686,19.5,0.156,6,0,0,0,1,0,0,0
37744.0,9536.0,743,1.7,0.315,5,0,0,1,0,0,1,1
39732.0,17516.0,753,3.6,0.318,3,0,0,0,1,0,1,0
42579.0,7943.0,595,0.1,0.31,6,0,1,0,0,0,1,1
25029.0,3561.0,749,6.1,0.333,6,1,0,0,0,0,0,0
30967.0,5683.0,585,3.2,0.209,5,0,1,0,0,1,0,0
29671.0,25279.0,727,1.9,0.103,4,0,1,0,0,0,1,0
33393.0,8397.0,729,1.4,0.287,5,1,0,0,1,1,0,0
48178.0,8552.0,527,6.4,0.328,6,0,1,0,0,0,0,1
55111.0,8268.0,687,3.2,0.261,4,0,1,0,0,0,1,0
106431.0,31023.0,642,1.2,0.265,4,0,1,0,0,0,1,1
29757.0,26254.0,619,7.0,0.119,4,0,0,1,0,0,1,1
80191.0,37469.0,788,5.0,0.27,6,1,0,0,0,0,0,1
44047.0,8996.0,627,11.7,0.084,4,0,0,1,0,0,0,0
47823.0,11818.0,615,0.7,0.307,3,0,0,0,1,0,1,1
68693.0,3984.0,686,9.2,0.127,4,1,1,0,0,0,0,0
27963.0,24008.0,734,6.7,0.051,6,0,1,0,0,0,1,0
59350.0,4911.0,668,0.7,0.353,4,0,1,0,0,1,0,0
53275.0,11272.0,773,7.1,0.268,3,0,0,0,0,0,0,0
62707.0,5124.0,722,3.5,0.221,6,0,1,0,0,0,1,0
56646.0,6951.0,505,17.4,0.201,6,0,0,0,0,0,0,0
167318.0,5989.0,637,0.9,0.125,3,0,1,0,0,0,0,0
35637.0,6872.0,635,6.2,0.247,3,1,0,0,1,0,1,1
37590.0,7162.0,718,2.9,0.085,2,0,0,0,0,1,0,0
35898.0,7123.0,470,18.9,0.061,3,0,1,0,0,0,0,1
37133.0,16318.0,850,2.4,0.305,5,0,0,0,1,0,1,0
35643.0,5100.0,722,19.7,0.262,7,0,1,0,0,0,1,1
88833.0,11297.0,691,13.9,0.301,3,0,1,0,0,0,1,0
99733.0,20553.0,774,1.9,0.375,3,1,1,0,0,0,1,0
36851.0,7274.0,850,9.8,0.077,6,0,0,0,0,0,0,0
32332.0,6433.0,749,32.6,0.218,7,0,1,0,0,0,1,0
62051.0,8619.0,755,1.7,0.152,3,0,1,0,0,0,0,0
37193.0,20087.0,690,3.4,0.237,6,0,0,0,0,0,0,0
67270.0,11120.0,668,4.4,0.126,8,0,1,0,0,0,1,0
54256.0,7196.0,641,2.1,0.286,3,0,0,1,0,0,1,0
25000.0,13231.0,613,0.1,0.267,3,0,0,0,0,0,0,1
106272.0,5108.0,625,1.5,0.211,5,0,1,0,0,0,0,0
120323.0,14896.0,571,2.0,0.025,5,0,1,0,0,0,1,0
36084.0,12647.0,673,3.5,0.139,7,1,0,0,0,0,1,1
40382.0,8228.0,545,1.1,0.368,9,1,1,0,0,0,1,0
56553.0,5984.0,695,12.4,0.237,4,1,1,0,0,0,1,0
57944.0,5814.0,677,7.3,0.313,6,0,0,1,0,0,1,0
68137.0,13642.0,691,0.5,0.029,6,1,0,0,1,0,0,0
133934.0,20690.0,638,6.3,0.027,5,0,1,0,0,1,0,0
44870.0,6752.0,850,6.4,0.151,6,0,1,0,0,0,0,0
32888.0,13030.0,788,18.8,0.216,10,0,1,0,0,0,0,0
25000.0,2829.0,580,0.0,0.238,4,0,1,0,0,0,1,0
34014.0,6969.0,698,1.7,0.131,3,0,0,0,1,1,0,0
48216.0,9714.0,631,15.8,0.163,8,0,1,0,0,0,0,0
120244.0,5734.0,598,16.1,0.048,6,0,0,0,1,0,0,0
37843.0,5643.0,572,7.7,0.189,7,0,0,1,0,0,0,0
54825.0,6630.0,714,8.7,0.07,5,0,1,0,0,0,1,0
48620.0,11794.0,625,0.6,0.26,6,0,1,0,0,1,0,1
88805.0,8845.0,757,4.3,0.162,2,1,1,0,0,0,0,0
173419.0,2584.0,759,1.6,0.255,4,0,1,0,0,0,1,0
37593.0,2773.0,789,1.2,0.108,4,0,0,0,1,0,0,0
38380.0,6877.0,611,10.0,0.182,5,0,0,0,1,1,0,0
82626.0,13025.0,718,0.9,0.109,6,0,1,0,0,0,0,0
68937.0,1904.0,730,3.8,0.089,6,0,0,0,1,1,0,0
123421.0,7333.0,642,16.7,0.134,3,0,0,0,0,0,0,0
65642.0,7217.0,618,1.2,0.09,6,0,1,0,0,0,1,0
40960.0,22766.0,808,22.9,0.272,3,0,0,1,0,0,0,1
65863.0,7856.0,698,31.0,0.163,7,0,0,0,1,1,0,0
85336.0,12454.0,730,4.9,0.133,3,0,1,0,0,0,1,0
73883.0,10773.0,614,1.1,0.174,6,1,0,0,0,1,0,0
63173.0,2756.0,582,2.3,0.124,9,0,0,0,0,0,0,0
83561.0,15692.0,634,3.3,0.148,3,0,1,0,0,0,1,0
87961.0,11263.0,670,2.2,0.238,5,1,0,0,0,0,1,0
97839.0,13426.0,594,2.0,0.154,7,0,1,0,0,1,0,0
67803.0,50000.0,679,21.5,0.146,2,0,1,0,0,0,1,0
45091.0,2834.0,544,1.0,0.28,4,0,0,1,0,0,1,1
52752.0,27856.0,590,7.9,0.064,4,0,1,0,0,0,1,0
89613.0,8329.0,733,0.0,0.112,12,0,0,1,0,0,0,0
32583.0,11759.0,728,5.4,0.131,3,0,1,0,0,1,0,0
58944.0,9631.0,648,14.9,0.343,4,1,0,0,1,0,0,0
40269.0,7673.0,598,2.0,0.173,7,1,0,1,0,0,0,1
49730.0,7031.0,597,1.2,0.14,6,0,0,1,0,0,0,1
92895.0,12061.0,650,6.3,0.048,9,0,1,0,0,0,0,0
53936.0,3983.0,731,7.5,0.103,6,1,1,0,0,0,1,0
50172.0,15527.0,754,7.0,0.236,3,0,1,0,0,0,0,0
25000.0,7710.0,640,2.3,0.085,3,0,0,0,1,1,0,1
71191.0,5024.0,587,1.7,0.203,1,0,1,0,0,1,0,0
67693.0,7555.0,701,18.7,0.322,4,0,0,0,1,0,0,0
144586.0,21042.0,614,15.4,0.144,4,0,1,0,0,0,0,0
42029.0,7178.0,638,3.7,0.115,2,0,0,0,1,1,0,0
54698.0,12272.0,786,11.2,0.045,2,0,0,1,0,1,0,0
55531.0,6383.0,746,3.6,0.177,8,1,0,1,0,0,1,0
107875.0,15596.0,692,3.3,0.211,8,0,0,0,1,0,1,0
46740.0,14933.0,578,1.0,0.063,6,0,0,1,0,0,0,0
56360.0,30006.0,696,3.3,0.028,7,0,0,0,0,0,1,0
66433.0,8908.0,765,4.6,0.179,1,0,0,0,1,1,0,0
53815.0,14782.0,649,0.1,0.133,6,0,0,1,0,0,1,0
39214.0,10497.0,788,3.5,0.304,5,0,0,0,0,0,0,1
54017.0,21537.0,783,9.1,0.055,7,0,0,0,0,0,0,0
83853.0,6430.0,813,6.8,0.315,11,0,0,1,0,0,0,0
29341.0,15475.0,704,6.0,0.178,1,0,1,0,0,0,1,0
52391.0,8806.0,726,14.4,0.162,5,1,0,1,0,0,0,0
34542.0,9523.0,793,0.1,0.28,5,0,1,0,0,0,1,0
89101.0,10457.0,715,4.9,0.3,5,0,0,1,0,0,0,0
25000.0,11514.0,639,9.3,0.128,3,0,0,0,1,0,1,0
37069.0,9230.0,644,4.7,0.218,4,0,0,0,1,0,1,1
59196.0,11258.0,699,2.3,0.151,6,0,0,0,1,0,1,0
107233.0,25511.0,576,0.9,0.064,7,0,0,0,1,0,1,0
47435.0,17877.0,668,13.1,0.201,7,0,1,0,0,1,0,0
37138.0,16672.0,767,3.8,0.142,2,0,1,0,0,0,0,0
125565.0,7530.0,504,12.6,0.096,5,0,0,0,1,0,1,0
25000.0,5805.0,802,5.3,0.101,8,0,0,1,0,0,1,0
25000.0,17557.0,769,6.7,0.232,6,0,0,0,0,0,1,0
61084.0,16741.0,643,9.8,0.169,8,0,1,0,0,1,0,0
38138.0,23947.0,723,6.5,0.126,4,0,1,0,0,0,0,0
29419.0,6889.0,680,3.0,0.13,4,0,0,1,0,0,1,0
69855.0,8624.0,778,4.3,0.054,3,0,0,1,0,0,0,0
55376.0,3701.0,758,9.7,0.272,2,0,1,0,0,1,0,0
36974.0,7821.0,567,2.8,0.157,4,0,0,1,0,0,0,1
25844.0,17997.0,726,2.9,0.192,5,0,1,0,0,0,1,0
75828.0,7481.0,663,0.6,0.186,5,0,1,0,0,0,0,0
67853.0,14535.0,686,14.8,0.335,3,1,1,0,0,1,0,0
46649.0,8828.0,621,0.6,0.175,4,0,0,1,0,0,0,0
123416.0,12021.0,819,6.3,0.101,3,0,0,0,0,0,1,0
28709.0,4971.0,763,3.2,0.177,9,0,1,0,0,0,1,0
25000.0,10416.0,620,3.1,0.025,2,0,1,0,0,1,0,1
34684.0,1645.0,573,6.8,0.128,7,1,0,0,1,0,0,1
47916.0,8847.0,649,0.4,0.221,5,0,0,0,0,1,0,1
55363.0,3721.0,714,5.4,0.095,6,0,1,0,0,0,1,0
43451.0,20406.0,699,8.9,0.332,5,0,1,0,0,0,0,0
58456.0,15779.0,780,10.6,0.069,11,0,1,0,0,0,0,0
26219.0,13095.0,743,1.1,0.235,3,0,1,0,0,0,0,0
100900.0,24652.0,757,13.7,0.119,3,0,0,0,1,0,1,0
47048.0,5601.0,706,6.4,0.375,5,0,0,0,0,0,1,0
85703.0,28238.0,568,12.8,0.177,5,1,0,0,1,0,1,1
58184.0,17315.0,664,4.0,0.077,3,1,0,0,0,0,0,1
61598.0,8588.0,764,4.7,0.276,6,0,0,1,0,0,0,0
65178.0,19563.0,675,15.1,0.205,5,0,0,0,0,0,0,1
61320.0,5096.0,720,13.8,0.258,6,1,1,0,0,0,0,0
67600.0,6035.0,654,3.6,0.262,2,0,1,0,0,0,0,0
95280.0,6869.0,597,1.9,0.111,5,0,0,0,1,0,0,0
54082.0,7206.0,670,3.0,0.408,6,1,1,0,0,0,1,0
69878.0,5250.0,704,2.9,0.306,2,0,1,0,0,0,0,0
46870.0,20617.0,627,2.0,0.266,8,1,0,0,1,0,0,0
100716.0,8473.0,661,1.9,0.155,5,0,1,0,0,1,0,0
34955.0,12228.0,604,11.8,0.059,5,0,0,1,0,1,0,0
120628.0,7029.0,769,0.4,0.031,12,0,1,0,0,0,1,0
48046.0,3320.0,656,6.8,0.054,4,0,0,0,0,0,0,0
25000.0,11638.0,796,1.1,0.106,7,0,1,0,0,0,0,0
52263.0,3142.0,802,2.5,0.131,5,0,0,1,0,0,1,0
34873.0,9498.0,673,0.4,0.115,3,0,1,0,0,0,0,0
74632.0,4355.0,599,1.9,0.291,8,0,0,0,0,1,0,0
35372.0,32610.0,513,8.8,0.224,3,0,0,0,1,0,0,0
39219.0,17100.0,562,13.0,0.336,3,0,1,0,0,0,0,1
25000.0,10545.0,570,1.5,0.107,6,0,1,0,0,0,0,0
39099.0,21125.0,790,3.7,0.217,4,0,1,0,0,1,0,0
25000.0,5956.0,689,3.8,0.338,7,0,0,1,0,0,0,0
25000.0,13713.0,711,12.4,0.335,5,0,0,1,0,0,1,0
71697.0,11158.0,502,8.6,0.012,4,0,1,0,0,0,1,0
72613.0,11596.0,584,4.3,0.091,3,1,0,0,1,0,1,0
60641.0,21235.0,750,6.7,0.034,3,0,0,0,0,0,0,1
30228.0,15360.0,702,11.3,0.181,6,0,1,0,0,0,0,1
47865.0,11769.0,668,0.1,0.225,4,0,0,1,0,0,1,1
48933.0,3667.0,725,3.1,0.118,3,0,0,1,0,0,0,1
27469.0,5563.0,810,14.3,0.269,7,0,0,1,0,0,1,0
103954.0,9195.0,662,8.1,0.136,2,0,1,0,0,0,1,0
76015.0,10467.0,685,4.7,0.087,7,0,1,0,0,0,1,0
43893.0,5023.0,695,4.5,0.162,3,1,1,0,0,0,1,0
49684.0,42066.0,850,2.6,0.039,6,1,0,1,0,0,0,0
54404.0,24584.0,512,4.4,0.227,5,0,0,0,1,0,0,1
25000.0,14204.0,734,6.4,0.354,4,0,1,0,0,0,1,0
43322.0,10334.0,670,3.3,0.285,3,0,1,0,0,0,0,0
34857.0,8714.0,725,7.5,0.239,4,0,1,0,0,0,1,1
29709.0,5591.0,627,11.8,0.255,6,0,0,0,0,1,0,1
42593.0,10368.0,676,1.0,0.146,6,0,1,0,0,0,1,0
120432.0,11552.0,736,3.6,0.243,3,0,0,1,0,0,0,0
67536.0,4698.0,850,3.1,0.113,3,0,0,0,0,0,0,0
36843.0,12094.0,744,7.0,0.134,4,1,0,0,0,1,0,0
65270.0,9017.0,612,1.7,0.224,7,1,0,0,1,0,1,0
98684.0,3150.0,646,6.1,0.14,5,0,1,0,0,1,0,0
77833.0,5906.0,643,12.6,0.166,6,0,0,0,0,1,0,0
50504.0,7722.0,536,3.2,0.117,4,0,0,0,1,0,0,1
35473.0,30718.0,653,14.5,0.281,2,0,0,0,1,0,1,0
69502.0,13821.0,738,29.9,0.183,4,1,1,0,0,0,0,0
59679.0,4441.0,578,0.7,0.289,6,0,1,0,0,0,1,0
76695.0,13248.0,763,1.6,0.067,6,0,0,0,1,0,1,0
67345.0,3911.0,719,18.0,0.105,7,0,0,0,0,0,1,0
82849.0,18951.0,621,19.1,0.177,6,1,0,0,0,1,0,0
37511.0,7460.0,668,0.6,0.247,2,0,0,0,0,0,0,1
94722.0,9356.0,807,0.1,0.142,6,0,0,1,0,1,0,0
54111.0,21927.0,738,1.1,0.358,5,1,1,0,0,1,0,0
138362.0,4572.0,680,33.1,0.072,3,0,0,0,1,0,0,0
34732.0,4280.0,660,1.2,0.178,6,0,0,0,1,0,0,0
116772.0,6973.0,686,4.2,0.324,6,0,0,0,1,0,0,0
54120.0,18454.0,639,11.3,0.366,11,1,0,0,0,0,1,1
35394.0,3977.0,511,0.1,0.137,5,0,1,0,0,1,0,1
38486.0,1809.0,843,5.6,0.046,7,0,1,0,0,0,0,0
41766.0,7550.0,692,1.9,0.164,5,0,0,0,0,0,0,1
60602.0,13781.0,711,11.9,0.058,4,0,1,0,0,0,1,0
63667.0,20336.0,675,2.0,0.155,1,0,0,0,1,0,1,0
36796.0,7496.0,621,7.0,0.176,7,0,0,0,0,1,0,0
48427.0,7732.0,665,6.7,0.096,5,0,1,0,0,1,0,0
143077.0,19778.0,552,1.5,0.205,4,0,0,0,0,0,1,0
116282.0,3223.0,850,0.2,0.215,6,1,1,0,0,1,0,0
60972.0,7839.0,581,3.2,0.196,1,0,0,0,0,0,1,0
49961.0,11095.0,597,2.0,0.215,3,0,1,0,0,0,1,0
52053.0,12959.0,644,9.9,0.155,5,0,0,0,1,0,1,0
66620.0,7289.0,783,9.7,0.151,8,0,0,0,1,1,0,0
29396.0,10104.0,681,3.7,0.136,5,0,0,1,0,0,1,0
43101.0,2224.0,581,5.6,0.17,2,0,0,0,1,0,0,1
25000.0,6668.0,780,5.6,0.077,11,0,0,0,0,1,0,0
59851.0,12992.0,738,10.5,0.226,8,1,0,0,1,0,0,0
67751.0,5490.0,723,3.3,0.181,3,0,0,0,0,0,0,0
38500.0,10254.0,737,1.9,0.115,7,0,0,1,0,0,1,0
107688.0,12941.0,850,1.8,0.084,5,0,0,1,0,1,0,0
26559.0,8058.0,850,4.6,0.044,3,0,1,0,0,1,0,0
25000.0,10963.0,625,3.6,0.149,10,0,0,0,0,0,0,1
54843.0,5554.0,809,3.5,0.132,6,0,1,0,0,0,1,0
82748.0,8743.0,710,0.6,0.321,7,1,1,0,0,0,1,0
113773.0,14273.0,719,7.6,0.083,2,0,1,0,0,0,0,0
38970.0,10875.0,544,1.4,0.11,4,0,1,0,0,0,0,0
84065.0,6961.0,666,1.3,0.035,8,1,0,0,0,0,1,0
48086.0,11322.0,614,3.2,0.195,6,0,1,0,0,0,0,1
44967.0,15196.0,746,1.6,0.113,4,0,0,0,0,0,1,0
76254.0,2893.0,765,5.3,0.203,7,0,0,1,0,0,0,0
67925.0,19840.0,514,2.8,0.148,5,1,0,0,0,1,0,1
25000.0,8089.0,678,3.6,0.232,5,0,0,1,0,0,0,0
102567.0,12776.0,769,4.6,0.265,4,0,1,0,0,0,1,0
97738.0,20299.0,665,1.4,0.101,7,0,0,1,0,0,1,1
35854.0,4346.0,738,1.0,0.175,7,0,0,1,0,1,0,1
59749.0,6466.0,708,12.7,0.098,5,0,1,0,0,0,0,0
62756.0,8324.0,707,3.4,0.341,2,0,1,0,0,1,0,0
55845.0,6184.0,658,3.2,0.2,5,0,1,0,0,1,0,0
37229.0,28028.0,582,0.2,0.097,1,0,1,0,0,1,0,0
35038.0,5919.0,590,4.1,0.155,3,0,0,0,1,1,0,0
48398.0,7092.0,736,4.8,0.119,11,0,1,0,0,0,0,0
88112.0,11188.0,681,4.9,0.319,4,0,0,0,1,0,0,0
64331.0,4811.0,668,7.4,0.054,6,0,0,0,0,0,0,0
40729.0,7806.0,646,1.2,0.192,5,0,1,0,0,0,0,0
72103.0,11974.0,655,1.7,0.222,11,0,0,1,0,1,0,0
25000.0,8105.0,763,10.0,0.275,5,0,1,0,0,1,0,0
87063.0,9358.0,653,17.6,0.036,7,1,1,0,0,0,1,0
25000.0,7204.0,572,0.9,0.266,6,0,0,0,1,0,0,1
40896.0,3989.0,739,4.1,0.154,6,0,1,0,0,0,0,0
28006.0,12004.0,663,1.4,0.052,7,1,1,0,0,0,1,0
25659.0,28366.0,682,0.4,0.111,6,0,1,0,0,1,0,1
87589.0,10007.0,808,2.4,0.173,5,0,0,0,0,1,0,0
38799.0,11329.0,678,0.9,0.214,2,0,0,0,1,0,1,0
58294.0,14997.0,703,7.4,0.167,3,0,0,0,0,0,0,0
47884.0,4621.0,585,4.6,0.228,2,0,0,0,0,1,0,1
62226.0,27488.0,662,0.9,0.193,4,0,1,0,0,0,0,1
50940.0,11175.0,728,0.1,0.328,6,1,1,0,0,0,0,0
25810.0,26347.0,555,9.9,0.162,2,1,1,0,0,0,0,0
80671.0,6375.0,696,1.2,0.31,6,0,0,1,0,0,0,0
38297.0,29461.0,688,5.6,0.082,6,1,0,1,0,1,0,0
25000.0,15758.0,683,2.5,0.111,7,0,1,0,0,0,0,0
39575.0,13792.0,762,5.3,0.115,5,0,1,0,0,0,1,0
103816.0,11389.0,706,2.3,0.304,2,0,1,0,0,0,0,0
74990.0,8526.0,798,0.5,0.059,2,0,0,0,0,1,0,0
41179.0,20339.0,600,1.5,0.158,7,0,0,0,0,0,1,1
41166.0,10767.0,690,1.2,0.005,3,0,1,0,0,1,0,0
41739.0,3040.0,686,3.4,0.156,8,0,1,0,0,1,0,0
138465.0,5063.0,594,6.4,0.104,3,0,1,0,0,0,0,0
59336.0,8853.0,756,1.8,0.023,3,1,0,0,0,0,0,0
60780.0,11920.0,850,0.1,0.216,6,0,0,0,0,0,1,0
82055.0,9567.0,678,4.4,0.247,6,0,1,0,0,0,1,1
55237.0,20566.0,720,5.6,0.19,4,1,1,0,0,0,0,0
43066.0,3070.0,686,19.8,0.051,5,0,1,0,0,0,1,0
44437.0,10788.0,622,5.3,0.233,7,0,0,1,0,0,0,1
47297.0,3325.0,534,3.8,0.197,5,0,0,0,1,0,1,1
48117.0,15613.0,623,5.1,0.115,5,1,0,1,0,0,0,1
70532.0,9352.0,568,15.8,0.289,5,0,0,0,0,0,0,1
50311.0,12731.0,816,10.6,0.111,4,0,1,0,0,0,1,1
70708.0,5894.0,670,2.3,0.118,6,0,0,0,0,0,1,1
47082.0,21326.0,652,1.6,0.192,2,0,1,0,0,0,0,1
50987.0,18491.0,751,1.8,0.209,4,0,1,0,0,0,0,0
25000.0,14046.0,590,4.2,0.169,5,0,0,0,1,0,0,0
77510.0,9157.0,618,8.2,0.278,7,0,0,0,0,0,1,0
58293.0,14015.0,685,4.2,0.034,3,0,0,0,1,0,1,0
80741.0,6476.0,762,0.4,0.402,9,0,0,0,0,0,1,0
25000.0,16537.0,720,7.7,0.409,2,0,0,0,0,1,0,1
139272.0,26627.0,699,9.8,0.218,3,0,1,0,0,0,0,0
45716.0,18814.0,686,2.1,0.201,6,0,0,0,0,0,1,1
85314.0,6388.0,712,6.5,0.124,5,0,0,0,0,0,0,0
29145.0,12294.0,696,3.3,0.074,7,0,0,1,0,0,0,0
66595.0,4556.0,597,13.2,0.267,2,0,0,1,0,0,0,1
28949.0,13953.0,683,11.2,0.092,8,0,0,0,0,1,0,1
35886.0,12970.0,594,4.5,0.082,7,0,0,0,0,0,1,0
127646.0,3223.0,686,7.1,0.397,2,1,1,0,0,0,0,0
44563.0,4929.0,641,12.9,0.061,6,0,0,0,0,0,1,0
54651.0,8351.0,850,4.1,0.091,3,0,0,0,0,0,0,0
75738.0,8263.0,676,2.3,0.187,4,0,1,0,0,0,0,0
62808.0,4790.0,567,8.4,0.137,5,1,0,0,1,0,1,1
52850.0,12499.0,669,1.5,0.267,4,1,1,0,0,0,1,0
58834.0,11509.0,721,3.0,0.129,6,0,1,0,0,0,1,0
163033.0,8808.0,813,12.0,0.108,5,0,0,1,0,0,0,0
47629.0,6289.0,632,7.7,0.026,6,0,0,0,0,0,1,0
54206.0,18569.0,553,3.1,0.236,3,0,1,0,0,0,0,1
82895.0,26722.0,745,1.5,0.342,4,0,0,0,0,0,0,0
85201.0,7405.0,569,2.6,0.215,3,0,0,1,0,0,1,0
88744.0,6855.0,645,2.0,0.27,4,1,0,0,0,0,0,1
67465.0,13289.0,659,1.2,0.025,4,0,0,0,0,0,0,0
27681.0,7984.0,674,8.2,0.181,5,1,0,0,0,0,0,1
110937.0,9103.0,735,1.7,0.104,4,0,0,0,0,1,0,0
27635.0,15426.0,625,3.6,0.324,6,0,0,0,0,0,1,0
57029.0,3148.0,658,2.9,0.484,5,0,1,0,0,0,1,0
33620.0,21829.0,678,24.1,0.058,7,0,1,0,0,0,1,1
47474.0,10338.0,691,3.0,0.169,5,0,1,0,0,1,0,0
57779.0,7732.0,687,0.5,0.307,5,0,0,0,1,0,0,1
57565.0,9381.0,714,0.6,0.02,6,0,1,0,0,0,1,0
60534.0,9677.0,747,5.4,0.074,3,0,1,0,0,0,0,0
109848.0,3503.0,711,5.5,0.33,7,0,0,0,0,0,1,1
61498.0,24269.0,716,3.3,0.343,6,0,0,0,1,1,0,0
43387.0,10146.0,553,3.4,0.046,7,1,0,0,0,0,1,0
79383.0,12911.0,684,0.3,0.206,7,0,1,0,0,0,0,0
88853.0,17517.0,718,4.4,0.137,5,1,1,0,0,0,1,0
26534.0,5363.0,738,4.2,0.094,5,0,1,0,0,1,0,0
66085.0,13149.0,624,1.0,0.257,5,0,1,0,0,0,0,1
69605.0,8429.0,627,0.7,0.066,7,0,1,0,0,0,1,0
42244.0,16450.0,634,0.8,0.058,3,0,1,0,0,0,0,0
97524.0,2762.0,722,0.6,0.154,6,0,1,0,0,0,1,0
45477.0,9326.0,762,5.6,0.201,6,0,0,1,0,0,1,1
52197.0,6893.0,647,1.3,0.312,3,0,1,0,0,0,1,0
44957.0,12828.0,752,1.7,0.091,8,0,1,0,0,0,0,0
49404.0,13122.0,689,1.1,0.095,7,0,0,0,1,0,0,0
28335.0,6473.0,670,19.0,0.125,3,0,0,0,1,0,1,0
25000.0,6456.0,663,11.6,0.118,4,0,0,0,0,0,1,1
108798.0,9261.0,739,1.6,0.23,2,0,0,1,0,1,0,0
32097.0,5779.0,706,2.4,0.183,4,1,0,0,0,1,0,1
29861.0,16403.0,850,1.4,0.051,3,0,0,0,0,0,1,0
25000.0,7931.0,611,4.1,0.187,5,0,0,1,0,0,1,0
35615.0,1730.0,721,0.1,0.061,6,1,0,1,0,1,0,1
25297.0,7904.0,637,6.7,0.257,6,0,1,0,0,0,1,0
111414.0,5307.0,610,4.4,0.024,4,0,0,0,1,0,0,0
81219.0,3719.0,679,13.7,0.318,4,0,0,1,0,0,0,1
34750.0,4710.0,690,1.1,0.058,5,0,0,0,0,0,1,0
151179.0,10569.0,850,9.8,0.206,8,0,0,1,0,0,0,0
80088.0,21965.0,665,9.4,0.231,5,0,0,0,0,0,1,0
41672.0,11943.0,589,0.8,0.067,8,0,0,0,0,0,1,1
25000.0,6878.0,701,3.1,0.241,2,0,0,0,0,0,0,0
154118.0,13011.0,514,1.1,0.233,7,0,1,0,0,0,0,0
25000.0,7514.0,672,1.8,0.083,11,0,1,0,0,0,1,1
25000.0,6524.0,681,1.8,0.293,4,1,0,0,0,0,1,0
81739.0,4951.0,743,4.9,0.147,6,0,0,0,0,0,0,0
166022.0,3460.0,757,3.2,0.041,3,0,1,0,0,0,0,0
97943.0,7833.0,639,17.7,0.106,3,0,0,0,0,0,0,1
64988.0,10882.0,667,0.8,0.13,1,0,0,1,0,0,0,0
65998.0,9340.0,618,21.8,0.077,3,0,1,0,0,1,0,1
75110.0,7711.0,589,1.6,0.046,6,0,0,1,0,0,1,0
71644.0,5611.0,704,8.9,0.115,3,0,0,0,0,0,0,0
56421.0,14256.0,578,2.5,0.213,2,0,0,1,0,0,1,0
51643.0,4491.0,646,0.9,0.225,6,0,0,0,0,0,1,1
47510.0,15766.0,600,11.7,0.081,4,0,1,0,0,0,0,0
33625.0,5424.0,723,2.2,0.059,3,0,0,0,1,0,1,0
42602.0,6301.0,824,6.5,0.12,6,0,0,0,0,0,1,0
25000.0,4105.0,575,5.0,0.16,2,0,0,1,0,1,0,1
46669.0,7326.0,531,3.8,0.048,3,0,1,0,0,0,1,1
29903.0,17769.0,670,4.1,0.127,10,1,0,0,1,0,0,1
28232.0,13486.0,681,7.9,0.145,7,0,0,0,0,0,1,0
53634.0,17802.0,697,0.6,0.172,4,0,1,0,0,0,1,1
98322.0,13538.0,644,6.6,0.145,1,0,0,1,0,0,1,0
77587.0,5104.0,663,13.6,0.362,3,1,1,0,0,0,1,0
25000.0,8115.0,709,0.4,0.254,7,0,0,1,0,0,1,1
29887.0,6197.0,763,0.9,0.436,7,0,0,1,0,0,1,0
78463.0,21990.0,523,7.6,0.063,3,0,0,0,0,0,0,0
29994.0,4827.0,650,3.4,0.042,7,1,0,1,0,0,0,0
43813.0,16919.0,697,3.1,0.16,2,0,0,1,0,0,1,0
64539.0,16912.0,606,0.9,0.073,5,0,0,0,0,1,0,1
30207.0,29666.0,818,4.2,0.2,2,0,1,0,0,1,0,0
51673.0,7740.0,629,0.8,0.109,4,0,0,0,1,0,1,1
25159.0,15175.0,676,3.9,0.045,5,0,0,0,0,0,1,1
36291.0,38909.0,724,8.7,0.217,3,0,1,0,0,1,0,1
57520.0,6832.0,632,1.8,0.372,4,0,1,0,0,0,1,0
25000.0,3940.0,532,3.9,0.141,5,0,0,1,0,0,0,1
61098.0,3203.0,645,29.0,0.139,2,0,1,0,0,0,0,0
48542.0,15178.0,762,7.0,0.2,5,1,1,0,0,0,0,0
64618.0,3197.0,653,11.0,0.202,6,1,0,0,0,1,0,1
54828.0,7916.0,612,3.2,0.331,2,0,0,1,0,1,0,1
96962.0,12867.0,754,8.8,0.146,5,0,0,0,0,1,0,0
52188.0,11060.0,653,0.2,0.374,5,0,1,0,0,0,0,0
39549.0,12775.0,639,0.8,0.257,7,0,0,0,0,0,1,0
52112.0,11309.0,691,1.4,0.059,8,0,0,0,0,0,1,0
64321.0,21318.0,741,3.1,0.097,7,0,0,0,0,0,1,1
50233.0,5589.0,850,11.2,0.1,4,0,1,0,0,0,0,0
50026.0,6593.0,746,2.6,0.424,7,0,0,1,0,0,1,0
34510.0,6225.0,772,6.4,0.11,6,0,0,1,0,0,1,0
35191.0,16287.0,639,7.4,0.279,7,0,0,0,0,0,0,0
25000.0,16988.0,597,5.3,0.062,5,0,0,0,0,0,1,0
117570.0,12974.0,684,2.7,0.175,5,0,1,0,0,0,1,0
26320.0,20133.0,688,5.2,0.123,5,0,0,0,0,0,1,1
34667.0,4881.0,593,2.5,0.348,7,0,0,0,0,0,0,1
34228.0,26912.0,665,0.5,0.058,5,1,0,1,0,0,1,0
76685.0,24685.0,711,29.6,0.067,2,0,1,0,0,1,0,0
42299.0,15388.0,708,0.8,0.067,4,0,0,0,0,0,0,0
91480.0,28827.0,720,0.5,0.092,7,0,0,1,0,0,1,0
35005.0,3663.0,703,12.6,0.125,7,0,0,0,0,0,0,0
56359.0,7225.0,639,2.2,0.191,6,0,0,0,0,0,0,0
32284.0,6367.0,638,6.3,0.229,3,0,1,0,0,0,1,1
143283.0,15258.0,584,2.4,0.089,1,1,0,0,1,1,0,1
27071.0,5271.0,822,3.0,0.148,4,0,0,1,0,0,0,0
57234.0,15592.0,681,1.8,0.349,9,0,0,0,0,0,0,1
67298.0,22524.0,662,2.5,0.337,5,0,1,0,0,0,0,0
60289.0,15020.0,605,3.2,0.039,4,0,1,0,0,0,1,0
44683.0,11734.0,850,7.6,0.052,4,0,0,0,0,0,0,0
45940.0,5471.0,594,4.3,0.074,7,0,1,0,0,0,1,1
50106.0,5954.0,645,17.2,0.193,4,0,0,0,1,1,0,0
45547.0,20947.0,713,0.3,0.136,6,0,1,0,0,0,0,0
79375.0,15798.0,728,4.2,0.08,2,0,0,1,0,0,0,0
148044.0,9668.0,756,5.3,0.176,7,0,0,0,1,0,1,0
37096.0,7702.0,824,15.2,0.342,3,1,0,1,0,0,0,0
25000.0,2935.0,720,0.3,0.042,3,0,0,0,0,1,0,0
46904.0,5206.0,595,5.1,0.154,6,0,1,0,0,1,0,0
178056.0,31159.0,659,11.5,0.107,4,0,1,0,0,0,0,0
32799.0,4590.0,704,1.7,0.272,7,0,0,1,0,1,0,0
111253.0,11089.0,845,12.5,0.046,6,0,0,0,1,0,0,0
113420.0,18114.0,568,0.1,0.119,8,0,0,1,0,0,0,1
37168.0,4661.0,776,7.9,0.283,3,0,1,0,0,0,1,0
65153.0,11057.0,694,16.2,0.117,5,0,0,0,0,0,0,0
110658.0,17374.0,747,6.4,0.172,6,0,0,1,0,1,0,0
40556.0,9972.0,671,3.5,0.043,3,0,1,0,0,0,1,1
44277.0,50000.0,612,0.3,0.142,4,0,0,1,0,0,0,1
36650.0,3637.0,740,15.2,0.181,8,0,1,0,0,0,0,0
29514.0,18681.0,732,3.8,0.229,4,1,1,0,0,0,1,0
35432.0,8922.0,757,0.2,0.062,4,0,1,0,0,1,0,0
26583.0,15727.0,678,7.0,0.153,4,0,1,0,0,0,1,1
49863.0,12897.0,632,3.9,0.194,4,0,1,0,0,0,1,0
33357.0,6375.0,555,0.8,0.151,8,0,0,1,0,0,1,1
55099.0,11355.0,745,1.4,0.111,7,0,0,0,1,1,0,1
25000.0,3246.0,713,0.4,0.069,7,0,0,0,1,0,1,0
57840.0,14214.0,602,5.1,0.169,5,0,1,0,0,0,0,0
74367.0,11836.0,636,5.8,0.194,7,1,0,0,0,0,1,1
25000.0,14519.0,642,4.2,0.243,4,0,0,0,0,1,0,1
59102.0,18674.0,561,10.2,0.08,7,0,0,0,0,0,0,1
90566.0,12340.0,614,11.8,0.243,2,0,1,0,0,0,1,0
26774.0,10817.0,589,5.7,0.045,2,0,0,0,1,0,0,1
113129.0,5833.0,647,0.1,0.065,5,0,1,0,0,1,0,0
60446.0,6455.0,620,7.1,0.251,5,1,0,0,0,0,1,0
34458.0,20172.0,549,3.2,0.142,8,1,1,0,0,0,1,1
47673.0,23431.0,841,5.0,0.224,6,0,1,0,0,0,1,0
64807.0,8580.0,780,6.3,0.324,5,1,0,1,0,0,1,0
50920.0,10174.0,617,2.6,0.243,8,0,0,1,0,0,1,0
64176.0,5752.0,701,14.9,0.085,5,0,0,1,0,0,1,0
30936.0,20003.0,713,0.9,0.158,7,0,1,0,0,0,1,1
53353.0,14754.0,775,6.7,0.43,4,0,0,1,0,0,1,0
25000.0,31721.0,614,0.0,0.075,7,0,0,0,0,0,0,1
46369.0,5843.0,767,15.5,0.278,6,0,0,0,0,0,0,0
31196.0,7889.0,636,0.7,0.156,5,0,0,1,0,0,0,0
33936.0,11372.0,573,0.6,0.405,3,0,0,1,0,0,0,1
90948.0,14587.0,737,2.4,0.157,5,1,1,0,0,1,0,1
84597.0,8696.0,783,2.8,0.144,5,0,1,0,0,0,1,0
66474.0,5862.0,850,1.4,0.186,4,0,1,0,0,0,0,0
28391.0,16795.0,584,5.3,0.296,1,0,0,1,0,1,0,1
41848.0,15255.0,735,3.5,0.149,6,0,0,0,1,0,1,0
89909.0,5711.0,647,0.2,0.124,6,0,0,1,0,0,1,0
52620.0,22321.0,742,2.3,0.3,7,0,1,0,0,0,1,0
156321.0,19973.0,562,10.0,0.134,8,0,0,1,0,0,1,0
59674.0,10728.0,578,7.0,0.218,7,0,1,0,0,0,0,1
53961.0,10381.0,617,7.7,0.077,1,0,0,0,0,0,0,0
42001.0,13800.0,686,7.2,0.098,5,0,1,0,0,0,1,0
52406.0,5902.0,628,2.2,0.226,4,0,0,1,0,0,0,0
45423.0,10077.0,732,0.6,0.085,8,1,0,0,1,0,1,0
69846.0,2720.0,762,1.9,0.061,3,0,1,0,0,0,0,0
79091.0,16745.0,727,10.7,0.188,1,0,1,0,0,0,0,0
33091.0,3878.0,809,23.6,0.419,2,0,0,1,0,0,1,0
25195.0,24393.0,713,4.1,0.103,3,0,1,0,0,0,0,0
25000.0,8119.0,582,0.1,0.2,7,0,0,1,0,0,1,1
63196.0,8717.0,789,0.9,0.23,4,0,0,0,0,0,1,0
28235.0,6791.0,631,2.3,0.099,7,0,1,0,0,0,0,1
25000.0,8326.0,752,5.2,0.07,11,0,0,1,0,0,0,0
59533.0,23182.0,805,0.5,0.096,3,0,0,0,0,0,0,1
170502.0,2225.0,716,17.2,0.123,7,0,0,1,0,0,0,0
48872.0,21294.0,560,2.7,0.236,5,1,0,0,0,0,0,1
74551.0,12122.0,606,14.6,0.07,9,0,1,0,0,0,0,0
51068.0,4797.0,785,9.1,0.326,5,0,0,0,1,0,0,0
46656.0,5192.0,666,8.4,0.141,7,0,0,0,1,0,1,0
77617.0,27061.0,686,5.6,0.148,4,0,0,0,0,0,1,1
42398.0,5612.0,740,5.9,0.158,3,0,1,0,0,0,1,0
56033.0,4954.0,735,6.1,0.163,5,0,1,0,0,0,1,0
57575.0,19582.0,702,5.9,0.224,4,0,1,0,0,0,0,1
35100.0,12126.0,663,4.8,0.162,8,0,0,0,0,1,0,1
80501.0,5638.0,654,25.8,0.28,4,0,0,1,0,0,1,0
44915.0,11271.0,748,7.9,0.192,3,0,0,0,0,0,0,0
33595.0,5348.0,724,9.0,0.129,5,0,1,0,0,1,0,0
64104.0,19158.0,659,12.4,0.167,2,0,1,0,0,0,1,1
31281.0,18710.0,766,1.5,0.107,6,1,1,0,0,0,1,0
49716.0,13619.0,669,0.5,0.175,6,0,0,1,0,0,0,0
48798.0,12296.0,611,4.0,0.072,3,1,0,0,0,0,1,1
84368.0,28473.0,619,4.3,0.179,4,0,1,0,0,0,0,0
62153.0,9895.0,601,10.6,0.117,5,0,0,0,0,0,1,0
48411.0,4870.0,658,3.5,0.207,7,0,1,0,0,0,0,0
73783.0,12961.0,778,5.1,0.104,6,1,0,0,1,0,1,0
98234.0,34601.0,615,4.5,0.239,3,0,0,0,1,0,1,0
64790.0,5384.0,695,0.2,0.36,6,0,1,0,0,0,1,0
49275.0,7967.0,627,5.7,0.186,3,0,1,0,0,1,0,1
25440.0,12706.0,659,10.6,0.197,6,0,1,0,0,0,1,0
28780.0,9582.0,559,1.0,0.085,2,0,1,0,0,0,1,0
42083.0,5490.0,662,5.4,0.157,3,0,0,0,0,1,0,0
36143.0,19402.0,664,5.4,0.115,4,0,0,0,0,0,0,0
44646.0,39816.0,723,1.1,0.218,11,0,0,0,1,0,1,0
50429.0,11133.0,697,0.8,0.152,5,1,0,0,1,0,0,0
63885.0,5753.0,584,23.5,0.336,4,0,1,0,0,0,0,0
47323.0,3907.0,766,3.0,0.328,3,0,1,0,0,1,0,0
62521.0,11554.0,696,1.5,0.186,2,1,0,0,0,0,1,0
50627.0,19193.0,695,1.1,0.014,7,0,0,1,0,0,0,0
25000.0,13162.0,679,6.6,0.194,4,0,0,0,1,0,0,0
30648.0,9883.0,638,5.6,0.148,1,0,0,0,0,0,0,1
45613.0,6950.0,697,6.2,0.104,0,0,0,1,0,0,0,0
26773.0,5139.0,718,0.6,0.286,6,0,1,0,0,1,0,1
66169.0,16331.0,540,13.4,0.044,5,0,0,0,0,0,1,0
105385.0,17124.0,636,3.0,0.162,5,0,0,1,0,0,0,1
90164.0,3915.0,659,2.3,0.151,9,0,0,0,0,0,0,0
44059.0,25691.0,700,3.7,0.035,1,0,0,1,0,0,0,0
103297.0,13967.0,775,3.0,0.199,2,0,1,0,0,0,0,0
52804.0,22920.0,618,12.0,0.144,5,0,1,0,0,1,0,0
41417.0,4424.0,640,15.9,0.227,4,0,0,0,1,0,0,0
36073.0,4361.0,638,2.2,0.043,5,0,0,1,0,0,0,1
42141.0,9051.0,615,12.0,0.194,8,0,0,1,0,1,0,0
40373.0,13382.0,652,9.1,0.244,7,0,0,1,0,1,0,0
53381.0,29080.0,741,16.0,0.259,5,0,0,1,0,0,1,0
53119.0,15118.0,595,1.7,0.032,6,0,1,0,0,0,0,0
49096.0,8556.0,714,5.2,0.084,4,0,1,0,0,0,1,0
60990.0,5346.0,543,1.9,0.114,4,0,1,0,0,1,0,1
88905.0,20702.0,635,10.4,0.245,5,0,1,0,0,0,1,0
78809.0,5548.0,653,0.0,0.178,5,0,0,1,0,0,1,1
25000.0,26294.0,813,5.0,0.124,3,0,1,0,0,0,1,0
25000.0,8345.0,658,2.5,0.348,6,0,1,0,0,0,0,1
78211.0,25703.0,503,2.3,0.055,8,0,1,0,0,0,0,1
25000.0,14874.0,520,6.2,0.121,3,1,1,0,0,0,1,1
43810.0,9116.0,682,11.4,0.214,6,0,0,0,0,0,0,0
27308.0,7247.0,729,5.6,0.201,3,0,1,0,0,0,0,0
25000.0,8066.0,710,11.5,0.215,8,1,0,0,1,0,1,0
64262.0,12797.0,693,1.8,0.14,3,0,1,0,0,0,1,0
71652.0,10366.0,772,4.4,0.183,11,0,0,0,0,0,1,0
36745.0,6931.0,636,3.6,0.035,8,0,0,0,0,0,1,0
25000.0,8961.0,751,0.1,0.094,10,0,0,1,0,0,0,0
37305.0,10375.0,549,4.9,0.108,7,0,0,0,0,0,0,1
59629.0,2759.0,607,6.5,0.189,9,0,1,0,0,0,1,0
25000.0,13029.0,535,5.4,0.072,7,0,1,0,0,0,0,1
53727.0,5498.0,658,8.0,0.226,8,0,1,0,0,0,0,0
48647.0,4954.0,676,5.1,0.129,8,0,1,0,0,0,0,1
65490.0,3596.0,689,0.4,0.202,4,0,1,0,0,0,1,0
52041.0,3373.0,684,0.7,0.093,5,0,1,0,0,0,0,0
30136.0,4388.0,605,5.4,0.143,6,0,0,1,0,0,0,0
89169.0,6468.0,664,1.9,0.138,5,0,0,0,1,0,0,1
45285.0,31951.0,560,0.5,0.13,2,0,1,0,0,0,1,0
48356.0,7219.0,789,3.4,0.328,5,0,1,0,0,0,0,0
30741.0,11011.0,655,4.8,0.213,3,0,0,1,0,0,1,0
39276.0,12585.0,640,2.4,0.159,7,0,0,1,0,0,0,0
31495.0,10707.0,807,7.6,0.163,1,0,1,0,0,0,0,0
44960.0,9448.0,580,6.2,0.125,1,0,1,0,0,0,1,1
115365.0,4831.0,589,2.4,0.23,3,0,0,1,0,1,0,0
25000.0,23637.0,592,8.4,0.064,2,0,1,0,0,0,0,1
25000.0,29270.0,674,6.3,0.311,5,0,0,0,0,0,1,1
102292.0,3606.0,714,6.1,0.1,0,0,1,0,0,0,1,0
44150.0,5354.0,739,4.8,0.087,4,0,1,0,0,0,0,0
35083.0,8368.0,850,0.1,0.268,4,0,0,1,0,0,0,0
82450.0,5548.0,500,7.2,0.038,3,1,0,0,0,0,1,1
36214.0,13408.0,728,2.8,0.349,2,0,0,0,1,0,1,0
122150.0,6393.0,635,17.1,0.124,5,0,1,0,0,0,0,0
68800.0,36280.0,633,10.2,0.28,5,0,1,0,0,0,0,1
38409.0,20218.0,630,5.3,0.213,3,0,0,1,0,0,1,0
144156.0,11243.0,607,1.7,0.174,2,0,1,0,0,1,0,1
36212.0,18328.0,814,1.4,0.302,6,0,0,0,1,0,1,0
71044.0,19217.0,747,2.5,0.122,2,0,0,1,0,0,0,0
56934.0,7056.0,681,3.9,0.242,7,0,1,0,0,0,1,0
93983.0,6065.0,788,2.1,0.199,5,0,1,0,0,0,1,0
107018.0,10372.0,558,4.3,0.16,10,1,0,0,0,1,0,1
49812.0,16597.0,573,1.1,0.118,2,0,0,1,0,1,0,1
33634.0,10758.0,505,22.8,0.024,6,0,0,0,0,0,0,0
61697.0,3842.0,624,0.7,0.147,6,0,1,0,0,0,1,0
34931.0,6114.0,692,16.1,0.247,6,0,0,0,1,0,1,1
134147.0,9467.0,688,14.7,0.138,4,0,1,0,0,1,0,0
52484.0,9458.0,691,4.5,0.184,6,0,1,0,0,0,1,0
40837.0,32323.0,567,7.7,0.073,6,1,0,0,1,0,0,1
53763.0,4309.0,744,3.4,0.029,2,0,0,0,0,1,0,0
25000.0,13405.0,699,6.0,0.127,3,0,1,0,0,0,0,0
30158.0,24185.0,738,2.5,0.245,3,0,0,0,0,1,0,0
89340.0,38672.0,528,2.1,0.174,6,0,0,0,1,1,0,1
35297.0,7765.0,704,5.2,0.086,2,0,1,0,0,0,1,0
29043.0,13291.0,584,4.1,0.041,5,0,0,0,0,0,0,1
64108.0,13931.0,648,5.2,0.287,3,0,0,1,0,0,1,0
88686.0,11129.0,722,2.0,0.155,8,0,0,0,1,0,0,0
70226.0,9327.0,687,2.7,0.175,3,0,0,1,0,0,1,0
80662.0,12856.0,611,0.5,0.231,7,0,0,1,0,1,0,0
33577.0,2166.0,680,0.3,0.011,2,0,0,0,0,0,1,0
25000.0,14902.0,557,1.8,0.117,4,0,1,0,0,0,0,0
103846.0,10676.0,772,0.5,0.066,3,1,1,0,0,1,0,1
41717.0,8660.0,663,0.7,0.065,6,0,0,0,0,0,0,1
43243.0,33797.0,769,10.1,0.119,5,0,0,0,0,0,0,0
95234.0,6601.0,637,0.2,0.154,2,0,1,0,0,1,0,0
64739.0,7771.0,638,6.5,0.238,12,0,1,0,0,0,1,0
61571.0,32694.0,618,1.9,0.245,1,1,0,0,1,0,1,0
144712.0,6007.0,750,12.3,0.091,4,0,1,0,0,0,1,0
35534.0,7115.0,623,4.0,0.197,6,0,0,1,0,1,0,0
77958.0,9061.0,731,2.2,0.116,4,0,1,0,0,0,0,0
50438.0,16390.0,649,4.4,0.251,7,1,0,1,0,0,0,0
56067.0,11211.0,521,2.9,0.237,5,1,1,0,0,0,0,1
105265.0,4557.0,634,5.0,0.067,4,1,0,0,1,0,0,0
63191.0,7192.0,585,0.7,0.175,7,0,0,0,1,1,0,0
64161.0,6875.0,682,34.8,0.068,7,0,0,1,0,0,1,0
83805.0,9449.0,584,3.3,0.165,2,0,1,0,0,0,1,0
40844.0,12778.0,754,2.6,0.467,5,0,1,0,0,0,1,0
32222.0,12720.0,672,7.4,0.099,3,0,1,0,0,1,0,0
29074.0,3410.0,665,2.7,0.166,4,0,0,1,0,0,1,0
25000.0,18739.0,732,10.7,0.164,5,0,0,0,1,0,0,1
137050.0,11517.0,757,3.6,0.116,7,0,1,0,0,0,0,0
28237.0,22714.0,678,7.6,0.227,6,1,0,0,1,1,0,0
43887.0,12920.0,618,0.7,0.425,3,0,0,0,1,0,0,1
42685.0,19164.0,538,11.2,0.131,6,0,0,1,0,0,0,0
57165.0,13094.0,625,8.0,0.116,3,0,1,0,0,0,1,1
73708.0,22198.0,630,1.4,0.317,4,0,0,0,0,1,0,0
75375.0,13539.0,688,0.9,0.156,5,0,0,0,0,0,0,0
36624.0,9332.0,652,2.3,0.183,4,0,0,0,0,0,0,1
45091.0,38695.0,735,22.4,0.058,5,0,1,0,0,0,0,0
56460.0,16872.0,630,1.8,0.113,4,1,0,0,0,0,1,0
43289.0,13964.0,675,3.7,0.039,9,1,1,0,0,0,1,1
109499.0,4602.0,774,0.2,0.113,6,0,0,1,0,0,1,0
62661.0,4569.0,707,3.0,0.108,1,1,0,1,0,0,0,0
70788.0,11797.0,675,5.1,0.164,5,0,0,1,0,0,1,0
68285.0,10800.0,631,18.4,0.26,7,1,0,0,1,1,0,1
88145.0,6847.0,629,4.4,0.207,2,1,1,0,0,0,1,1
53665.0,10771.0,611,10.3,0.032,4,0,0,0,0,0,1,0
25632.0,25673.0,636,4.8,0.084,4,0,0,1,0,0,1,1
59865.0,15022.0,740,0.2,0.11,2,0,0,0,0,0,0,0
35395.0,4991.0,662,2.3,0.148,4,1,1,0,0,0,1,0
37635.0,9257.0,572,5.1,0.029,6,0,0,0,1,0,1,0
65722.0,6106.0,821,18.0,0.275,3,0,0,1,0,1,0,0
91048.0,7843.0,705,11.8,0.095,4,0,0,1,0,0,1,0
49545.0,7722.0,567,1.6,0.091,2,0,0,0,1,1,0,1
57206.0,7431.0,644,1.5,0.178,6,0,1,0,0,0,1,0
114818.0,4661.0,688,1.3,0.041,3,0,1,0,0,0,0,0
55292.0,9167.0,816,15.3,0.052,4,0,0,0,1,0,1,0
180023.0,7070.0,591,11.5,0.166,4,0,0,1,0,1,0,0
65040.0,1707.0,758,8.9,0.161,4,0,1,0,0,0,1,0
25000.0,33921.0,791,3.0,0.257,4,0,0,1,0,0,1,0
71444.0,19020.0,629,4.2,0.04,6,0,0,1,0,0,1,0
59313.0,7897.0,657,3.7,0.312,4,0,0,0,1,0,0,1
93421.0,10010.0,597,1.8,0.154,7,0,1,0,0,0,0,0
68637.0,4900.0,663,4.2,0.115,4,0,0,1,0,0,0,1
45742.0,27376.0,677,0.2,0.137,3,0,0,0,1,0,1,1
26578.0,30896.0,732,0.8,0.344,2,0,0,0,1,0,1,1
44156.0,10873.0,767,13.1,0.151,4,0,0,0,0,0,0,0
32040.0,18290.0,620,8.4,0.209,3,0,0,1,0,1,0,1
36671.0,10995.0,522,3.3,0.058,1,1,1,0,0,1,0,1
65794.0,4438.0,678,4.4,0.109,4,1,1,0,0,0,0,0
112978.0,7730.0,703,2.8,0.247,5,0,1,0,0,0,1,0
59715.0,10712.0,699,8.1,0.088,5,0,1,0,0,0,0,0
26959.0,7535.0,653,9.2,0.255,4,0,0,0,0,0,1,0
61224.0,8680.0,689,8.6,0.124,3,0,0,0,0,0,1,0
89171.0,9369.0,801,7.7,0.363,3,0,0,1,0,0,0,0
36138.0,9428.0,710,1.4,0.342,6,0,1,0,0,0,1,1
45844.0,10212.0,650,2.5,0.222,1,0,1,0,0,0,1,0
49382.0,5238.0,639,3.8,0.061,5,0,0,0,0,1,0,0
33109.0,6437.0,666,2.4,0.029,4,1,0,0,0,1,0,1
67788.0,4579.0,810,8.4,0.052,6,0,1,0,0,1,0,0
46144.0,17795.0,665,2.4,0.089,6,0,0,0,1,0,1,0
60462.0,2798.0,678,0.9,0.269,8,1,1,0,0,0,0,1
31453.0,19775.0,641,3.1,0.078,4,0,1,0,0,0,0,0
39390.0,22738.0,767,23.4,0.194,1,1,1,0,0,0,0,0
70347.0,8256.0,836,1.5,0.124,7,0,0,1,0,0,0,1
40684.0,2076.0,716,5.7,0.198,9,0,1,0,0,0,1,0
116248.0,7968.0,686,3.4,0.145,2,0,1,0,0,0,1,0
40142.0,9523.0,682,0.4,0.115,5,0,1,0,0,1,0,0
54849.0,5397.0,489,4.0,0.033,6,0,1,0,0,0,0,1
78143.0,7265.0,739,7.3,0.134,2,0,0,0,1,1,0,0
25000.0,24788.0,690,4.3,0.181,10,0,1,0,0,0,1,1
25000.0,14749.0,714,12.3,0.133,5,0,0,0,0,0,0,1
25000.0,5683.0,623,2.0,0.061,2,0,1,0,0,1,0,0
92161.0,3795.0,649,0.5,0.103,5,0,1,0,0,1,0,0
37200.0,8134.0,647,16.5,0.331,7,0,1,0,0,0,1,0
176151.0,8707.0,761,2.9,0.172,5,1,1,0,0,0,1,0
36971.0,13329.0,649,5.2,0.14,5,0,1,0,0,0,1,0
53759.0,7178.0,846,9.4,0.066,3,1,1,0,0,0,1,0
105985.0,13452.0,714,2.4,0.234,7,0,0,0,0,0,1,0
133659.0,31606.0,577,7.6,0.244,2,0,0,0,1,0,1,0
137414.0,16144.0,669,0.9,0.283,11,0,0,0,0,0,1,0
89696.0,9616.0,627,2.1,0.151,6,0,1,0,0,0,0,0
81800.0,8867.0,504,0.9,0.383,5,0,0,1,0,0,1,1
65924.0,7990.0,807,10.0,0.239,6,0,1,0,0,0,0,0
72343.0,20098.0,736,1.5,0.112,4,0,0,0,1,0,0,0
37213.0,6793.0,722,7.6,0.084,4,0,0,0,0,0,1,0
32562.0,10169.0,693,17.2,0.125,5,0,0,0,0,0,1,0
48938.0,10206.0,569,4.5,0.141,5,0,1,0,0,0,1,0
45022.0,7324.0,641,4.7,0.095,1,0,1,0,0,0,0,1
39081.0,4344.0,747,3.7,0.278,7,0,1,0,0,0,1,0
69438.0,12013.0,595,2.4,0.085,9,0,1,0,0,1,0,0
79036.0,9541.0,477,3.9,0.177,6,0,1,0,0,1,0,0
51236.0,13362.0,661,5.5,0.256,6,0,1,0,0,0,1,0
102618.0,7186.0,668,25.6,0.131,3,0,1,0,0,1,0,0
27699.0,20589.0,690,16.7,0.164,6,1,0,1,0,0,0,1
44497.0,5848.0,738,11.9,0.298,8,0,0,1,0,1,0,0
34255.0,27646.0,731,13.2,0.037,8,0,0,0,0,0,1,1
25000.0,3468.0,700,3.8,0.091,8,0,1,0,0,0,0,1
47036.0,12847.0,775,6.4,0.27,6,0,1,0,0,0,0,0
46126.0,13164.0,558,13.5,0.021,4,1,0,0,1,0,1,1
104477.0,6141.0,720,3.0,0.251,3,0,0,1,0,1,0,0
67198.0,12767.0,730,19.6,0.419,5,0,1,0,0,0,1,0
29375.0,21327.0,580,3.2,0.031,5,1,0,0,0,0,1,1
123877.0,2617.0,559,5.5,0.083,3,1,1,0,0,0,1,0
90266.0,13382.0,620,7.4,0.29,4,0,1,0,0,0,1,1
65581.0,2217.0,627,18.0,0.104,6,0,0,1,0,1,0,0
43772.0,5545.0,740,1.7,0.122,4,0,1,0,0,0,0,0
30342.0,26305.0,630,8.2,0.223,6,0,0,1,0,1,0,0
40696.0,6981.0,611,4.4,0.147,3,0,1,0,0,0,1,0
84489.0,4894.0,631,1.9,0.091,3,0,1,0,0,0,0,0
125780.0,8789.0,769,9.0,0.129,4,0,0,0,0,0,0,0
106045.0,34226.0,681,4.8,0.051,5,0,1,0,0,0,1,0
38391.0,3298.0,665,6.5,0.029,3,1,0,0,1,1,0,1
28006.0,5267.0,671,2.3,0.171,9,0,1,0,0,0,0,0
52599.0,24306.0,783,3.9,0.116,3,1,0,1,0,1,0,0
25000.0,30171.0,620,5.8,0.039,4,0,1,0,0,0,0,0
57618.0,9302.0,785,3.1,0.089,5,0,0,0,0,0,0,0
45533.0,4706.0,696,1.3,0.072,1,0,0,0,1,1,0,0
38831.0,34805.0,667,19.6,0.259,2,0,1,0,0,0,0,0
25000.0,25762.0,850,4.3,0.053,5,0,1,0,0,0,0,1
63373.0,14874.0,595,7.9,0.237,6,0,0,0,0,0,0,0
37558.0,6079.0,651,3.2,0.118,3,0,0,0,0,0,1,1
27311.0,9610.0,581,2.6,0.144,5,0,0,1,0,0,0,1
25000.0,8989.0,756,3.1,0.194,5,0,0,1,0,0,1,0
48351.0,12070.0,815,3.2,0.108,6,0,0,0,0,0,0,0
118910.0,23638.0,813,4.7,0.327,1,0,1,0,0,0,1,0
112491.0,16775.0,777,4.7,0.118,6,1,0,0,1,1,0,0
39005.0,5185.0,664,4.1,0.154,5,1,0,1,0,0,1,1
36275.0,22604.0,650,0.9,0.058,7,0,0,0,1,1,0,0
61969.0,11943.0,546,4.1,0.213,2,0,1,0,0,1,0,1
29757.0,14947.0,842,1.1,0.036,2,0,0,1,0,1,0,0
57005.0,23859.0,717,0.8,0.138,3,0,0,1,0,0,1,0
71901.0,5080.0,640,16.2,0.117,2,0,0,0,0,1,0,0
90533.0,9687.0,786,5.6,0.114,4,1,0,0,1,0,0,0
46626.0,7195.0,602,6.5,0.194,3,0,0,0,0,0,0,0
44274.0,3863.0,712,3.1,0.264,5,0,0,0,0,0,1,0
31603.0,12186.0,666,14.4,0.008,5,0,0,1,0,0,1,0
32421.0,44664.0,731,6.1,0.173,5,0,1,0,0,0,1,1
43772.0,3281.0,674,8.8,0.226,7,0,0,0,1,0,1,0
58905.0,9707.0,563,2.8,0.064,4,0,0,0,0,0,0,1
77404.0,14535.0,686,19.3,0.159,4,0,1,0,0,0,0,1
32807.0,10656.0,763,10.3,0.102,3,0,0,1,0,1,0,0
103398.0,9248.0,677,11.5,0.274,6,0,1,0,0,0,0,0
42806.0,4539.0,742,1.1,0.104,4,0,1,0,0,0,0,0
48500.0,11381.0,596,1.9,0.184,5,0,0,0,1,0,1,0
33738.0,6285.0,677,2.0,0.159,5,0,0,0,1,0,1,0
25000.0,2660.0,630,1.9,0.189,7,0,0,0,1,0,1,0
76269.0,20267.0,739,11.6,0.206,3,0,0,0,0,0,1,0
70857.0,17589.0,682,0.2,0.164,7,0,1,0,0,0,1,0
42588.0,10209.0,735,0.5,0.19,3,0,1,0,0,0,1,0
50691.0,11355.0,767,1.9,0.245,6,0,0,0,0,1,0,0
63448.0,18856.0,735,1.3,0.197,6,0,0,1,0,1,0,0
25000.0,11323.0,701,1.6,0.268,3,0,1,0,0,1,0,0
37627.0,17025.0,600,9.6,0.05,5,0,0,0,1,0,1,1
72921.0,8279.0,679,5.0,0.199,4,0,0,0,0,0,1,0
26183.0,21746.0,637,0.0,0.09,7,0,0,0,1,0,1,1
56771.0,11998.0,652,3.4,0.246,6,0,0,0,0,0,1,1
25000.0,11119.0,650,3.1,0.072,4,0,1,0,0,0,0,0
61896.0,4619.0,601,0.7,0.29,3,0,1,0,0,0,0,1
48155.0,11757.0,523,6.8,0.17,4,0,0,0,0,0,1,1
25000.0,6008.0,626,7.3,0.297,3,0,0,0,1,0,1,1
87761.0,6748.0,695,7.7,0.33,10,0,1,0,0,0,0,0
33952.0,6068.0,572,7.8,0.143,4,0,0,1,0,0,0,0
32692.0,5220.0,681,0.0,0.136,1,0,0,0,1,0,1,0
54192.0,35414.0,832,18.5,0.192,3,0,1,0,0,0,0,0
87057.0,22000.0,761,10.1,0.158,4,0,0,0,1,0,1,0
29498.0,31327.0,811,14.1,0.159,4,0,1,0,0,0,1,0
50556.0,4752.0,711,0.1,0.249,4,0,1,0,0,0,0,0
60743.0,10329.0,773,16.3,0.261,5,0,0,0,1,0,1,0
69324.0,4555.0,622,10.0,0.059,5,0,1,0,0,0,0,0
53542.0,6520.0,628,10.9,0.28,7,1,1,0,0,0,1,1
40802.0,5705.0,460,0.6,0.017,5,0,0,0,0,0,1,0
32409.0,20822.0,774,8.1,0.096,11,1,0,0,1,0,1,0
51178.0,7803.0,803,19.3,0.19,4,0,0,1,0,0,0,0
28679.0,18789.0,635,6.8,0.071,3,0,1,0,0,1,0,0
25000.0,14221.0,659,5.1,0.179,4,0,1,0,0,0,0,0
60979.0,39426.0,619,17.5,0.255,0,0,0,1,0,0,0,0
77031.0,4074.0,710,3.5,0.282,6,0,1,0,0,0,1,0
25000.0,21069.0,769,5.5,0.154,7,0,0,1,0,1,0,0
29588.0,19690.0,540,3.9,0.17,1,0,0,1,0,0,1,0
66808.0,5519.0,712,16.2,0.344,5,1,0,1,0,0,0,0
137139.0,18111.0,657,0.5,0.08,6,0,1,0,0,0,0,0
49533.0,12109.0,689,4.2,0.173,4,0,1,0,0,0,1,0
34064.0,8634.0,716,7.0,0.104,3,0,0,0,0,0,1,0
44737.0,6037.0,664,9.4,0.204,3,0,0,0,0,0,1,0
97483.0,6429.0,671,5.2,0.411,3,0,0,1,0,0,1,0
35490.0,33857.0,662,14.4,0.107,4,0,0,0,0,0,1,0
32873.0,9901.0,757,17.1,0.222,6,0,0,0,1,0,0,1
38508.0,15824.0,713,0.4,0.192,3,0,1,0,0,0,0,0
30435.0,6158.0,697,3.1,0.095,4,0,1,0,0,0,0,0
52122.0,6199.0,578,0.1,0.35,6,0,1,0,0,1,0,0
110452.0,18943.0,649,2.4,0.207,5,0,0,1,0,0,1,0
57615.0,4404.0,751,4.6,0.117,7,0,0,1,0,1,0,0
43210.0,7715.0,683,14.5,0.151,5,1,0,0,0,0,1,0
42366.0,10101.0,732,11.2,0.06,1,0,0,0,0,1,0,0
25000.0,10581.0,821,0.8,0.226,8,0,0,0,0,0,1,0
76233.0,8889.0,763,0.6,0.228,6,0,0,0,0,0,0,0
47150.0,12550.0,687,5.3,0.183,4,0,0,0,0,0,1,0
44791.0,14999.0,639,4.6,0.162,10,0,1,0,0,0,0,1
200000.0,15379.0,475,1.9,0.236,3,0,1,0,0,0,1,0
56919.0,5478.0,666,13.8,0.319,5,0,0,1,0,0,1,0
33661.0,8346.0,653,15.7,0.275,6,0,0,0,1,0,1,1
39609.0,20269.0,711,3.1,0.035,5,0,1,0,0,0,1,0
87049.0,16929.0,667,13.3,0.062,7,0,0,0,0,0,0,0
51877.0,4343.0,654,2.9,0.159,6,0,0,0,0,0,1,1
25000.0,12221.0,537,8.0,0.214,3,0,0,1,0,0,0,1
77623.0,3020.0,604,3.9,0.21,8,0,0,1,0,0,1,0
35099.0,10180.0,718,0.8,0.175,6,0,0,0,0,0,1,0
125073.0,30905.0,817,15.8,0.107,7,0,1,0,0,1,0,0
84122.0,5604.0,672,3.6,0.159,6,0,1,0,0,0,0,0
39196.0,5999.0,706,8.0,0.156,4,0,0,0,0,1,0,0
93014.0,15653.0,756,2.7,0.11,6,0,0,0,1,0,0,0
50713.0,3922.0,615,0.1,0.017,6,0,0,1,0,0,1,0
75086.0,6771.0,709,0.6,0.069,4,0,0,0,0,0,1,0
62465.0,14156.0,620,4.1,0.211,3,1,1,0,0,0,0,1
32107.0,6764.0,749,7.0,0.128,6,0,0,0,1,1,0,0
35533.0,8591.0,692,2.4,0.126,2,0,0,0,1,1,0,0
82041.0,15468.0,703,7.1,0.334,7,0,1,0,0,0,0,0
41465.0,12745.0,617,7.2,0.204,6,0,1,0,0,0,1,1
40062.0,11615.0,736,7.3,0.068,2,0,0,0,0,0,1,1
30407.0,8075.0,846,4.1,0.047,6,0,1,0,0,1,0,0
60585.0,12358.0,599,14.8,0.22,3,0,1,0,0,1,0,0
137484.0,9189.0,652,4.0,0.085,5,1,0,1,0,0,1,0
28745.0,13026.0,698,3.6,0.045,6,0,1,0,0,0,1,0
49618.0,7345.0,742,1.3,0.153,3,0,0,0,0,0,0,1
99321.0,8870.0,635,2.2,0.13,6,0,1,0,0,0,1,1
47107.0,5464.0,453,0.3,0.274,7,0,0,0,1,0,0,1
61463.0,9691.0,788,6.0,0.197,4,1,1,0,0,1,0,0
28819.0,6084.0,740,1.7,0.176,3,1,0,0,0,1,0,1
60728.0,5072.0,540,2.2,0.054,9,0,0,1,0,1,0,0
44642.0,11559.0,631,8.8,0.324,7,0,1,0,0,0,0,1
80247.0,11245.0,805,2.4,0.262,6,0,0,0,0,0,0,0
88760.0,15831.0,795,1.7,0.413,11,0,1,0,0,1,0,0
178936.0,7641.0,755,1.1,0.259,1,0,0,1,0,1,0,0
65501.0,12643.0,665,8.9,0.152,7,0,0,0,0,0,0,0
57693.0,13773.0,686,0.8,0.106,7,0,0,0,1,0,0,0
54024.0,12924.0,669,3.6,0.235,4,0,0,0,1,0,0,0
41086.0,6031.0,770,4.2,0.259,4,0,1,0,0,0,1,0
58061.0,10825.0,609,7.0,0.037,2,0,1,0,0,0,1,0
42290.0,12314.0,615,6.0,0.151,6,0,1,0,0,0,0,1
53329.0,9940.0,760,10.0,0.035,5,0,0,0,0,0,1,0
94731.0,2830.0,676,0.3,0.156,6,0,0,0,0,0,1,0
29636.0,10898.0,790,2.1,0.27,9,0,1,0,0,0,1,0
86677.0,37329.0,626,2.0,0.256,6,0,1,0,0,0,1,1
94708.0,7974.0,675,0.9,0.02,6,1,1,0,0,0,0,1
46211.0,6394.0,606,2.0,0.187,7,0,1,0,0,0,0,1
25000.0,12382.0,680,2.2,0.053,6,0,1,0,0,0,1,1
36174.0,11937.0,561,4.4,0.078,8,0,0,0,1,1,0,0
93760.0,20245.0,640,6.5,0.194,2,0,0,0,0,0,0,0
48463.0,4653.0,565,2.9,0.144,5,0,0,0,1,0,1,0
29743.0,15349.0,735,7.6,0.069,10,1,0,0,1,1,0,0
38086.0,14105.0,737,2.5,0.179,3,1,0,0,0,0,1,1
74631.0,9088.0,541,2.1,0.184,6,0,0,0,1,0,1,1
64432.0,12127.0,786,4.7,0.061,6,1,0,1,0,1,0,0
43501.0,18355.0,850,0.1,0.192,7,0,1,0,0,0,1,0
40806.0,16704.0,683,0.5,0.177,3,0,1,0,0,1,0,0
40301.0,4985.0,628,3.2,0.262,10,0,0,0,1,0,0,0
30909.0,16189.0,850,17.2,0.292,4,0,0,0,0,0,0,0
109940.0,9520.0,574,7.7,0.154,5,1,0,1,0,0,0,0
41724.0,10339.0,681,0.6,0.233,1,0,0,0,0,0,1,0
90091.0,10341.0,694,11.2,0.152,4,1,1,0,0,0,1,0
104889.0,9044.0,787,7.9,0.14,4,0,0,0,0,0,0,0
80753.0,20232.0,708,5.7,0.251,6,0,0,0,0,0,0,0
39505.0,9412.0,640,10.3,0.263,2,0,0,0,1,1,0,0
59986.0,5056.0,603,3.1,0.173,5,0,0,0,0,0,1,1
48431.0,7816.0,652,1.5,0.275,5,0,0,1,0,0,1,1
31199.0,11017.0,599,4.3,0.17,5,0,1,0,0,0,1,0
57652.0,20693.0,683,4.8,0.076,7,0,1,0,0,0,1,0
27187.0,14212.0,634,4.6,0.165,7,0,0,1,0,0,0,0
88773.0,5941.0,560,5.0,0.134,6,0,0,0,0,0,1,1
38859.0,43963.0,780,17.8,0.208,4,0,1,0,0,0,1,0
54208.0,11601.0,640,14.0,0.121,5,0,0,0,1,0,0,0
56480.0,21274.0,578,12.5,0.201,2,0,0,0,0,0,1,1
43069.0,9036.0,666,9.7,0.16,4,0,1,0,0,0,0,0
65732.0,13630.0,685,17.2,0.214,9,0,1,0,0,1,0,0
38660.0,16378.0,540,0.6,0.146,6,0,1,0,0,0,0,0
75784.0,20556.0,706,1.8,0.009,4,1,1,0,0,1,0,1
25009.0,18665.0,596,4.1,0.143,8,1,1,0,0,0,0,1
52218.0,16703.0,816,11.2,0.117,5,0,1,0,0,1,0,0
129245.0,8192.0,721,4.2,0.418,8,0,1,0,0,0,1,0
29728.0,7023.0,648,8.3,0.302,3,0,0,0,1,0,1,1
34931.0,12083.0,620,0.9,0.138,3,1,0,0,1,0,1,1
63383.0,17324.0,671,1.7,0.196,3,0,0,0,1,0,1,0
53626.0,8659.0,729,7.9,0.079,5,0,0,1,0,0,0,1
58414.0,18753.0,677,1.1,0.12,8,1,0,0,0,0,1,0
62605.0,23661.0,662,2.6,0.149,9,1,0,0,0,0,0,1
67330.0,5711.0,684,1.8,0.406,7,0,0,0,0,1,0,1
85379.0,5990.0,631,2.6,0.066,4,0,1,0,0,0,0,0
60169.0,9098.0,652,7.4,0.253,6,0,0,0,0,0,1,0
43450.0,11903.0,513,2.8,0.227,7,0,0,0,0,0,0,1
68616.0,7225.0,757,4.9,0.094,2,0,1,0,0,0,1,0
126746.0,22277.0,703,0.6,0.299,3,0,1,0,0,1,0,0
45875.0,12765.0,618,9.8,0.229,2,0,0,0,1,0,1,0
30114.0,10134.0,831,2.8,0.239,4,1,1,0,0,0,0,0
85267.0,4182.0,686,6.3,0.201,5,0,1,0,0,0,0,0
46157.0,4494.0,597,7.8,0.216,6,0,0,1,0,0,0,0
25000.0,11715.0,748,1.4,0.109,4,0,0,0,1,1,0,0
74885.0,2753.0,711,13.0,0.255,0,0,0,0,0,0,1,0
37509.0,18171.0,711,5.7,0.274,6,1,0,1,0,0,0,1
46851.0,9001.0,645,3.4,0.114,4,0,0,0,1,1,0,0
57872.0,50000.0,716,1.2,0.245,3,0,1,0,0,1,0,1
53920.0,39527.0,659,17.1,0.122,5,0,0,0,1,0,0,0
69893.0,8876.0,724,8.4,0.17,6,0,0,1,0,0,1,0
39429.0,9285.0,527,1.4,0.096,4,0,0,0,0,0,0,1
63358.0,17986.0,645,2.5,0.09,5,0,1,0,0,0,1,0
43055.0,27499.0,817,10.0,0.132,4,0,0,1,0,0,0,0
70927.0,3704.0,618,7.1,0.166,4,0,0,1,0,0,0,1
66682.0,3389.0,631,8.7,0.083,4,0,0,0,0,0,0,0
30708.0,6814.0,644,3.5,0.206,1,1,0,0,0,0,1,1
84372.0,14040.0,582,7.6,0.075,6,0,1,0,0,0,1,0
37497.0,13335.0,503,2.9,0.184,5,0,0,1,0,0,0,1
73426.0,18805.0,661,1.4,0.218,4,0,0,0,1,0,1,1
58903.0,4818.0,690,6.0,0.13,6,1,0,0,0,0,0,1
122896.0,2466.0,675,22.4,0.284,5,1,0,1,0,0,1,0
43838.0,16561.0,668,2.2,0.168,1,0,1,0,0,1,0,1
41165.0,6021.0,683,3.7,0.168,3,0,1,0,0,0,1,0
48547.0,2948.0,761,6.7,0.23,6,0,0,1,0,1,0,0
42126.0,10797.0,664,4.7,0.203,5,0,0,1,0,0,0,0
73128.0,15929.0,634,11.1,0.17,2,0,1,0,0,0,0,0
25000.0,9198.0,657,8.6,0.051,6,0,1,0,0,1,0,0
28945.0,7520.0,726,0.4,0.19,6,0,0,0,1,0,0,0
28742.0,8995.0,792,35.0,0.034,4,0,0,0,0,0,0,0
78838.0,7924.0,629,8.4,0.097,5,0,0,0,0,0,0,0
115302.0,4408.0,687,12.0,0.067,2,0,0,0,1,0,1,0
46526.0,6446.0,707,6.3,0.2,9,0,0,0,0,0,1,0
45053.0,13531.0,600,11.6,0.122,4,0,1,0,0,0,0,1
50768.0,12004.0,681,0.7,0.182,2,0,0,0,1,0,1,0
87635.0,10947.0,562,2.6,0.073,1,0,1,0,0,0,0,1
30832.0,5447.0,538,12.5,0.103,5,1,0,0,1,0,0,1
55226.0,8876.0,709,1.4,0.075,2,0,0,0,0,0,0,0
79826.0,2681.0,649,0.5,0.348,8,0,0,0,0,0,0,0
62978.0,11016.0,696,9.3,0.091,6,0,0,1,0,0,0,1
53895.0,23326.0,678,10.8,0.099,4,0,0,0,0,1,0,1
80864.0,4087.0,601,1.1,0.295,3,0,0,0,0,0,1,0
25000.0,6964.0,676,11.6,0.191,8,0,1,0,0,1,0,0
68799.0,12058.0,581,7.0,0.204,0,0,0,0,0,1,0,1
35347.0,20988.0,791,4.4,0.104,4,0,1,0,0,1,0,0
25000.0,7563.0,571,10.6,0.202,2,0,0,0,0,0,1,1
63298.0,6533.0,664,3.3,0.12,7,0,1,0,0,1,0,1
97424.0,3037.0,596,1.3,0.199,2,0,1,0,0,0,1,0
45765.0,10531.0,725,2.0,0.241,4,0,0,0,1,0,0,0
78940.0,33700.0,653,4.2,0.142,5,0,1,0,0,0,0,0
109770.0,11689.0,638,4.5,0.32,7,0,1,0,0,0,0,0
94604.0,9766.0,748,9.8,0.221,1,0,0,1,0,0,1,0
111300.0,12007.0,682,9.4,0.149,5,1,0,0,0,0,1,1
71045.0,9831.0,721,5.2,0.4,6,0,1,0,0,0,1,0
50905.0,6077.0,601,9.1,0.045,2,0,0,0,0,0,1,1
25000.0,16219.0,567,1.3,0.096,3,0,0,0,0,0,1,0
43346.0,11333.0,688,0.3,0.214,1,0,0,1,0,1,0,0
32157.0,10002.0,654,12.4,0.182,7,0,0,0,1,0,1,0
145143.0,5513.0,730,0.5,0.016,3,0,1,0,0,0,0,0
44894.0,21636.0,673,1.7,0.147,6,0,1,0,0,0,0,0
52136.0,14747.0,696,7.1,0.228,4,0,1,0,0,0,1,0
64585.0,7103.0,550,3.2,0.16,4,0,1,0,0,0,1,0
50101.0,18054.0,831,12.5,0.297,9,0,1,0,0,0,1,0
114408.0,7343.0,666,2.1,0.109,11,0,1,0,0,1,0,0
35907.0,6191.0,735,0.1,0.332,8,1,0,0,1,0,0,1
54030.0,6274.0,613,2.1,0.132,7,0,0,1,0,0,0,1
33819.0,3420.0,704,5.2,0.241,5,0,0,0,0,1,0,0
25336.0,13134.0,575,2.8,0.11,5,0,1,0,0,1,0,1
36102.0,3299.0,716,4.6,0.414,8,0,1,0,0,0,1,0
48121.0,4736.0,651,12.6,0.116,6,0,0,1,0,0,1,0
39551.0,2849.0,682,14.6,0.288,5,0,1,0,0,0,0,1
34676.0,9399.0,735,1.9,0.159,6,0,0,0,0,0,0,1
25000.0,9044.0,581,3.7,0.387,4,0,0,1,0,0,1,1
47026.0,8135.0,625,4.8,0.086,5,0,0,1,0,1,0,0
25000.0,5295.0,716,17.9,0.23,4,0,1,0,0,0,0,0
71684.0,4898.0,847,35.0,0.378,3,1,1,0,0,0,1,0
51084.0,13077.0,668,1.6,0.172,5,0,0,1,0,0,0,0
25000.0,7113.0,727,7.8,0.186,7,0,1,0,0,0,1,0
41999.0,11966.0,671,2.8,0.139,6,0,1,0,0,1,0,0
33655.0,5819.0,835,0.0,0.022,8,0,0,1,0,0,0,0
57503.0,11033.0,540,0.1,0.05,6,0,1,0,0,0,1,0
95820.0,21633.0,687,3.7,0.255,6,0,0,0,0,0,1,1
25000.0,14069.0,549,4.0,0.128,4,0,1,0,0,1,0,0
51923.0,7728.0,479,0.1,0.094,3,0,1,0,0,0,1,1
45249.0,11549.0,703,7.0,0.5,5,0,1,0,0,0,0,0
68574.0,8566.0,691,2.1,0.064,8,0,1,0,0,0,1,0
54535.0,9944.0,657,4.9,0.122,6,0,1,0,0,0,0,0
33658.0,8141.0,671,2.1,0.014,5,0,1,0,0,1,0,0
41793.0,8968.0,850,1.1,0.063,6,1,1,0,0,0,1,0
32925.0,11240.0,659,3.1,0.24,9,1,1,0,0,0,0,0
83952.0,5453.0,720,1.6,0.149,9,0,0,0,0,0,0,0
49546.0,5380.0,628,4.6,0.228,6,0,0,0,0,0,1,0
126829.0,4302.0,703,1.3,0.314,4,0,1,0,0,1,0,0
47556.0,3789.0,660,4.3,0.12,5,0,1,0,0,1,0,0
34399.0,4768.0,647,1.0,0.059,4,0,0,0,1,0,0,0
25000.0,10891.0,825,6.7,0.166,3,0,0,0,0,1,0,0
25000.0,5793.0,774,8.4,0.192,10,0,0,0,0,1,0,0
25000.0,13469.0,690,0.7,0.204,3,0,1,0,0,0,1,0
56026.0,10105.0,495,3.8,0.43,7,0,0,1,0,0,1,1
63219.0,3038.0,651,0.4,0.41,9,0,0,0,1,0,0,1
25000.0,14662.0,850,5.5,0.169,2,0,0,0,0,0,1,0
76689.0,16098.0,661,1.8,0.124,7,0,1,0,0,0,1,0
38502.0,5452.0,768,4.5,0.09,3,0,0,0,1,1,0,0
52754.0,12735.0,795,4.4,0.286,8,1,1,0,0,0,1,0
109766.0,5920.0,697,15.5,0.094,8,0,1,0,0,1,0,0
76759.0,10494.0,612,4.8,0.251,4,0,0,1,0,0,1,0
42862.0,4635.0,485,5.2,0.204,6,0,1,0,0,0,1,0
31395.0,3375.0,734,3.1,0.112,4,1,0,0,1,0,0,0
25000.0,7866.0,614,17.9,0.18,4,0,0,0,1,0,0,0
34215.0,9189.0,694,9.0,0.15,5,0,0,0,0,0,1,0
44110.0,7796.0,580,2.0,0.113,5,0,1,0,0,1,0,0
29924.0,4864.0,658,11.2,0.094,7,0,1,0,0,0,1,0
45907.0,7786.0,682,3.4,0.229,3,0,1,0,0,0,1,0
50941.0,11633.0,701,10.6,0.122,3,0,0,1,0,0,0,0
43808.0,9634.0,590,10.4,0.113,2,0,0,0,1,0,0,0
35419.0,11042.0,775,1.3,0.115,3,0,1,0,0,0,0,1
53334.0,6621.0,632,7.2,0.168,3,0,0,1,0,0,1,0
61143.0,19991.0,546,2.1,0.294,4,0,0,1,0,0,0,1
28419.0,4887.0,671,2.1,0.112,3,0,1,0,0,0,1,1
99257.0,13260.0,682,2.1,0.162,6,0,0,0,1,0,0,0
46663.0,20113.0,692,7.8,0.308,6,0,0,1,0,0,1,0
49485.0,13208.0,788,1.6,0.139,7,0,0,0,0,0,1,0
69850.0,8765.0,661,0.0,0.091,8,0,0,0,1,1,0,0
55084.0,7209.0,670,7.5,0.146,4,0,1,0,0,0,1,0
78950.0,18428.0,591,1.1,0.22,4,0,0,1,0,0,0,0
56589.0,4214.0,745,0.7,0.109,5,0,0,0,1,0,0,0
36090.0,5530.0,694,1.6,0.157,6,0,1,0,0,0,0,0
58733.0,7797.0,646,2.9,0.26,7,0,0,0,0,0,0,0
27671.0,20798.0,527,3.9,0.208,10,0,1,0,0,1,0,1
51755.0,12430.0,795,0.3,0.023,3,0,0,1,0,0,1,0
48213.0,5537.0,581,21.2,0.267,3,0,0,0,0,0,1,1
44176.0,8216.0,632,7.6,0.091,4,0,0,1,0,0,0,1
45969.0,6846.0,708,2.3,0.097,2,1,0,1,0,0,1,0
25000.0,6465.0,584,2.3,0.177,1,0,1,0,0,1,0,0
37259.0,17807.0,560,3.6,0.22,4,0,1,0,0,0,1,0
51350.0,4346.0,510,5.9,0.4,6,0,0,1,0,0,0,1
53100.0,25985.0,737,0.9,0.074,4,0,0,1,0,0,0,0
29324.0,16268.0,636,1.3,0.198,6,0,1,0,0,0,1,0
92305.0,19044.0,850,11.8,0.242,5,0,0,0,0,0,0,0
31790.0,7497.0,600,1.8,0.139,3,1,1,0,0,1,0,0
79597.0,9046.0,606,2.9,0.333,5,0,0,1,0,0,1,0
60694.0,4189.0,634,12.3,0.391,10,0,0,1,0,0,0,0
35486.0,7224.0,699,6.5,0.202,2,0,0,1,0,0,1,0
119092.0,13309.0,642,2.5,0.054,8,0,0,1,0,1,0,0
26989.0,21539.0,728,6.9,0.051,4,1,1,0,0,0,0,0
77620.0,5093.0,601,0.1,0.186,6,0,0,0,0,0,0,0
80845.0,7948.0,569,8.0,0.21,2,0,0,1,0,0,0,1
35056.0,9038.0,536,4.0,0.305,4,0,0,1,0,1,0,1
98345.0,4284.0,502,10.1,0.174,7,0,0,0,1,0,1,0
43260.0,14112.0,638,18.6,0.146,6,1,1,0,0,0,1,0
56633.0,6410.0,655,15.6,0.189,3,0,0,0,0,0,0,0
55835.0,8802.0,629,14.4,0.166,4,0,0,1,0,0,1,0
45837.0,7546.0,779,4.3,0.12,4,0,0,0,1,0,1,0
73527.0,6163.0,778,2.7,0.373,7,1,0,0,0,1,0,0
72893.0,9855.0,653,3.8,0.188,5,0,0,0,0,0,0,1
25000.0,8696.0,536,7.0,0.054,7,1,1,0,0,0,1,1
94105.0,7918.0,634,12.9,0.163,4,0,0,0,0,1,0,0
25000.0,6393.0,632,1.4,0.271,3,0,1,0,0,0,1,0
82148.0,11989.0,627,15.0,0.206,3,0,0,0,1,0,1,0
86108.0,26693.0,624,10.1,0.105,3,0,1,0,0,1,0,1
28411.0,10764.0,627,23.1,0.372,3,0,1,0,0,1,0,1
39918.0,17992.0,649,12.7,0.24,4,0,1,0,0,0,0,1
28202.0,4298.0,629,2.0,0.077,6,0,1,0,0,1,0,0
44026.0,10880.0,696,0.7,0.057,4,1,1,0,0,1,0,0
42023.0,5123.0,708,0.7,0.107,11,1,0,0,1,0,1,0
72390.0,4080.0,607,2.1,0.021,3,1,1,0,0,0,0,0
94387.0,6351.0,781,5.7,0.344,6,0,0,0,1,1,0,0
98503.0,20234.0,601,9.8,0.153,1,0,1,0,0,0,0,0
37009.0,17501.0,550,13.8,0.06,10,0,1,0,0,0,0,0
44152.0,11451.0,710,5.9,0.162,4,0,0,1,0,0,1,0
25000.0,3946.0,614,0.0,0.054,5,1,1,0,0,0,1,1
32763.0,8798.0,705,1.2,0.272,3,1,1,0,0,0,0,0
79414.0,11861.0,487,0.6,0.227,6,0,0,0,0,0,0,1
109951.0,10996.0,791,2.7,0.235,11,1,1,0,0,0,0,0
26445.0,3274.0,733,4.2,0.174,6,0,0,0,1,0,0,0
36453.0,5801.0,559,0.3,0.208,3,0,1,0,0,0,1,0
48378.0,9524.0,561,2.6,0.136,2,1,0,0,0,0,0,1
56392.0,13654.0,813,1.2,0.247,5,0,1,0,0,1,0,0
32702.0,2650.0,621,6.2,0.242,7,0,0,0,0,0,1,1
60599.0,8980.0,613,3.7,0.178,3,0,1,0,0,0,0,0
38680.0,10784.0,498,4.1,0.313,1,0,1,0,0,1,0,1
48668.0,16478.0,651,3.3,0.271,9,0,0,1,0,1,0,0
64418.0,14999.0,661,18.7,0.072,6,0,0,1,0,1,0,0
49178.0,14038.0,737,1.5,0.074,6,0,1,0,0,0,1,0
39411.0,6124.0,568,4.4,0.056,3,0,1,0,0,0,0,1
46407.0,3150.0,558,8.0,0.096,4,0,0,0,0,0,1,0
46902.0,7818.0,716,4.9,0.206,6,1,1,0,0,0,0,1
40741.0,18051.0,760,15.9,0.415,2,0,0,1,0,1,0,0
43071.0,22836.0,554,2.8,0.173,7,0,0,1,0,1,0,1
109024.0,15159.0,766,3.7,0.188,8,0,0,0,1,0,1,0
64891.0,12805.0,683,0.6,0.229,5,1,1,0,0,0,1,0
42288.0,12429.0,767,5.6,0.211,6,0,0,1,0,0,1,0
69458.0,7089.0,674,2.0,0.102,3,1,1,0,0,0,0,1
41485.0,9154.0,478,1.0,0.125,6,0,1,0,0,0,1,1
88129.0,26942.0,667,4.7,0.22,6,0,0,1,0,0,1,0
58972.0,5622.0,764,4.6,0.129,5,0,0,0,0,1,0,0
46460.0,26079.0,608,0.5,0.134,8,0,1,0,0,1,0,0
61320.0,8158.0,648,7.2,0.129,7,0,1,0,0,1,0,0
25000.0,21922.0,665,5.9,0.238,5,0,0,0,1,0,0,0
27907.0,4255.0,448,1.3,0.083,2,0,1,0,0,0,1,0
26985.0,14066.0,813,3.8,0.123,2,0,0,0,1,1,0,0
52653.0,6361.0,607,7.6,0.386,9,0,0,0,0,0,1,1
116571.0,4234.0,720,4.5,0.243,4,0,0,0,0,0,1,0
149589.0,11284.0,673,3.0,0.085,5,0,1,0,0,1,0,0
67442.0,18137.0,780,2.3,0.192,11,0,0,1,0,0,0,0
62971.0,5961.0,712,5.7,0.091,3,0,0,0,0,0,0,0
25000.0,4026.0,661,16.8,0.402,3,0,1,0,0,0,1,0
37371.0,9366.0,608,6.7,0.074,4,0,0,1,0,0,0,1
33061.0,9391.0,743,0.5,0.082,3,0,1,0,0,1,0,0
35939.0,13753.0,530,3.7,0.226,6,0,1,0,0,0,0,1
45068.0,17497.0,731,13.3,0.108,7,1,0,0,0,0,0,0
38714.0,9551.0,592,0.6,0.307,2,0,0,0,1,0,1,1
25000.0,30131.0,780,27.0,0.199,4,0,1,0,0,0,1,0
71250.0,11322.0,692,17.9,0.299,3,0,0,0,0,0,1,1
28671.0,8040.0,731,0.5,0.073,5,0,0,1,0,0,1,0
55250.0,3763.0,686,16.3,0.069,7,1,0,0,0,1,0,0
138281.0,8454.0,539,2.7,0.18,5,0,1,0,0,0,0,0
30956.0,8088.0,611,11.2,0.243,4,0,1,0,0,1,0,0
25000.0,17609.0,733,3.3,0.037,5,0,1,0,0,0,1,1
42489.0,13062.0,693,3.5,0.239,7,0,0,1,0,0,0,1
85006.0,4877.0,774,6.0,0.211,6,0,1,0,0,0,0,0
130506.0,10975.0,712,8.9,0.226,3,0,1,0,0,1,0,0
26509.0,14808.0,602,0.2,0.108,6,0,0,0,0,0,0,1
62840.0,24756.0,616,5.4,0.313,5,0,0,0,0,0,0,1
38845.0,16857.0,688,1.2,0.05,4,0,0,0,1,1,0,0
46492.0,15623.0,494,2.5,0.193,2,0,0,0,0,0,1,1
183904.0,10260.0,813,2.6,0.237,5,0,0,0,0,0,0,0
25000.0,12494.0,715,3.8,0.078,5,0,0,0,1,0,0,0
55652.0,20946.0,778,2.4,0.035,5,0,0,1,0,0,1,0
61935.0,4449.0,553,0.7,0.349,3,0,0,0,0,1,0,1
84364.0,8025.0,779,0.9,0.256,6,0,0,1,0,0,0,0
51482.0,6226.0,850,0.2,0.24,5,0,1,0,0,0,0,0
57184.0,12425.0,574,3.8,0.15,5,0,1,0,0,0,0,1
40303.0,20705.0,741,18.5,0.186,6,0,0,1,0,0,0,0
56082.0,6918.0,680,0.7,0.168,5,0,0,0,0,0,0,0
41291.0,2359.0,556,17.5,0.262,6,0,0,0,1,0,0,1
66889.0,7728.0,719,7.9,0.165,2,0,0,0,0,0,0,0
40749.0,17121.0,746,6.1,0.08,12,0,0,0,0,0,0,0
59193.0,13665.0,631,6.2,0.076,7,0,1,0,0,1,0,1
48309.0,12796.0,773,10.5,0.307,4,0,0,0,1,0,0,0
86079.0,8367.0,546,0.7,0.049,5,0,1,0,0,1,0,0
47777.0,4594.0,560,4.2,0.235,7,1,0,1,0,1,0,1
25000.0,13483.0,690,7.2,0.111,1,0,0,0,0,0,1,0
92130.0,5999.0,682,5.3,0.023,5,0,0,0,1,0,1,0
31168.0,36697.0,622,10.7,0.239,6,0,0,0,0,1,0,1
35352.0,13937.0,744,0.5,0.215,5,0,1,0,0,0,0,0
36394.0,6986.0,722,7.0,0.154,2,0,0,0,1,0,0,0
97462.0,6858.0,748,4.6,0.113,5,0,1,0,0,0,0,0
25000.0,9360.0,670,2.9,0.341,2,0,0,1,0,0,0,1
200000.0,8572.0,728,2.5,0.171,4,0,0,1,0,0,1,0
83119.0,19343.0,644,5.8,0.134,5,1,0,1,0,0,1,0
54810.0,11068.0,844,13.3,0.067,6,0,1,0,0,1,0,0
47694.0,6381.0,614,4.1,0.072,3,1,1,0,0,0,1,0
56544.0,30769.0,848,10.4,0.241,6,1,0,0,1,0,0,0
63612.0,10194.0,682,3.1,0.133,6,0,0,1,0,0,1,0
67684.0,15698.0,569,0.6,0.007,3,0,0,1,0,0,1,0
64718.0,6871.0,789,0.4,0.102,4,0,0,1,0,1,0,0
51266.0,12306.0,690,0.3,0.27,4,1,0,0,0,0,1,1
44415.0,11928.0,748,2.9,0.224,7,0,0,0,0,1,0,0
45450.0,3185.0,777,2.5,0.115,4,0,1,0,0,0,0,1
44469.0,33162.0,707,7.6,0.392,7,0,1,0,0,1,0,1
86412.0,21469.0,632,8.1,0.064,5,0,0,1,0,0,1,0
65958.0,7798.0,758,0.3,0.055,2,0,1,0,0,1,0,0
25000.0,5108.0,680,1.5,0.049,6,0,1,0,0,0,0,0
68047.0,12192.0,734,1.9,0.092,5,1,1,0,0,0,1,0
54034.0,10426.0,507,4.8,0.226,3,0,1,0,0,1,0,1
48564.0,12251.0,715,0.9,0.111,2,1,0,0,1,0,1,1
40366.0,11103.0,628,0.9,0.144,8,0,1,0,0,0,0,1
85996.0,13410.0,812,17.3,0.034,1,1,1,0,0,0,0,0
78729.0,23585.0,729,9.8,0.307,5,0,0,0,0,0,1,0
33308.0,13917.0,699,1.2,0.275,4,0,0,0,0,0,0,1
60086.0,5272.0,718,3.1,0.136,6,0,0,0,0,1,0,0
30157.0,22416.0,600,2.6,0.135,3,0,1,0,0,1,0,0
25000.0,26486.0,809,9.4,0.161,5,1,1,0,0,0,1,1
35834.0,50000.0,839,4.3,0.185,3,0,1,0,0,0,1,0
75448.0,5044.0,711,0.8,0.173,7,0,1,0,0,0,0,0
78949.0,11450.0,807,8.1,0.184,5,0,1,0,0,0,0,0
63357.0,2838.0,634,3.0,0.142,7,0,0,0,0,1,0,0
70442.0,13793.0,616,1.8,0.072,6,0,0,0,0,0,1,0
63455.0,7123.0,683,2.8,0.186,8,0,0,0,0,0,1,0
35570.0,31384.0,714,4.1,0.121,6,0,0,0,1,0,1,0
60837.0,6218.0,648,2.5,0.167,4,0,0,1,0,0,0,0
73145.0,3592.0,723,1.7,0.049,4,1,0,0,0,0,0,0
71478.0,7459.0,704,3.0,0.127,2,0,0,0,0,0,0,1
88828.0,3025.0,600,0.1,0.092,2,0,0,0,1,0,1,0
69853.0,15532.0,721,8.9,0.225,5,0,1,0,0,0,0,0
58438.0,2867.0,749,1.1,0.175,2,0,1,0,0,0,1,0
83707.0,10068.0,693,0.3,0.1,1,0,0,1,0,0,0,1
48375.0,2845.0,772,6.4,0.109,4,0,1,0,0,1,0,0
31542.0,8167.0,582,8.9,0.201,6,1,0,0,0,0,1,1
45183.0,26530.0,717,10.1,0.194,6,0,0,0,1,1,0,1
33777.0,12288.0,586,4.1,0.157,9,0,0,0,1,0,1,1
