property_id,sqft,bedrooms,bathrooms,age,lot_size,distance_downtown,has_pool,renovated,price
1,1622,4,2.0,32.0,0.08,23.7,0,0,278000
2,1515,4,2.0,21.5,0.36,4.8,1,0,415000
3,1708,4,2.0,8.2,0.31,20.9,0,0,397000
4,2468,2,2.0,34.3,0.18,7.1,0,0,480000
5,2732,4,2.0,37.3,0.33,22.8,0,1,495000
6,1757,3,2.0,31.8,0.25,9.2,1,0,419000
7,2214,3,2.5,44.8,0.36,15.3,0,0,408000
8,1841,2,1.0,12.1,0.25,23.7,1,1,451000
9,1549,4,1.5,37.6,0.21,18.3,0,1,265000
10,2066,4,1.5,15.0,0.23,2.9,0,0,419000
11,1897,3,1.0,29.8,0.33,21.6,1,1,404000
12,1424,3,2.0,13.4,0.19,21.9,0,1,346000
13,1953,2,2.0,3.3,0.08,5.6,0,0,392000
14,1181,4,1.5,15.1,0.31,4.3,0,0,356000
15,1382,5,1.5,41.0,0.15,19.1,0,0,209000
16,1342,2,2.0,14.9,0.32,10.8,1,1,369000
17,2134,3,2.0,34.5,0.19,10.2,0,0,405000
18,1696,3,2.5,2.5,0.2,8.2,0,0,423000
19,2393,2,2.0,28.4,0.08,15.2,0,1,485000
20,1678,3,2.0,6.5,0.12,14.4,0,0,377000
21,939,4,2.5,17.3,0.09,9.5,0,0,252000
22,1216,3,2.0,4.2,0.13,5.3,1,0,415000
23,2032,2,2.0,20.2,0.34,23.7,1,1,452000
24,2437,3,3.0,8.1,0.08,24.7,0,0,526000
25,2377,3,2.0,7.9,0.37,16.7,0,0,566000
26,933,3,2.0,7.5,0.21,3.8,1,0,312000
27,1908,3,2.0,45.4,0.25,23.6,0,0,302000
28,1892,4,3.0,5.2,0.19,12.7,1,0,423000
29,1596,3,1.5,14.2,0.08,19.0,1,1,435000
30,2501,3,1.5,11.6,0.08,16.1,0,0,536000
31,2161,3,1.0,16.4,0.15,10.8,1,1,508000
32,2408,2,2.5,4.2,0.28,7.8,1,0,596000
33,2108,3,2.0,11.8,0.44,19.2,0,1,454000
34,1633,3,1.5,1.5,0.18,22.1,1,0,402000
35,1653,3,2.0,1.3,0.08,19.9,0,0,358000
36,1774,2,1.0,18.9,0.23,14.4,1,0,381000
37,2459,3,1.0,59.5,0.22,7.3,1,0,464000
38,2245,4,1.5,2.3,0.47,24.1,1,0,517000
39,1514,4,1.5,21.0,0.23,9.9,0,0,356000
40,2743,4,2.0,35.7,0.34,9.7,1,1,665000
41,1141,2,3.0,70.0,0.08,23.3,0,0,139000
42,914,5,2.5,7.6,0.08,10.8,0,1,278000
43,1435,3,2.5,55.8,0.14,12.4,0,1,282000
44,2558,4,2.0,0.6,0.31,10.4,0,0,612000
45,1455,4,2.5,17.0,0.37,24.0,0,0,354000
46,955,4,2.5,10.0,0.22,2.2,0,0,330000
47,1652,3,1.5,20.3,0.23,13.2,0,0,328000
48,1652,3,2.5,37.2,0.28,19.6,0,0,314000
49,2020,4,2.0,51.9,0.37,8.8,0,1,425000
50,2358,3,1.5,6.2,0.56,4.3,1,0,595000
51,2401,3,2.0,40.1,0.61,10.4,0,1,536000
52,819,3,1.5,32.3,0.45,6.7,1,1,288000
53,1687,4,2.5,23.4,0.26,10.0,0,0,358000
54,1181,5,2.0,15.1,0.23,12.9,0,0,279000
55,1997,3,1.5,6.1,0.24,7.5,1,0,518000
56,921,4,2.0,2.0,0.63,20.5,0,0,277000
57,800,4,2.0,10.0,0.3,8.1,0,0,261000
58,2067,4,2.0,9.8,0.5,9.8,0,1,573000
59,1869,4,1.5,23.1,0.21,12.3,0,0,364000
60,1405,3,2.0,70.0,0.25,20.3,0,1,181000
61,2851,3,2.5,6.0,0.25,7.6,1,0,668000
62,2463,3,1.0,12.4,0.17,10.8,0,0,485000
63,2055,4,2.5,28.7,0.56,17.5,0,0,455000
64,1343,4,1.5,32.1,0.35,13.2,0,0,378000
65,2215,4,2.0,21.9,0.08,18.2,0,1,458000
66,2245,5,2.0,12.5,0.22,20.3,0,1,496000
67,2173,2,3.0,42.8,0.47,2.5,0,0,473000
68,1397,3,1.5,15.5,0.2,3.5,0,1,414000
69,2799,3,2.0,23.5,0.31,17.5,0,0,565000
70,2043,5,2.0,13.0,0.21,10.6,0,1,513000
71,2058,3,3.0,32.9,0.15,7.3,0,1,482000
72,1643,3,3.0,70.0,0.22,21.8,1,1,244000
73,1453,5,2.0,21.5,0.34,8.0,0,0,337000
74,1449,5,1.5,8.0,0.24,4.0,0,0,411000
75,2706,4,2.5,22.8,0.24,14.6,1,1,564000
76,1554,3,3.0,10.1,0.4,11.9,1,1,499000
77,1741,3,1.5,70.0,0.3,18.1,0,1,310000
78,1639,3,1.0,3.3,0.08,2.2,0,0,416000
79,1543,3,2.0,5.7,0.22,4.6,1,0,428000
80,1908,3,2.0,11.2,0.24,12.4,1,0,459000
81,1530,5,1.5,16.6,0.29,19.8,1,0,382000
82,2445,4,2.5,5.6,0.14,20.6,1,0,514000
83,1793,3,1.5,0.0,0.08,5.7,1,0,430000
84,1637,2,3.0,43.6,0.18,20.9,1,1,303000
85,1537,3,2.0,14.5,0.13,12.7,0,1,309000
86,1277,4,2.0,4.6,0.37,24.1,0,0,292000
87,1426,4,2.0,26.3,0.15,10.3,0,1,340000
88,1724,4,2.5,10.7,0.26,13.4,1,0,429000
89,1976,2,2.0,12.6,0.37,24.2,0,0,358000
90,1189,2,1.5,37.0,0.08,22.2,0,0,165000
91,1496,2,2.0,15.6,0.58,12.9,0,1,387000
92,2219,3,1.5,34.8,0.42,12.0,0,0,482000
93,2720,2,1.0,33.5,0.08,12.6,1,1,560000
94,2532,4,3.0,20.3,0.37,22.6,1,0,589000
95,1722,4,2.5,33.7,0.33,23.4,1,1,387000
96,1932,2,1.5,6.1,0.22,18.9,0,0,353000
97,1326,3,2.0,4.8,0.13,22.4,0,0,292000
98,2316,3,1.0,7.8,0.08,10.8,1,0,513000
99,1362,4,2.5,10.1,0.41,12.6,0,0,355000
100,1304,3,3.0,3.3,0.16,9.9,0,0,359000
101,1228,2,1.5,6.3,0.33,14.1,1,0,335000
102,1527,3,2.0,40.4,0.27,23.5,0,0,272000
103,2046,2,1.5,31.2,0.27,17.3,0,0,407000
104,1596,4,2.5,15.2,0.19,22.3,0,0,374000
105,1848,3,1.5,9.4,0.46,24.3,1,0,496000
106,1352,5,1.5,22.0,0.08,20.4,1,0,305000
107,1993,3,2.5,29.8,0.25,22.9,0,0,313000
108,1613,4,2.5,27.0,0.25,11.9,0,0,325000
109,1115,3,1.5,29.0,0.31,11.9,0,0,229000
110,1217,2,1.5,2.1,0.12,21.9,0,0,234000
111,1559,3,1.5,15.7,0.34,21.9,0,1,377000
112,1747,5,2.5,22.7,0.26,4.6,0,0,473000
113,1973,4,3.0,40.5,0.23,12.4,0,0,372000
114,1183,3,1.5,37.3,0.19,5.0,1,0,288000
115,1885,3,2.0,20.5,0.16,10.1,0,0,405000
116,2374,4,1.0,27.1,0.25,5.9,1,0,558000
117,1448,3,2.0,4.5,0.34,12.0,0,0,303000
118,3093,3,1.0,17.7,0.22,11.6,0,0,626000
119,1468,4,3.0,34.0,0.11,9.7,0,0,338000
120,1923,2,2.5,5.6,0.08,14.1,1,0,460000
121,1491,3,2.5,13.6,0.27,21.6,0,0,327000
122,1877,3,2.0,8.5,0.64,4.6,0,1,464000
123,2230,5,2.0,6.5,0.08,24.0,0,0,462000
124,2178,4,2.5,18.5,0.3,22.5,0,0,444000
125,2198,3,2.0,4.9,0.13,10.8,1,0,576000
126,873,4,2.5,1.7,0.42,21.0,1,0,334000
127,1946,3,2.5,4.4,0.08,22.6,0,0,418000
128,2336,3,3.0,14.2,0.21,13.9,0,0,508000
129,2049,4,1.0,1.8,0.3,17.4,0,0,464000
130,2149,5,2.0,12.0,0.08,4.1,1,1,537000
131,1509,4,2.0,6.9,0.11,14.5,1,0,437000
132,1936,3,2.0,7.4,0.23,12.7,0,1,489000
133,2255,3,2.5,6.0,0.45,21.2,0,0,527000
134,1892,4,1.0,2.2,0.29,5.2,0,0,505000
135,2198,3,1.5,31.1,0.08,11.3,0,0,445000
136,2846,3,2.0,0.9,0.3,15.2,0,0,601000
137,1935,2,2.0,16.1,0.21,4.7,0,0,441000
138,2282,4,2.0,4.0,0.5,13.7,1,0,573000
139,1476,3,3.0,4.2,0.28,14.1,0,0,362000
140,3068,4,2.0,8.5,0.24,19.9,0,0,663000
141,1957,3,2.0,22.2,0.08,15.9,0,0,388000
142,967,3,1.0,41.6,0.08,7.9,0,0,212000
143,1716,4,1.5,8.1,0.13,2.2,1,1,485000
144,2033,3,2.5,13.1,0.29,18.4,0,1,458000
145,975,4,2.0,36.9,0.38,3.0,0,0,329000
146,2389,4,1.0,39.0,0.08,21.4,0,0,393000
147,1748,2,1.5,13.4,0.28,16.7,1,1,408000
148,1071,5,2.0,15.4,0.12,21.2,1,0,242000
149,1621,5,2.0,69.8,0.45,12.2,0,1,363000
150,1604,4,1.5,3.0,0.08,20.1,0,0,371000
151,1975,4,2.5,8.4,0.29,17.0,0,0,418000
152,1265,3,1.0,20.7,0.22,13.9,0,1,285000
153,1977,3,1.5,12.0,0.18,10.0,1,0,423000
154,1886,3,2.0,8.7,0.24,19.1,0,0,386000
155,917,3,2.0,1.2,0.08,21.4,1,0,279000
156,1689,3,1.5,16.0,0.08,18.6,1,1,415000
157,1965,3,3.0,41.3,0.43,7.9,0,1,431000
158,1134,2,2.0,13.8,0.23,20.0,0,0,239000
159,1138,4,1.5,3.6,0.2,2.3,0,0,342000
160,2026,5,2.0,45.6,0.13,3.6,0,0,416000
161,1599,4,2.0,25.4,0.33,5.9,0,0,422000
162,1181,3,2.0,14.1,0.21,5.7,0,0,299000
163,2026,2,2.5,8.6,0.31,13.2,0,0,474000
164,1328,2,1.5,10.4,0.51,15.5,0,0,298000
165,1510,4,2.0,13.4,0.09,15.5,0,0,378000
166,2496,2,2.0,0.1,0.27,17.3,1,0,581000
167,1093,3,2.5,28.2,0.08,19.7,0,1,276000
168,2174,3,1.5,6.5,0.3,2.7,1,0,542000
169,2061,3,1.5,58.4,0.33,7.1,0,1,358000
170,2659,4,1.5,2.0,0.08,7.2,0,0,580000
171,1590,2,1.0,6.1,0.27,12.6,0,0,405000
172,2128,4,3.0,18.8,0.28,6.2,0,0,492000
173,2691,3,1.5,35.6,0.39,8.7,0,1,555000
174,1814,3,2.0,27.7,0.34,11.0,1,0,422000
175,2006,3,2.0,5.7,0.16,7.5,1,1,511000
176,1295,4,1.5,42.7,0.16,19.5,1,0,222000
177,1206,5,3.0,28.4,0.08,3.8,0,1,372000
178,1689,3,1.0,70.0,0.2,20.5,1,0,315000
179,1507,2,2.0,6.7,0.3,22.1,1,0,333000
180,1600,5,1.5,70.0,0.14,23.5,1,0,237000
181,2061,2,2.5,26.1,0.24,23.0,0,1,347000
182,2745,3,1.0,70.0,0.45,18.3,0,0,451000
183,2249,4,1.5,27.2,0.41,13.4,0,1,518000
184,2060,2,2.5,27.1,0.15,8.0,0,0,431000
185,2557,4,1.0,6.2,0.16,8.8,0,0,572000
186,1655,5,1.5,2.7,0.52,11.7,0,1,507000
187,1817,3,2.5,20.7,0.08,6.4,0,0,433000
188,1840,2,1.5,3.2,0.26,5.5,0,0,445000
189,1903,3,1.0,9.3,0.33,19.5,1,1,456000
190,1692,3,2.5,17.4,0.44,18.2,1,0,383000
191,1464,5,2.0,6.2,0.39,15.0,0,0,353000
192,2650,3,2.0,30.1,0.17,13.1,1,1,601000
193,1931,3,2.0,6.0,0.12,2.1,0,0,464000
194,2231,5,2.5,26.4,0.54,5.0,0,1,545000
195,1695,4,2.0,31.7,0.62,20.1,1,0,417000
196,2633,3,1.0,8.0,0.09,18.5,0,0,512000
197,1662,2,3.0,14.3,0.21,16.2,1,0,419000
198,2027,4,1.5,70.0,0.25,3.0,1,1,459000
199,2451,3,2.0,20.4,0.19,11.4,0,0,510000
200,1593,2,1.5,35.9,0.08,7.9,0,0,346000
201,1484,3,1.5,1.9,0.38,23.1,0,0,375000
202,1964,4,2.0,59.6,0.44,21.4,1,0,344000
203,1783,3,2.0,6.1,0.08,12.4,1,0,427000
204,1818,3,1.5,7.3,0.08,6.8,0,0,414000
205,2046,2,1.5,3.4,0.08,8.7,1,0,406000
206,1098,3,2.5,21.0,0.44,19.6,0,0,201000
207,2187,3,2.0,65.9,0.3,24.6,0,1,388000
208,1962,3,1.0,45.9,0.37,12.2,1,0,426000
209,2792,3,2.0,17.2,0.47,14.6,0,0,612000
210,1960,4,1.5,8.7,0.37,17.2,1,0,488000
211,2587,4,3.0,4.2,0.08,14.8,0,0,547000
212,2045,4,2.5,6.7,0.29,17.9,1,1,526000
213,1905,3,2.0,21.2,0.22,14.6,1,0,380000
214,1671,4,1.5,43.7,0.28,4.3,0,1,447000
215,2492,2,2.0,4.0,0.35,24.5,1,0,548000
216,1381,3,2.5,19.9,0.34,10.8,0,0,364000
217,2128,2,2.5,70.0,0.08,11.3,0,1,370000
218,2355,4,3.0,2.5,0.26,19.7,0,1,528000
219,1091,3,1.0,19.3,0.2,9.2,0,0,248000
220,1628,3,2.5,0.1,0.26,10.1,0,0,376000
221,1707,2,1.0,4.2,0.36,15.5,0,1,381000
222,1044,3,1.5,5.9,0.08,13.4,0,0,286000
223,1282,2,1.5,46.9,0.08,9.4,1,1,234000
224,1445,5,1.5,8.7,0.26,7.6,0,1,385000
225,1418,3,2.0,13.5,0.14,13.8,1,1,401000
226,933,4,2.5,12.8,0.27,22.7,1,0,277000
227,1451,4,2.5,29.3,0.22,22.6,0,0,324000
228,1279,4,2.5,13.0,0.19,19.3,1,0,369000
229,2368,2,1.5,70.0,0.3,5.5,0,1,413000
230,2497,5,2.0,29.8,0.22,12.3,1,1,602000
231,1876,2,2.0,6.0,0.5,4.7,0,1,501000
232,1542,5,2.0,2.6,0.26,16.2,0,0,364000
233,2891,3,1.5,48.4,0.08,3.4,1,1,566000
234,2579,2,2.5,0.2,0.32,14.9,1,1,618000
235,1146,5,2.0,19.0,0.49,4.8,1,1,407000
236,1123,3,2.0,16.5,0.08,11.6,0,1,301000
237,2642,2,1.0,3.5,0.08,4.5,0,0,544000
238,1681,4,2.0,22.7,0.54,4.1,1,1,510000
239,2006,4,2.0,29.9,0.42,18.7,0,0,432000
240,2132,3,2.5,1.5,0.39,8.8,1,1,564000
241,1391,2,1.5,32.7,0.43,8.8,0,1,378000
242,1438,2,2.5,29.6,0.22,24.7,0,0,289000
243,2188,2,2.5,40.2,0.44,8.5,0,1,524000
244,1879,3,3.0,44.8,0.34,19.4,1,0,401000
245,2128,3,2.0,2.5,0.48,17.6,0,0,429000
246,1481,4,2.5,8.7,0.2,21.1,0,0,318000
247,1357,3,2.0,3.2,0.19,10.5,0,0,331000
248,2387,3,2.0,11.9,0.16,21.0,1,0,523000
249,2188,2,2.0,3.3,0.27,8.5,1,0,518000
250,2154,4,2.0,3.0,0.08,13.2,0,0,547000
251,2537,4,2.5,0.8,0.32,19.9,0,0,568000
252,2403,3,2.5,17.0,0.08,4.9,0,0,600000
253,2014,3,2.0,1.5,0.13,13.5,1,0,510000
254,1423,4,2.5,23.5,0.1,3.9,0,1,396000
255,1516,4,2.0,1.7,0.25,20.0,1,0,424000
256,1722,3,3.0,24.7,0.19,11.3,0,1,435000
257,1379,3,2.0,47.7,0.27,16.3,1,0,237000
258,2391,4,2.0,12.7,0.21,22.1,1,0,556000
259,1218,4,2.5,28.5,0.28,6.1,0,0,326000
260,1567,3,2.0,13.6,0.45,12.3,1,0,461000
261,1038,2,1.5,13.1,0.39,18.6,0,0,257000
262,1511,4,1.0,37.5,0.29,2.8,1,0,378000
263,800,3,2.5,19.5,0.21,9.8,1,0,291000
264,2206,5,1.0,9.5,0.37,20.3,1,0,528000
265,2177,4,3.0,46.4,0.52,17.9,1,0,487000
266,2584,3,2.0,4.5,0.4,21.1,1,0,601000
267,1346,4,2.0,9.8,0.26,3.1,0,0,358000
268,2174,5,2.0,37.1,0.18,24.2,0,0,433000
269,1420,4,2.5,16.5,0.24,6.5,0,0,346000
270,1667,4,2.0,8.5,0.33,14.4,0,0,439000
271,1789,3,2.0,3.3,0.08,12.6,0,0,395000
272,1418,4,2.0,2.2,0.38,4.7,0,0,400000
273,1670,2,2.5,8.3,0.08,4.3,0,0,425000
274,1198,2,1.5,47.1,0.3,5.3,0,1,249000
275,1567,3,2.0,7.2,0.23,3.0,0,0,415000
276,800,3,2.0,1.6,0.25,22.8,0,1,203000
277,2224,3,1.5,9.3,0.29,21.5,0,1,525000
278,2425,4,2.0,6.6,0.41,2.2,0,0,572000
279,1372,3,2.0,1.3,0.4,21.1,0,1,327000
280,2141,4,2.0,7.8,0.38,10.0,0,0,481000
281,2004,2,1.5,50.0,0.42,4.4,1,0,458000
282,2271,3,1.0,23.8,0.08,15.3,1,1,449000
283,2183,4,2.0,3.0,0.33,21.6,0,0,513000
284,2053,3,2.0,22.1,0.52,8.7,1,0,506000
285,1636,2,2.0,18.9,0.11,10.1,0,1,338000
286,2016,2,2.0,50.9,0.08,15.8,0,0,337000
287,1673,3,2.0,20.2,0.08,20.7,0,1,352000
288,2024,4,1.5,28.2,0.21,24.9,1,0,426000
289,1054,3,2.0,0.0,0.21,4.8,0,0,360000
290,2282,4,2.5,42.5,0.45,16.5,1,1,511000
291,1909,4,1.5,28.0,0.43,18.7,0,0,344000
292,1731,3,1.5,28.1,0.26,2.4,1,1,470000
293,2150,4,2.0,14.0,0.42,14.6,1,1,595000
294,1471,3,1.5,29.0,0.08,8.1,1,0,326000
295,2226,3,2.0,38.1,0.34,21.7,0,0,488000
296,1893,2,2.5,22.9,0.48,22.7,1,0,355000
297,1784,3,2.0,20.9,0.08,22.9,0,0,283000
298,2022,3,1.5,14.6,0.21,12.4,1,0,428000
299,2599,3,1.0,25.0,0.08,3.1,0,0,500000
300,1880,5,2.0,44.1,0.3,24.5,1,1,456000
301,1951,2,2.0,63.5,0.24,17.0,1,0,285000
302,1596,5,2.5,49.8,0.46,20.6,0,1,322000
303,2390,3,2.0,9.5,0.26,9.5,0,0,521000
304,1364,3,2.5,1.6,0.14,10.3,0,1,326000
305,2131,3,2.0,34.4,0.08,4.8,1,0,446000
306,1925,3,1.0,41.4,0.2,10.4,1,0,391000
307,2509,4,1.5,7.0,0.22,2.8,0,0,636000
308,2198,2,1.5,9.9,0.37,21.2,1,1,502000
309,2675,2,1.0,7.1,0.08,19.2,0,0,561000
310,2175,5,3.0,1.5,0.31,5.6,1,0,596000
311,1773,4,2.5,70.0,0.14,23.2,1,1,331000
312,1608,3,2.5,2.0,0.16,20.8,0,1,401000
313,976,3,2.0,25.8,0.47,2.8,1,0,356000
314,2035,4,1.5,26.4,0.44,8.5,1,0,488000
315,1427,2,2.5,58.4,0.24,12.9,0,1,232000
316,2148,5,3.0,29.2,0.31,21.6,0,0,512000
317,1744,2,1.0,5.2,0.37,13.4,0,1,455000
318,2017,5,2.0,6.2,0.46,13.9,0,0,520000
319,1744,3,1.5,0.6,0.42,17.2,0,1,467000
320,800,4,2.0,14.1,0.08,9.6,1,0,273000
321,2158,4,1.0,17.6,0.08,23.8,0,0,428000
322,1838,5,2.0,2.2,0.38,11.2,0,0,530000
323,1884,4,1.5,21.7,0.18,22.4,0,0,377000
324,1460,3,2.0,5.8,0.08,2.7,0,1,399000
325,2315,2,2.5,6.2,0.27,23.3,1,0,492000
326,1876,2,2.0,5.1,0.21,23.0,0,0,429000
327,1597,2,2.0,9.5,0.08,2.1,1,1,430000
328,2938,3,2.0,7.3,0.08,4.4,1,0,680000
329,2327,3,2.0,19.7,0.12,22.2,0,0,425000
330,800,3,1.5,1.3,0.12,18.2,1,0,271000
331,1815,3,2.0,10.0,0.19,8.6,0,0,382000
332,1639,5,2.0,10.2,0.37,20.1,0,0,372000
333,1472,3,3.0,40.9,0.17,5.2,0,0,315000
334,1983,3,2.0,1.2,0.08,6.2,0,0,426000
335,2129,3,2.0,66.4,0.17,10.4,1,1,441000
336,2431,3,2.0,10.0,0.39,24.7,1,0,504000
337,1762,3,2.0,14.1,0.22,15.8,1,1,428000
338,2185,3,2.5,32.4,0.26,7.7,0,0,504000
339,989,4,1.5,7.9,0.38,16.8,0,0,264000
340,1970,5,2.5,15.8,0.33,4.6,0,0,516000
341,3189,3,1.5,17.6,0.3,23.8,0,1,677000
342,2401,4,1.5,10.2,0.25,13.3,0,0,549000
343,2232,4,3.0,58.6,0.53,6.9,1,0,525000
344,1662,2,1.5,70.0,0.15,14.1,0,0,243000
345,1319,2,1.5,12.0,0.15,21.6,1,1,330000
346,821,2,1.0,22.7,0.31,6.3,0,0,220000
347,2241,4,1.5,69.9,0.22,5.6,0,1,391000
348,1383,2,2.5,11.5,0.08,19.2,1,0,272000
349,2185,3,1.0,12.2,0.46,11.3,0,0,488000
350,1648,4,2.5,15.4,0.14,10.0,1,0,407000
351,2203,3,2.0,28.5,0.17,3.5,0,1,500000
352,2082,3,2.5,6.9,0.51,22.9,1,0,505000
353,1870,4,2.5,4.0,0.51,14.7,1,0,519000
354,947,3,1.5,2.0,0.21,11.3,0,0,273000
355,800,2,1.0,6.7,0.48,4.1,1,1,281000
356,1818,3,2.0,16.7,0.26,9.5,1,0,452000
357,864,4,2.0,29.3,0.37,16.5,0,0,217000
358,1777,3,2.0,21.6,0.08,12.4,0,0,364000
359,1829,4,2.0,17.9,0.08,8.8,1,0,438000
360,2167,3,2.5,18.9,0.18,5.0,1,0,531000
361,2535,3,1.0,6.9,0.08,12.8,0,0,539000
362,2055,4,2.5,9.4,0.12,4.3,0,0,513000
363,1540,4,2.0,9.8,0.21,19.4,1,0,363000
364,1294,2,2.5,2.5,0.08,22.1,0,0,285000
365,800,3,2.5,10.7,0.37,23.1,0,0,216000
366,2266,4,3.0,36.4,0.49,14.3,1,0,516000
367,2499,4,1.5,36.8,0.48,23.4,0,0,478000
368,2102,2,2.5,8.4,0.35,24.5,0,0,454000
369,1944,2,1.5,9.2,0.36,14.7,0,1,445000
370,1388,3,3.0,31.3,0.08,4.0,1,1,340000
371,2650,5,2.5,48.8,0.08,9.4,0,0,488000
372,1667,2,2.0,48.9,0.08,22.2,0,0,225000
373,1619,5,2.5,28.3,0.18,4.5,1,1,379000
374,1380,3,2.0,10.4,0.62,2.6,0,1,424000
375,1284,3,2.0,6.6,0.1,20.3,0,0,289000
376,800,3,1.5,9.2,0.59,18.7,1,0,213000
377,2048,4,2.0,6.3,0.18,3.8,1,1,568000
378,2095,4,2.0,6.1,0.34,11.4,0,0,496000
379,2453,3,3.0,70.0,0.08,2.6,0,0,477000
380,1427,4,1.5,22.3,0.63,7.6,1,1,423000
381,2399,4,2.0,4.9,0.18,11.1,0,0,553000
382,2313,4,2.0,48.3,0.17,13.6,1,1,468000
383,1045,4,1.5,4.0,0.23,14.3,0,1,310000
384,2033,3,2.0,26.1,0.16,6.8,0,1,473000
385,800,3,3.0,3.4,0.21,12.0,0,0,267000
386,1547,3,2.0,18.2,0.28,19.7,0,0,269000
387,1547,3,2.0,45.2,0.29,23.5,1,0,299000
388,885,5,1.5,70.0,0.13,14.6,0,1,141000
389,1716,4,2.0,24.2,0.51,10.0,1,0,525000
390,2140,3,2.5,24.2,0.24,21.3,0,0,469000
391,968,4,2.0,38.8,0.65,11.2,0,0,282000
392,1881,4,1.0,29.9,0.35,14.8,0,1,424000
393,1058,3,2.0,2.8,0.22,17.2,0,0,241000
394,2383,3,1.5,9.3,0.13,20.1,1,0,508000
395,1123,4,2.5,5.6,0.37,20.6,1,0,365000
396,1685,4,2.5,30.7,0.45,18.5,0,0,350000
397,2412,5,3.0,25.6,0.08,22.6,0,0,463000
398,800,5,2.5,22.7,0.5,23.7,1,1,272000
399,832,4,1.5,40.7,0.3,9.0,1,1,221000
400,2353,4,1.5,1.7,0.37,3.6,0,0,618000
401,1974,3,2.0,13.6,0.29,20.7,0,0,469000
402,834,3,1.5,2.1,0.32,5.8,0,0,267000
403,1819,3,2.0,62.6,0.2,3.0,0,0,319000
404,1104,3,2.0,0.6,0.33,22.0,0,1,273000
405,2906,4,2.0,20.5,0.38,10.2,1,0,649000
406,2276,4,2.5,6.8,0.09,16.7,0,0,535000
407,1757,3,1.0,9.9,0.11,21.5,1,0,373000
408,1434,4,2.5,9.6,0.19,19.1,0,0,324000
409,3106,4,2.0,70.0,0.2,6.9,0,1,632000
410,1360,5,2.5,10.3,0.34,15.3,0,1,383000
411,1953,3,2.0,13.9,0.22,7.4,1,0,474000
412,2190,4,1.0,8.5,0.19,23.1,0,1,517000
413,1136,3,2.5,38.9,0.2,7.1,1,0,328000
414,2143,5,3.0,9.4,0.14,20.4,0,0,456000
415,1259,3,2.0,17.9,0.15,20.5,0,0,248000
416,1909,3,1.5,21.7,0.08,11.7,1,1,420000
417,1696,3,3.0,4.2,0.14,20.1,0,0,431000
418,1368,4,3.0,38.4,0.1,17.9,0,0,254000
419,1445,4,2.0,10.3,0.2,24.6,1,0,303000
420,1678,3,2.5,70.0,0.25,14.4,0,0,358000
421,1641,4,2.5,17.8,0.23,9.4,0,0,397000
422,1638,4,2.0,2.0,0.39,21.9,0,0,415000
423,1582,3,1.5,12.1,0.37,13.5,1,0,471000
424,2360,3,2.5,5.0,0.08,4.2,0,0,609000
425,2164,3,2.0,41.9,0.23,23.3,0,1,397000
426,1725,2,2.0,2.4,0.35,4.1,0,0,452000
427,964,3,2.0,29.0,0.35,7.7,1,0,282000
428,1712,5,2.5,0.6,0.26,19.6,0,0,476000
429,1799,3,2.0,56.4,0.21,20.0,0,0,284000
430,1827,3,2.0,20.0,0.34,16.5,0,0,374000
431,1479,4,1.0,0.4,0.24,13.3,0,0,366000
432,2299,4,3.0,1.2,0.19,16.6,1,0,558000
433,1857,5,2.0,31.3,0.31,11.8,0,0,384000
434,2233,3,3.0,13.9,0.23,6.0,0,0,477000
435,959,5,2.0,25.7,0.14,9.2,0,1,279000
436,1990,4,1.5,6.6,0.28,3.5,1,1,529000
437,1975,4,2.5,38.8,0.19,11.4,0,0,385000
438,1741,3,2.5,2.5,0.2,13.8,1,0,472000
439,1327,3,3.0,70.0,0.2,8.6,0,0,231000
440,2502,3,2.0,6.4,0.27,20.1,0,0,509000
441,1666,5,2.5,6.4,0.17,17.8,1,0,459000
442,1386,4,2.0,21.9,0.46,19.2,0,1,344000
443,1352,4,2.0,41.6,0.54,16.7,1,0,311000
444,2306,3,2.0,6.0,0.27,8.9,1,1,512000
445,1151,4,2.5,8.2,0.2,16.1,0,0,268000
446,2422,3,1.0,25.2,0.25,23.5,0,1,470000
447,2475,4,2.0,13.6,0.33,19.4,1,1,520000
448,1533,3,3.0,40.8,0.14,13.2,1,1,343000
449,1176,3,1.0,11.1,0.27,20.1,0,0,270000
450,2130,3,2.0,13.7,0.47,4.0,1,0,549000
451,2417,3,1.5,1.8,0.32,22.0,0,0,540000
452,2076,2,2.0,36.8,0.42,23.5,0,1,458000
453,858,4,2.5,10.2,0.23,11.7,0,0,243000
454,1400,3,2.0,10.2,0.36,7.2,1,1,410000
455,1624,4,1.0,33.6,0.29,14.2,0,0,367000
456,1008,4,1.5,29.8,0.08,5.9,0,0,214000
457,800,5,1.5,3.0,0.14,5.3,0,0,307000
458,2127,4,2.5,8.4,0.17,16.2,0,1,503000
459,1405,3,2.0,0.9,0.36,22.4,0,0,342000
460,2501,3,1.0,29.3,0.37,22.8,1,1,488000
461,2028,3,2.0,13.4,0.16,10.6,0,0,405000
462,2248,5,1.0,21.8,0.3,3.9,0,0,542000
463,2032,4,2.5,3.5,0.08,15.4,0,1,496000
464,2239,3,2.0,21.6,0.36,10.5,0,0,494000
465,1369,3,1.0,1.6,0.08,10.6,0,0,333000
466,1553,3,1.0,29.8,0.46,8.0,0,0,332000
467,2255,4,1.0,36.4,0.31,2.8,0,0,504000
468,2043,3,1.5,8.6,0.35,3.8,0,0,482000
469,1766,2,2.5,20.4,0.3,11.9,1,0,458000
470,1563,2,1.0,6.0,0.4,2.8,0,0,474000
471,1291,5,2.0,2.0,0.15,7.2,0,0,372000
472,2266,3,1.5,2.9,0.16,9.3,0,0,562000
473,1876,3,2.0,45.9,0.2,24.1,1,1,373000
474,1677,3,1.5,2.9,0.16,23.7,1,0,343000
475,1982,3,3.0,24.6,0.45,4.5,0,0,450000
476,1192,3,2.0,4.7,0.4,2.7,0,0,448000
477,1751,2,1.5,3.7,0.22,4.3,0,0,421000
478,2409,3,3.0,12.5,0.3,10.0,0,0,579000
479,1764,4,1.5,70.0,0.22,12.9,0,0,306000
480,2156,3,2.0,1.5,0.09,5.7,1,0,551000
481,1682,3,1.5,6.6,0.11,18.7,1,0,384000
482,2033,3,2.0,31.3,0.18,5.9,0,1,437000
483,2318,4,1.0,2.0,0.19,5.3,0,0,497000
484,1890,5,2.0,4.8,0.08,4.5,1,0,549000
485,1317,2,2.0,28.2,0.24,6.5,0,1,245000
486,1995,2,3.0,12.7,0.14,24.0,1,1,428000
487,1211,3,2.5,10.0,0.08,15.8,1,0,294000
488,1638,3,2.0,23.7,0.46,4.3,0,1,372000
489,1636,5,2.0,4.1,0.32,13.3,0,0,435000
490,2064,2,2.5,8.4,0.35,8.2,0,1,510000
491,800,4,2.5,25.1,0.42,7.9,0,0,259000
492,1571,3,1.5,27.2,0.23,2.6,0,0,396000
493,2130,4,2.0,12.6,0.27,18.7,0,1,539000
494,800,3,1.5,24.8,0.4,13.6,0,0,194000
495,2435,5,2.5,8.0,0.33,24.1,0,0,543000
496,1670,3,1.5,14.3,0.31,8.1,1,0,385000
497,1773,3,1.5,9.6,0.57,5.5,0,0,412000
498,1398,4,2.5,4.4,0.2,11.9,1,1,426000
499,872,4,2.0,19.5,0.24,12.3,0,1,285000
500,2337,3,2.0,38.4,0.13,24.4,1,0,379000
501,1922,3,2.5,3.4,0.13,23.8,0,1,406000
502,2844,4,2.0,8.1,0.38,10.8,1,0,662000
503,2076,3,3.0,27.0,0.46,23.9,1,0,461000
504,1755,4,2.0,9.3,0.21,16.0,0,0,435000
505,1700,3,2.0,0.9,0.26,21.4,0,0,338000
506,1952,3,2.0,25.6,0.32,10.2,1,0,498000
507,1780,3,2.5,2.9,0.35,19.8,0,0,385000
508,1453,4,2.0,15.0,0.38,2.7,1,1,528000
509,2045,3,1.0,2.8,0.28,4.8,0,0,452000
510,941,2,2.5,56.3,0.49,15.1,0,0,197000
511,2471,3,1.5,18.4,0.13,22.0,0,1,486000
512,1544,3,2.0,16.5,0.28,24.7,0,0,307000
513,2143,2,2.0,69.5,0.41,3.8,0,0,402000
514,829,4,2.0,47.8,0.25,22.6,0,0,156000
515,1690,3,1.5,29.6,0.08,13.0,0,0,348000
516,1776,3,2.0,6.8,0.18,6.0,0,1,453000
517,2106,3,2.0,37.0,0.13,20.2,0,0,378000
518,2356,5,3.0,13.8,0.17,9.1,0,0,597000
519,1012,2,2.0,14.4,0.14,9.8,0,0,232000
520,2048,3,2.0,26.4,0.31,13.0,1,1,479000
521,1950,2,2.0,32.4,0.16,7.6,0,1,403000
522,1791,3,1.5,4.8,0.2,15.5,1,0,422000
523,2105,4,2.0,8.3,0.19,20.3,1,0,490000
524,1378,4,2.5,16.5,0.32,18.5,1,0,371000
525,1669,5,2.5,45.3,0.24,14.9,0,1,366000
526,1409,3,2.5,15.7,0.2,8.6,0,1,401000
527,2054,4,2.0,7.2,0.08,5.7,1,0,500000
528,1947,3,1.0,19.7,0.41,21.0,0,0,356000
529,2129,3,3.0,8.7,0.2,17.7,0,0,454000
530,1863,2,2.5,1.3,0.39,20.7,1,0,441000
531,2816,2,2.5,46.2,0.08,13.9,0,1,543000
532,1679,4,2.5,0.5,0.08,11.5,0,1,414000
533,2216,3,2.5,11.4,0.18,13.6,0,0,487000
534,1210,3,1.0,2.9,0.29,15.0,0,0,262000
535,1329,3,2.0,30.7,0.08,18.9,0,1,279000
536,1788,2,3.0,40.6,0.13,2.5,0,0,380000
537,1924,3,1.0,51.2,0.31,20.1,0,0,276000
538,1196,3,2.0,52.4,0.31,6.6,1,1,347000
539,1641,5,2.0,18.7,0.09,5.6,0,0,425000
540,1855,2,2.5,1.8,0.33,21.3,1,0,395000
541,1830,4,2.0,5.0,0.34,16.7,0,0,452000
542,1668,3,2.0,5.3,0.32,22.2,1,0,406000
543,2099,4,2.0,20.6,0.39,13.3,1,0,516000
544,2047,3,1.5,59.7,0.15,4.7,0,0,325000
545,1923,5,2.0,37.2,0.33,3.9,1,0,495000
546,1321,4,2.0,52.7,0.26,4.7,1,0,318000
547,1374,4,3.0,56.5,0.2,18.1,0,0,271000
548,1359,3,2.5,15.6,0.42,24.9,0,0,248000
549,1971,4,3.0,56.0,0.26,5.9,0,1,448000
550,1683,2,1.0,44.7,0.5,6.0,0,0,339000
551,1493,4,2.5,70.0,0.08,14.1,0,0,197000
552,2291,2,2.5,70.0,0.21,2.2,0,1,400000
553,2390,3,1.0,9.3,0.08,12.4,0,1,482000
554,2058,3,1.0,14.4,0.11,6.8,1,0,535000
555,2140,5,1.0,41.0,0.1,14.7,0,0,391000
556,1538,4,1.0,15.1,0.2,24.5,0,0,349000
557,2012,4,1.5,35.9,0.17,17.7,1,0,442000
558,1436,3,2.5,22.1,0.29,21.3,0,0,354000
559,3340,4,1.0,8.8,0.28,7.0,1,0,800000
560,1453,3,2.5,3.7,0.08,19.9,0,0,320000
561,2549,2,2.5,4.8,0.31,23.4,1,0,553000
562,1575,4,2.5,32.7,0.43,7.8,1,1,460000
563,1692,4,2.5,8.4,0.39,11.6,0,0,405000
564,2233,5,2.0,2.7,0.35,22.0,0,1,525000
565,1409,2,2.0,10.9,0.32,10.1,0,1,368000
566,2266,4,1.5,26.2,0.38,10.7,1,1,584000
567,1454,4,1.5,43.4,0.21,5.0,0,0,322000
568,1439,5,2.5,29.2,0.45,18.3,0,0,354000
569,1320,3,1.0,5.8,0.08,16.4,0,1,344000
570,1854,4,1.5,3.2,0.39,22.5,0,0,471000
571,1172,3,1.0,6.6,0.23,13.1,1,0,353000
572,2004,3,2.0,16.3,0.25,20.2,1,0,416000
573,2065,3,3.0,26.7,0.08,13.3,0,1,426000
574,1325,4,2.0,7.3,0.23,20.9,0,0,361000
575,2088,3,1.0,38.9,0.28,24.7,0,0,326000
576,2245,3,3.0,20.9,0.18,24.7,0,0,434000
577,1233,5,1.5,0.1,0.26,13.9,0,0,335000
578,1123,3,2.0,8.1,0.37,14.5,0,0,287000
579,1721,4,2.0,8.9,0.41,11.8,1,0,527000
580,1646,5,2.0,8.2,0.17,2.7,0,0,438000
581,1852,4,2.0,15.5,0.43,9.9,0,1,496000
582,1307,4,2.5,4.3,0.29,15.8,0,1,403000
583,1751,4,2.0,20.2,0.53,4.2,0,1,496000
584,1415,3,2.0,27.7,0.14,5.8,1,0,365000
585,1977,3,2.0,25.2,0.15,5.0,0,0,445000
586,2158,5,1.5,19.0,0.18,7.9,0,0,517000
587,2300,2,2.0,10.7,0.5,12.5,0,0,481000
588,1042,4,1.5,6.1,0.09,3.8,1,0,335000
589,2166,3,2.0,4.1,0.35,7.7,0,0,543000
590,1749,3,2.0,15.2,0.39,11.6,1,1,464000
591,1954,2,2.5,0.1,0.08,22.1,0,0,352000
592,1221,4,1.0,32.5,0.14,11.4,1,0,311000
593,1516,3,2.0,4.7,0.18,21.9,0,1,361000
594,2235,4,2.5,17.6,0.23,22.4,0,0,521000
595,1589,2,2.5,11.4,0.21,9.3,0,0,386000
596,2258,5,3.0,0.6,0.42,4.1,0,1,587000
597,2127,4,3.0,70.0,0.16,8.6,1,0,435000
598,1473,3,1.5,15.9,0.33,22.2,0,0,424000
599,1966,3,2.5,8.4,0.21,12.5,0,0,485000
600,1638,3,2.0,15.1,0.08,21.1,0,0,320000
601,2227,4,1.0,6.4,0.3,16.2,0,1,533000
602,2392,2,2.0,18.4,0.36,10.6,1,0,509000
603,969,4,2.5,17.3,0.24,13.5,0,1,265000
604,1497,3,2.0,14.1,0.45,8.3,1,0,459000
605,1578,3,2.5,16.5,0.52,7.6,1,1,461000
606,2167,3,2.0,2.9,0.37,21.3,1,0,477000
607,1752,4,2.0,2.2,0.21,13.8,0,0,404000
608,1261,3,1.0,26.1,0.35,20.1,1,1,316000
609,1994,4,2.5,0.3,0.47,16.3,1,0,579000
610,1944,4,1.5,1.1,0.59,7.9,0,1,525000
611,2279,2,2.0,35.6,0.39,20.7,0,0,410000
612,1559,3,3.0,0.6,0.65,10.5,0,0,441000
613,1509,2,2.0,12.8,0.11,18.9,1,0,313000
614,1345,3,2.0,2.2,0.27,23.4,0,0,289000
615,948,4,1.5,12.3,0.16,13.6,0,0,265000
616,1172,3,1.5,18.2,0.13,17.2,1,0,283000
617,2641,2,2.0,9.2,0.38,10.7,1,0,672000
618,1628,3,2.5,5.7,0.3,13.3,0,1,431000
619,1054,4,2.5,5.6,0.31,15.7,0,0,252000
620,1391,4,1.5,17.8,0.38,13.8,1,0,386000
621,2298,4,2.5,66.2,0.57,18.2,0,0,423000
622,1318,3,1.0,10.7,0.08,22.9,1,0,240000
623,1841,3,2.0,9.6,0.21,20.8,0,0,319000
624,2499,2,3.0,4.2,0.08,2.1,0,0,622000
625,1437,2,1.5,7.5,0.39,12.1,1,0,373000
626,2133,2,1.5,52.4,0.3,2.5,0,1,395000
627,1601,2,1.0,3.6,0.08,13.5,0,0,365000
628,1791,4,2.0,64.5,0.33,8.5,0,1,318000
629,1265,3,2.0,0.4,0.17,5.3,0,0,354000
630,1591,3,1.0,0.7,0.41,13.6,0,1,356000
631,1844,2,3.0,0.1,0.19,7.4,1,1,523000
632,1691,3,2.5,8.7,0.21,22.0,1,0,405000
633,1158,3,2.0,2.7,0.24,23.1,0,0,289000
634,1774,3,2.0,15.0,0.35,14.8,0,0,437000
635,2161,4,2.0,20.4,0.44,4.1,0,0,532000
636,1918,3,2.0,37.2,0.2,9.1,1,0,410000
637,2054,2,1.5,3.0,0.42,6.0,0,0,498000
638,1814,3,1.5,3.3,0.19,2.3,0,0,459000
639,2694,3,2.0,6.7,0.46,3.9,0,0,618000
640,2789,3,2.0,3.7,0.22,10.3,1,0,691000
641,1086,2,2.0,8.6,0.16,23.4,1,0,259000
642,915,3,1.0,43.3,0.18,9.5,0,1,184000
643,1581,3,2.0,23.3,0.43,18.2,1,0,403000
644,1667,3,2.0,4.3,0.36,13.4,1,0,412000
645,1101,4,1.0,70.0,0.33,10.6,0,0,135000
646,1580,3,1.0,1.5,0.18,20.0,1,1,412000
647,2168,4,2.5,7.7,0.38,12.7,0,0,514000
648,1787,3,2.0,7.2,0.49,24.2,0,0,366000
649,1058,2,1.5,13.4,0.19,8.3,1,0,317000
650,1942,3,1.5,0.9,0.24,19.4,0,0,453000
651,800,4,2.5,1.3,0.08,9.2,0,0,239000
652,1615,4,2.0,27.6,0.21,6.4,1,0,345000
653,1630,3,2.5,8.4,0.14,20.2,0,0,410000
654,2235,4,2.0,35.9,0.36,13.3,0,0,478000
655,1966,2,2.0,2.1,0.42,12.5,0,0,465000
656,1683,4,2.0,17.5,0.31,14.9,0,1,427000
657,1228,2,2.0,2.8,0.51,14.1,0,1,346000
658,1604,4,1.5,23.7,0.36,9.8,0,0,366000
659,1579,5,2.0,27.7,0.3,9.0,0,1,385000
660,2531,4,1.5,11.1,0.59,23.9,1,0,551000
661,1964,5,3.0,14.7,0.08,18.8,0,0,404000
662,2063,3,1.0,1.9,0.4,18.7,0,0,443000
663,1953,3,3.0,3.1,0.08,7.8,0,0,488000
664,1798,3,2.5,5.3,0.26,22.5,0,0,410000
665,1582,3,2.0,21.1,0.51,3.9,1,0,409000
666,1605,2,2.0,20.7,0.09,14.1,0,1,368000
667,2187,3,2.0,58.9,0.15,6.5,0,1,382000
668,1114,3,3.0,40.8,0.17,5.7,1,1,292000
669,2854,4,3.0,8.7,0.25,21.9,0,0,675000
670,2203,3,2.5,12.6,0.39,3.4,0,0,579000
671,1605,3,2.5,24.8,0.3,18.4,0,1,384000
672,2808,4,1.0,4.2,0.22,24.2,0,0,529000
673,2188,3,1.0,0.5,0.38,17.9,1,0,570000
674,1396,3,2.0,0.2,0.08,15.3,1,0,354000
675,2244,3,2.5,12.0,0.42,11.6,0,0,594000
676,1952,3,2.0,0.9,0.33,23.2,0,0,435000
677,2471,3,2.0,59.1,0.18,13.5,0,1,476000
678,1988,4,1.0,9.4,0.13,11.9,0,0,433000
679,2065,4,2.0,37.3,0.1,24.5,0,1,389000
680,2925,3,1.5,28.0,0.31,8.9,1,1,667000
681,2362,3,2.5,23.1,0.08,18.6,0,0,449000
682,2321,4,1.0,8.8,0.32,3.2,1,0,602000
683,2015,4,2.0,27.2,0.21,3.9,0,0,487000
684,1656,2,2.5,15.8,0.15,13.4,0,0,313000
685,1986,3,1.0,3.0,0.19,20.9,0,0,460000
686,2127,5,2.0,23.4,0.33,16.5,1,0,538000
687,1857,3,2.5,20.3,0.37,21.2,0,1,448000
688,2481,2,1.0,8.8,0.3,10.5,0,1,558000
689,2205,3,1.0,9.8,0.08,19.9,0,0,424000
690,1819,3,2.0,24.2,0.18,6.5,0,0,328000
691,2103,3,2.0,9.9,0.41,4.3,0,0,528000
692,1573,3,2.0,15.6,0.38,15.1,1,1,439000
693,1944,4,2.5,0.4,0.41,8.5,1,0,585000
694,1562,3,2.0,11.1,0.46,2.9,1,0,489000
695,1856,4,2.0,0.9,0.08,22.4,0,0,413000
696,3039,2,2.0,2.4,0.32,14.3,1,0,700000
697,1553,3,2.0,15.6,0.26,14.7,0,1,382000
698,1099,3,1.5,1.0,0.08,23.0,0,0,230000
699,1364,2,2.0,10.5,0.2,23.1,1,1,323000
700,2747,3,2.0,32.8,0.08,2.7,1,0,600000
701,1851,3,2.0,2.0,0.21,19.6,1,0,452000
702,1415,4,2.0,31.3,0.25,6.6,1,1,317000
703,850,3,1.0,49.1,0.27,11.8,0,0,159000
704,2432,3,3.0,1.0,0.08,16.8,0,0,524000
705,1555,4,2.5,12.2,0.39,6.0,1,0,449000
706,2253,3,2.0,40.6,0.24,11.5,1,0,465000
707,2205,4,2.5,48.7,0.25,13.5,0,1,492000
708,1933,3,1.5,22.7,0.32,14.4,0,0,387000
709,2079,2,2.5,18.9,0.08,23.4,0,1,375000
710,1930,2,2.0,12.4,0.36,11.6,1,0,448000
711,1891,3,2.0,70.0,0.14,21.2,0,0,327000
712,1617,5,2.0,32.2,0.24,13.8,1,0,364000
713,1570,2,1.0,19.1,0.16,3.3,0,0,358000
714,2258,2,2.0,17.6,0.32,15.8,0,1,478000
715,2126,3,1.5,4.8,0.41,6.9,0,0,540000
716,1836,3,2.5,2.3,0.52,10.9,1,1,577000
717,2183,3,1.5,14.3,0.42,3.4,0,0,516000
718,2942,4,2.0,7.5,0.09,9.3,1,0,656000
719,1688,2,2.0,4.8,0.5,4.3,1,0,479000
720,2373,3,3.0,24.9,0.22,15.5,0,0,471000
721,1061,4,1.5,1.0,0.21,4.7,0,0,295000
722,2625,3,1.0,5.5,0.38,7.1,1,1,668000
723,2604,3,1.5,10.0,0.22,4.1,0,0,588000
724,1183,2,2.0,2.3,0.23,14.7,0,0,292000
725,1639,2,2.0,2.4,0.35,13.1,0,0,382000
726,1275,4,2.5,11.9,0.32,9.8,1,0,376000
727,1858,2,1.5,14.1,0.22,23.2,1,0,357000
728,2297,5,2.0,17.6,0.33,5.3,0,0,546000
729,1638,3,2.0,10.2,0.2,21.1,0,0,333000
730,1199,3,2.0,4.5,0.31,6.3,0,1,357000
731,3343,2,2.0,49.0,0.25,4.5,0,0,659000
732,1796,3,2.0,8.3,0.29,14.6,0,0,383000
733,2461,3,2.0,2.1,0.15,12.4,0,1,569000
734,2113,5,1.0,27.0,0.08,15.8,1,1,511000
735,2434,3,1.5,21.7,0.19,8.6,0,0,543000
736,1596,4,1.5,0.1,0.32,13.2,1,1,495000
737,1766,3,2.0,10.9,0.08,23.6,1,0,416000
738,1695,3,2.0,3.2,0.08,18.8,0,0,317000
739,1449,3,1.5,31.3,0.15,3.9,1,1,412000
740,1862,4,2.0,1.9,0.29,13.4,1,0,521000
741,2296,4,2.5,38.2,0.41,15.3,0,0,452000
742,1747,3,3.0,34.7,0.24,4.6,0,1,384000
743,1085,5,2.0,6.5,0.29,3.4,0,1,389000
744,1503,3,3.0,15.7,0.31,2.8,0,1,400000
745,1412,3,2.0,54.4,0.23,10.7,1,1,332000
746,2249,3,1.5,9.3,0.3,4.7,0,0,497000
747,1648,3,2.5,8.8,0.08,23.7,0,0,307000
748,1943,2,1.5,13.5,0.42,22.9,0,1,428000
749,1376,4,2.0,13.8,0.49,3.6,0,1,442000
750,1717,3,1.0,10.6,0.14,14.7,0,1,378000
751,1903,5,2.0,1.3,0.31,15.1,0,0,457000
752,2074,2,3.0,44.5,0.32,19.5,0,1,361000
753,1630,2,2.0,46.9,0.38,7.0,0,1,371000
754,1725,4,2.0,20.9,0.25,23.5,1,1,436000
755,1628,3,1.0,4.9,0.29,7.6,0,1,409000
756,1903,3,1.5,15.1,0.28,3.4,0,0,453000
757,1857,2,2.5,21.3,0.12,23.8,0,1,358000
758,2416,3,2.0,67.6,0.2,21.0,1,1,497000
759,1578,4,2.0,12.2,0.15,6.2,1,0,448000
760,1807,2,2.0,3.9,0.29,5.3,0,0,506000
761,2040,3,2.0,1.4,0.08,6.3,0,0,462000
762,2049,4,1.5,11.3,0.11,16.1,1,1,460000
763,1722,2,2.0,0.8,0.08,7.1,0,0,395000
764,2166,3,2.5,70.0,0.3,19.0,0,1,410000
765,1454,3,2.5,24.5,0.3,16.4,0,1,324000
766,2049,2,2.0,13.5,0.09,18.4,0,0,415000
767,1416,3,1.5,14.4,0.08,4.4,0,1,368000
768,1542,4,2.0,17.6,0.43,18.8,0,1,397000
769,2443,3,1.5,7.2,0.13,11.2,1,0,561000
770,1647,5,2.0,17.5,0.08,8.7,0,0,386000
771,1266,4,1.5,9.2,0.23,13.7,1,0,388000
772,1748,4,2.5,22.7,0.08,6.1,1,1,478000
773,1906,4,2.0,70.0,0.13,17.3,0,0,314000
774,2537,4,2.0,70.0,0.18,6.1,0,0,394000
775,2022,3,1.5,1.5,0.08,3.5,0,0,479000
776,2580,5,1.5,14.3,0.44,9.7,0,0,630000
777,1337,3,2.5,28.6,0.35,24.3,1,0,297000
778,1711,3,2.0,14.4,0.16,15.7,1,0,413000
779,979,3,1.5,14.3,0.22,3.4,0,0,263000
780,2381,5,1.0,8.4,0.08,19.2,0,0,456000
781,1975,4,2.0,2.6,0.1,14.5,0,0,438000
782,2145,2,2.0,1.7,0.27,14.3,1,0,549000
783,1359,3,1.5,64.8,0.56,6.6,0,0,298000
784,1822,3,2.5,13.9,0.18,5.4,0,0,433000
785,1993,3,2.5,56.4,0.14,9.0,1,0,385000
786,1847,4,2.0,27.5,0.4,11.6,0,1,460000
787,1849,4,3.0,29.1,0.28,7.9,0,0,474000
788,1340,4,2.0,32.5,0.4,19.0,0,1,277000
789,1406,5,1.5,5.6,0.47,20.1,0,0,349000
790,2230,2,1.0,4.0,0.34,21.3,0,0,445000
791,1736,3,2.0,0.7,0.33,9.8,0,1,451000
792,1749,2,1.0,23.0,0.12,4.4,0,0,369000
793,1597,3,2.0,39.5,0.08,12.6,1,1,372000
794,1717,4,2.0,3.4,0.27,2.6,1,1,476000
795,1012,4,2.0,28.8,0.16,4.5,1,0,283000
796,2167,3,3.0,70.0,0.28,23.1,1,0,337000
797,935,3,1.5,3.6,0.22,3.1,1,1,414000
798,2372,3,1.5,21.4,0.18,16.7,1,1,542000
799,2197,4,2.5,9.2,0.38,22.7,1,1,555000
800,1804,2,1.0,13.4,0.15,8.4,0,0,407000
