recency_days,frequency,monetary,tenure_months,true_segment,avg_order_value
5.190967282372052,1.0,188.68149956103764,30.92050033852082,New,188.68149956103764
5.660118433378538,2.668555343256736,211.90485828478714,43.0320459715184,New,79.40808078807764
8.97551986571444,1.0,113.55666034568138,31.688749322435044,New,113.55666034568138
1.677290040260429,2.826407309893258,89.94327915741145,18.18012330885931,New,31.822476131654305
177.69219164744976,8.292240238873346,874.86027668751,14.668728867020794,At-Risk,105.50348898313828
9.0270526348063,2.1694738711932606,149.89335767783186,7.794942983335375,New,69.09203179081713
1.0,1.0,149.98030885954583,8.133648406950616,New,149.98030885954583
13.120494199205124,2.6334215410273494,119.90166012386824,34.669527810324084,New,45.53075087139002
13.496207802878555,12.496836450697955,398.74694377841297,28.73773525375309,Loyal Regulars,31.907830861957287
11.254055389800781,17.315438890413674,1457.5197561503262,33.3332086690191,Champions,84.17457769189156
21.593904329993915,13.942841931658686,417.385878246382,20.341585644079114,Loyal Regulars,29.93549523778675
8.290989414653863,16.94777116122093,2767.0598600074472,52.59122739220888,Champions,163.26983847521493
8.991905803132198,2.697488311921,257.1426324744048,30.138164423030297,New,95.32669014283226
5.247036390659801,13.651300532804356,530.2605033556268,44.4095131011398,Loyal Regulars,38.84322245205868
17.141559517865474,11.14770298391765,887.0891394648773,24.817211561252627,Loyal Regulars,79.5759575532866
21.913194277067685,10.516980149451918,409.7288151246957,27.852552109978028,Loyal Regulars,38.95878943406091
129.02239358040723,5.317377944061568,1227.8463208098176,9.361491061901742,At-Risk,230.91198965480208
15.011179922965123,9.993271979989743,388.3177731178252,38.829394715929695,Loyal Regulars,38.857920998786206
17.174050465379132,8.723453018739125,265.5622972469811,33.112622505968915,Loyal Regulars,30.44233707415152
44.76806288103769,6.909250129079603,674.5265878740441,15.615834768182044,At-Risk,97.62659844012614
2.621320206773838,1.1866095876533236,512.40999730386,16.277266500592226,New,431.82694850563115
4.888249702721523,22.216466005296372,1950.6878971809651,24.144638167221906,Champions,87.80369914440595
115.75272277509696,11.871691286963522,1167.3855571149807,7.227766042579155,At-Risk,98.33355070451536
17.044572710413853,2.5077284516382523,277.83523843736924,18.434394703782786,New,110.79159637713751
111.91667018442384,7.538944686913947,368.7060118965499,19.29552244955122,At-Risk,48.90684667531087
84.22615815689885,6.775000511519993,1685.381798576157,4.549037780302182,At-Risk,248.76482233623275
15.196913191144262,13.864554380335449,2586.5338920241625,21.05927218571157,Champions,186.55730440876832
28.778620057622938,14.198725672312603,348.48459640722507,10.512338850846792,Loyal Regulars,24.54337131724202
23.347992596403074,9.860858754926058,521.1145060342291,5.732229232703283,Loyal Regulars,52.84676710067496
18.348433932715686,14.935778590994893,383.8703469003664,1.0,Loyal Regulars,25.701395113865054
133.43365027732094,4.316000357532507,2127.8979552267397,18.410782021703067,At-Risk,493.02543534618155
21.65544986402932,22.435045888897758,1319.9824102960463,1.0,Champions,58.83573480673177
6.466513560870315,1.0,359.22958602681393,15.8698614516988,New,359.22958602681393
11.306890949458541,2.1273624756564855,399.99918169655746,32.99718664389748,New,188.02587066086195
108.6881700340972,7.866691496886936,702.5683414812645,36.5677834328851,At-Risk,89.30925303976773
9.979512533119715,22.120258822405866,1991.5407969060325,36.31004211462286,Champions,90.03243645995579
12.982774422492021,2.834525547369058,215.21297380825575,41.0595237369865,New,75.92557209724623
1.249504409367895,1.0765202200666963,220.30637208530518,29.91921352606919,New,204.64675718924815
12.72801844389026,14.474813668842309,435.72370995315936,31.950313557375363,Loyal Regulars,30.1021981990051
13.873113418365923,14.500416766520072,1789.4343813339538,20.114499548560794,Champions,123.40572068697836
110.70922680303059,9.098628793351812,922.723630316839,15.287818827588278,At-Risk,101.41348232505703
4.7092015505823905,21.1839759587484,869.0820731466733,1.0,Champions,41.025446537469584
142.223283546005,7.23617549070191,303.6983052776549,22.768054907512404,At-Risk,41.969449976426176
22.04065635094207,8.072714842836042,391.414313859234,15.979939579743569,Loyal Regulars,48.48608200332832
58.57431720295523,11.090586209458193,328.6818578568251,15.670337266252012,At-Risk,29.63611225315764
111.16130728854584,7.704661993076361,726.7849895200192,43.08542757499228,At-Risk,94.33054820226116
26.21446159092117,20.443342359798486,268.1897953933845,24.150165113058364,Loyal Regulars,13.118686302528276
9.226855044976661,1.9154801184885266,229.30660557288593,41.17102822589223,New,119.71233914650492
147.0960547476921,10.472598859387588,1419.6765221795813,36.18618259779515,At-Risk,135.56105234633236
12.757078298545341,13.463974112413762,428.7877666226736,22.343435096621597,Loyal Regulars,31.84704330553725
2.5313146914166467,2.092679446029004,215.04629403755493,5.5111860448310175,New,102.76122052310464
22.95764740511304,11.165711121036273,487.47550803313635,27.556596241401056,Loyal Regulars,43.65825899926153
62.30803457762355,7.184976848938123,1051.6921533074574,20.9715105001862,At-Risk,146.37377063544585
12.331126004292642,4.185863766417626,468.44146748480426,4.027723280037591,New,111.91034721268748
9.38188207172479,15.662447711066534,1000.0301164453475,16.564008790456636,Champions,63.8489037533234
18.566590403481847,14.146231992651987,1192.4704282442474,43.331243940142734,Champions,84.2959756961186
7.556930273734164,1.7857250574455348,318.5277780939684,42.35176174760754,New,178.37447974752607
13.517591899451315,23.663610169424054,999.3707600952503,11.588303379907213,Champions,42.23238774388472
177.51107759665848,4.656149110796219,502.5137073934599,21.360770456803973,At-Risk,107.92474541424816
26.872368465421886,7.181229545113853,501.5545599458723,35.50567987213153,Loyal Regulars,69.84243530930337
92.95930777274525,9.419261594082425,899.0388274632319,22.569973952064956,At-Risk,95.44684776862401
8.118509382828819,19.01888861623156,1858.922790513977,31.047110001633506,Champions,97.7408737189559
2.3153870929478275,1.0008551086689876,387.4447552898163,14.570444767406723,New,387.113730982569
128.68924779242099,9.334180454585699,559.0496530032868,22.250274502934207,At-Risk,59.89274106315748
9.07651314970756,3.0337861679388998,309.02511572567255,14.13729874148352,New,101.86120531217884
17.58222438367705,1.0,136.77822976186664,24.29338466303744,New,136.77822976186664
11.293986841830964,3.368784631903563,170.4109737835463,23.986563336025316,New,50.585297786535556
14.665993198345156,12.090019615592821,576.789905098568,29.00844963638195,Loyal Regulars,47.70793790563141
4.8972547066483125,17.11376786582861,2077.838357256705,33.41812843929762,Champions,121.41326057165733
1.0,2.0368054990969546,154.90392494944984,17.804428837661895,New,76.05238940003285
8.64386769639775,25.200178378795833,2151.5713369767186,30.70258751129068,Champions,85.37921060063263
1.0,2.3942376494420308,381.38734226162376,2.68358833384535,New,159.29385387056496
1.6269079899224703,3.2293757176501043,326.4068768037856,21.985511166884265,New,101.07429588319927
11.147020030511001,2.705969746698816,131.73346186527357,43.52881607357623,New,48.68253313843717
103.66445490981094,1.9953627666839635,507.10652497025217,1.0,At-Risk,254.14252156914708
51.84028549558498,8.011388754864377,420.77079746316133,21.55461766650543,At-Risk,52.52158025756478
10.170049117250535,1.0,232.13023985504475,36.2546674706296,New,232.13023985504475
12.602371151298804,17.882242290535704,2145.560658103879,30.294088503433034,Champions,119.98275290338906
3.991905796157747,1.6950267812869,357.35975692253317,24.904794517752748,New,210.8283838743941
68.91934220119087,12.418860716568723,921.3814046768508,2.882211507654411,At-Risk,74.1921039059229
5.609584711230878,2.999674019871989,238.54064472726333,20.260326792603358,New,79.52218912688487
8.60509971100625,20.621717310673866,1607.962880715786,4.6120999281518635,Champions,77.97424707609096
41.65634238411876,7.189534611988711,798.1266104022434,37.58462746097014,At-Risk,111.01227735538671
8.150592829341731,21.407025633596813,3924.100629470712,29.784802026306302,Champions,183.30900782928543
174.53714848342796,6.764751746946052,1080.9218311461934,27.383470408729885,At-Risk,159.78736124857437
5.750148090676754,1.7848508342288711,176.11835489992052,30.88034964207534,New,98.67399085818333
26.978789439694147,11.305659606933627,324.3822201491135,16.20475548486203,Loyal Regulars,28.692020760130944
6.454888174018752,4.531904677742178,189.89350410733172,24.33992094099529,New,41.90147799003085
7.617337338080709,14.898389043012319,282.2674070533564,33.09332113123425,Loyal Regulars,18.946169699182757
136.55169268760855,8.445881285908493,1054.2399641894565,28.374300455913627,At-Risk,124.8229673732687
129.17926861854426,4.447615004305183,704.361852060257,21.42749868353863,At-Risk,158.3684404739286
10.212273024848557,1.0,440.5899053681565,10.655468947689588,New,440.5899053681565
4.919036300046527,1.7003469359446344,297.86723943035065,21.068053737845652,New,175.18027241003574
130.9281609140849,12.335377870779602,316.5471679810462,32.7565880854045,At-Risk,25.661732562801518
19.23293117947223,15.219773495367471,364.8624337913665,24.511470276944472,Loyal Regulars,23.972921404015754
159.4454526784307,4.020811690044354,967.3994226670203,37.310037737905574,At-Risk,240.59804269429708
27.897978823867277,10.528613517918869,449.0017957118544,23.21945192737429,Loyal Regulars,42.645861674729424
11.922986635623635,18.83131525678578,1286.11988590094,18.49391408220839,Champions,68.29686978117435
12.344889325437112,17.778691124723935,789.0318010946171,19.89190873603341,Champions,44.38075871610988
19.928529056864235,13.755742594076569,446.70236825598283,34.25087832692199,Loyal Regulars,32.473882467700406
12.822753411196667,3.1193971619983802,192.5335905843071,40.91887460730034,New,61.72140980629868
138.07074403763937,6.54141760790286,858.2960823106874,18.079183915407857,At-Risk,131.20949215560816
12.151205060254284,10.045877129797343,280.3908044683354,38.396757364130046,Loyal Regulars,27.911032640112705
133.4633250642174,3.932558086620338,551.0876925418644,30.096949262388783,At-Risk,140.13466054495643
6.550621922625651,2.3630092477145164,444.3489960767831,27.641602809800037,New,188.04369746185037
8.439338185403638,3.1649444451881275,93.2317671880863,16.053062168104887,New,29.4576315011888
11.095525092324262,3.080856204950871,508.07806776322127,13.73368256509709,New,164.91456723840292
15.613235697079851,14.316634432057516,371.11940955573453,14.053498046396742,Loyal Regulars,25.922252280517238
9.373448409367638,20.809224767324775,2251.5432935872814,8.641908508319755,Champions,108.19928751611725
15.042856135887906,14.833247605620818,289.98534873214135,16.184446483678265,Loyal Regulars,19.549687057219764
15.126644717351528,2.6030068534266766,386.56094702244974,29.585961289995357,New,148.50554331563487
26.165590256758108,14.336489151363093,394.75933405900736,21.47137225107885,Loyal Regulars,27.535286351573333
24.36635007879962,15.244124381811439,352.8836575845628,16.535909713179745,Loyal Regulars,23.148830903374595
22.05193582754832,11.514836990876258,500.29830838271835,23.246319322272534,Loyal Regulars,43.448145100024256
8.122390639189105,21.05486881742608,1323.7276875798887,33.48962065414787,Champions,62.87038399803775
99.98555690412401,1.9576922154041307,1086.5250712306615,1.0,At-Risk,555.0030095033952
11.715025753846454,13.594888251524585,2406.0906995309583,24.137345269097594,Champions,176.98495603751135
24.924682302890304,15.413870308200146,439.05573642086426,32.93200306499611,Loyal Regulars,28.484457676232527
1.0,1.0,230.40103005439767,28.617222530459912,New,230.40103005439767
107.53014676710211,8.043583645812706,260.96621173007054,6.094729974324096,At-Risk,32.44402286609193
18.179764677094237,9.612963474988241,392.6443722281581,1.0,Loyal Regulars,40.84529950100933
105.42246990942155,8.070065948343666,1140.7480603928166,27.56299044883335,At-Risk,141.3554818132494
9.898437903069919,2.4803342958813794,103.8254101041004,15.164722601539975,New,41.859442203618904
80.71922320678797,12.462194869057587,550.6485325251628,27.45862875708389,At-Risk,44.18551774474088
177.09941134738017,3.369124392433755,924.2143314775849,35.313189614703305,At-Risk,274.31885078305464
10.17729167978709,1.5657995667411144,203.51175272197042,7.487480021122224,New,129.97305469022305
14.467549842296851,3.5828294467733337,267.0160805061136,12.05171727789832,New,74.52659538303897
85.6317592569772,10.536449325445561,590.9140572778243,20.091622679115254,At-Risk,56.08284527604236
18.774152317934288,11.150510013340483,326.88118461576835,43.97079901797166,Loyal Regulars,29.315357254931598
27.966869794978887,13.650761229101098,322.85275215210146,20.170731113364305,Loyal Regulars,23.650897318739585
18.004815507950767,3.1656720898838193,330.25756914429746,35.711808603528624,New,104.32462989444304
24.730565830819874,9.248853160617717,613.2835994374645,14.269332674296937,Loyal Regulars,66.30915085222352
153.241274306719,8.236966149020029,803.0957063604181,30.38555248657726,At-Risk,97.49896889596472
22.695653408481526,11.874608316373463,361.40396954786297,15.854541913893861,Loyal Regulars,30.435022353498283
1.0,1.6265910631761176,206.84274609710897,11.86957298572419,New,127.1633361204034
7.444488607026632,23.109350304246977,1927.6872308096076,27.832803165494745,Champions,83.41589899458758
5.90601002951254,23.129401369670646,1226.524933086177,22.845852756920014,Champions,53.0288230760052
132.45811337213757,7.819244460796139,1665.8868776729857,16.382242032342518,At-Risk,213.04959654674468
8.591465798047082,20.91291332055562,1566.8042663686037,17.598571834023307,Champions,74.92042081141167
6.322190855993554,19.61085360634604,1613.6507939325384,15.433502111562193,Champions,82.28355717317494
10.466743236562913,28.516988448113192,1576.3787098109399,19.952098055177927,Champions,55.278582893813244
154.05142299379156,9.48366996596856,461.2117703911466,26.863209491141326,At-Risk,48.63220378251991
1.0,1.7615636490196973,579.164689458882,23.360365572106147,New,328.7787470984569
157.905984393932,7.210779726630942,158.6138327289843,14.03076142073597,At-Risk,21.99676577876727
22.041546814048132,8.858724837700636,332.21320225918305,11.323842437958506,Loyal Regulars,37.50124406679416
14.841117546901362,8.682494453543647,383.5029160038812,1.0,Loyal Regulars,44.16967013982479
29.42760680254665,10.481492199922998,500.35491800862786,27.210483433518647,Loyal Regulars,47.73699283125963
125.24231304184578,6.031835190077098,396.9464917918272,28.535651975936382,At-Risk,65.80857720463571
7.431218059435059,12.496546386050287,449.87911969296994,23.234948820112223,Loyal Regulars,36.00027605988511
85.31978974706294,2.2756087603242,599.0203593764722,4.823371496679435,At-Risk,263.23521416358557
12.82585246364333,1.5733950169409003,375.3273037176495,16.04191499235882,New,238.54613728686257
8.002817605843392,16.546618941042475,1099.0608099632962,31.67551691397482,Champions,66.42207775977542
19.4980265282506,11.331533472728365,487.7060451051701,20.953949266493602,Loyal Regulars,43.03972152391675
161.8212909915872,7.345912615686734,905.6390166216208,41.548263161680325,At-Risk,123.28475221549543
13.425317628739569,12.139539510644225,393.1997728895717,20.34791274098494,Loyal Regulars,32.390007260555905
9.369019226617597,2.9112380445689467,88.08769328276236,23.102772941223265,New,30.257811946053035
76.95019198724927,3.7469474895212906,859.7141115395533,25.54345910989519,At-Risk,229.44386435727452
10.489614671346892,1.308230256997687,179.7951673166772,29.06960909084672,New,137.43388547616743
3.268520913536781,19.047305024101338,2049.9348365593623,3.696448209962842,Champions,107.62335322322478
15.78794642787108,11.779564015228798,383.20306732018184,14.93223940289769,Loyal Regulars,32.531175756995005
1.0,1.3794813793513385,182.67924648201128,11.456846623218311,New,132.42603286744685
28.457514161930927,11.883212398545478,396.22107499674917,29.353692050972093,Loyal Regulars,33.342926281890506
19.070763078959555,1.6938809515400461,456.21945622262683,33.702572995224216,New,269.3338370726941
5.740245100732457,1.5097778499612247,176.57228113557107,17.274614282467525,New,116.95249148085325
25.990511087859815,8.154446256814005,522.4490923906643,10.889348755399048,Loyal Regulars,64.0692299558779
10.909252196535393,4.234386246197682,154.04763923519707,11.762877775422439,New,36.38015766122564
139.15502154081847,11.057131079725288,886.9363801580233,21.85613797183332,At-Risk,80.21396994961364
9.472964212791895,2.843936891553356,172.23966888402126,14.99130458081865,New,60.56381539111583
159.49620580185604,5.044525903067521,1318.1094121139104,38.29667568349697,At-Risk,261.29500322565144
89.92976608746,4.4387887208768895,539.4637701980978,52.64342159488707,At-Risk,121.53400491013366
125.24108464773678,6.532767595643229,462.9849157774425,1.0,At-Risk,70.87117504167942
6.867727077279308,3.0684620672442984,730.1376900078538,8.826835665873435,New,237.94906829777776
11.737694574183429,24.709647555910774,968.3723368273068,23.83623849845644,Champions,39.19005055155727
10.787251732736351,11.288220842707794,349.94495055697695,13.103250812050199,Loyal Regulars,31.000895130700943
9.097924635899721,2.2489339103966577,135.6582483540729,12.666925459162902,New,60.321136040029764
115.6109019322284,5.859338055888935,837.02419552379,22.641979083253233,At-Risk,142.8530300760745
131.14303658047226,4.707986976358869,1731.0395515336622,20.25173470012956,At-Risk,367.6814656085643
146.66290674438133,10.520660488082592,585.8235652059853,19.394388891507056,At-Risk,55.68315467166574
12.771724427389822,14.818261265394543,550.1235186740462,21.35212712110461,Loyal Regulars,37.124700990308725
1.0,3.4699372309412313,589.7635487699574,27.321836751969848,New,169.963751364454
1.448516251172804,1.2805184540214523,400.05652844510166,36.234131011975556,New,312.4176205260683
8.073400699448557,2.4194648928532483,162.27077418238997,15.33606552315946,New,67.06886909651573
103.50652511181077,6.270058123298921,320.9967644679826,17.64873231960128,At-Risk,51.19518163239829
11.649143945077649,2.4810286647636555,72.3147600792223,30.67094437559331,New,29.147087700460347
10.929831796642173,11.302898281869686,852.2003570085939,1.0,Loyal Regulars,75.39662268531235
13.352506271577525,21.248037886204976,2861.568168736243,33.684099383333646,Champions,134.6744666054121
174.82163954456527,5.977362614826474,628.2229089912144,46.83488954729001,At-Risk,105.10035101985393
65.41033391193739,3.865972169456401,678.6654192770736,25.519160523332324,At-Risk,175.54844927207574
20.690030689800047,12.191933134106565,225.5121892710554,13.946120894668205,Loyal Regulars,18.49683612848826
15.717464280072766,2.5887032782151507,145.8838251508829,19.990551199436297,New,56.35401568752458
28.19805387000618,10.385102714050053,293.3557752307194,23.334559502305023,Loyal Regulars,28.247749040925427
28.38423662093802,11.216206826876238,270.0850453047984,10.497317875441981,Loyal Regulars,24.079891666906633
7.529027123245833,3.9353811835291097,134.86737866125173,37.71107067348138,New,34.27047403329491
9.34622840590195,17.181306948520472,888.9270522124635,24.466958482817518,Champions,51.73803453229217
99.84169034357558,11.396703716537743,814.0135486260798,10.238015013990708,At-Risk,71.42534972150462
150.24992654519224,13.218944125793035,1805.7965744530227,11.631395616811922,At-Risk,136.60671815152926
166.61230142188708,5.599364910194449,430.9117379007835,17.54626384371433,At-Risk,76.95725226199255
107.23573611956408,8.355043740164614,165.83658232293487,33.709455731882926,At-Risk,19.848679130872807
6.819349541110072,1.805020113880213,671.4436871755387,60.714374747961884,New,371.9868172173165
12.502361575869347,24.76457181235546,1812.6327491277357,28.65243769514418,Champions,73.19459277803394
11.723284012031531,18.850466553803294,2115.678803573683,1.0,Champions,112.23482440262579
9.333680839883208,2.0173346291513075,228.47040862141878,25.133639901835657,New,113.25359973498114
3.028324457524403,1.0301996048849262,222.77161808179002,26.725953580649595,New,216.24121871671045
8.736611652432353,2.437655673534306,303.46844973272835,1.0132180263720691,New,124.49192600394451
10.706133128525227,11.259528613465243,296.7546406128607,30.93785900237426,Loyal Regulars,26.355867177065704
4.239195659662398,1.0,202.930836206827,17.187334280967583,New,202.930836206827
6.388291287651894,25.92582219063589,2430.28805125485,2.596666443429797,Champions,93.7400570514073
12.658328203997925,12.409806849038102,239.7709928300788,26.65650304771474,Loyal Regulars,19.32108982410663
1.0,1.305736237751931,1166.9814996532705,37.921114159722606,New,893.7344816763662
30.14098848643124,14.730304484819314,336.1272307479437,20.051355935421405,Loyal Regulars,22.81875646863567
13.1733889407997,24.050863271279315,1504.9724720579018,3.5321734078137936,Champions,62.57457185975883
6.041847519872544,21.21746691612104,1299.2055138775702,38.25270111914324,Champions,61.23282854705117
5.909684762859641,13.125772434500208,729.2790409877907,34.6602902980158,Loyal Regulars,55.560847533127266
6.197165903938371,12.19241040713446,426.58679567947337,26.772119727066165,Loyal Regulars,34.98789668611004
13.613391272818692,1.5067781544940893,142.8084493806317,24.49416024419013,New,94.77735587995738
137.93296263892637,10.564057190406686,418.01002539458443,11.695078466665148,At-Risk,39.5690801233245
15.951094028108898,2.4961207080887857,80.31157510620531,28.28837966586809,New,32.1745558401692
158.75991481103432,11.725879990441433,629.8158179735448,11.188874771461368,At-Risk,53.711603605610044
17.892181998567718,17.01336368568974,716.68069556706,11.425917373562157,Loyal Regulars,42.12457388246356
4.986403184848888,3.2092645684253776,219.65012670474974,26.212400486107967,New,68.44251136718243
202.41192682096312,8.331839367736032,941.3691007910262,5.1938749129746355,At-Risk,112.9845474981618
13.11203612680236,2.6840379131173813,100.35124726234547,8.143631140256769,New,37.38816310004813
15.26416953816016,13.832226467388583,611.6118314661312,27.553207075479246,Loyal Regulars,44.216441431760245
10.270316277955565,15.313733484698634,2107.696334143781,19.314432606446278,Champions,137.63438786823443
26.684919423089955,9.288362131257376,618.2720338655487,7.58252584496034,Loyal Regulars,66.56416116517762
13.001804783225829,20.362339627606982,2510.435166401964,39.29336660329487,Champions,123.28814921632829
6.667932329624115,2.173007139652226,470.7823859438953,37.20444816836668,New,216.65017907821536
51.061463703783275,4.032376600124963,565.2270417534378,10.464563717931973,At-Risk,140.17218573679884
15.134082165301706,7.4529242354595855,486.3785936294345,4.581272765779296,Loyal Regulars,65.26010170817761
2.6822013528264126,1.8781947759466664,260.93283003304697,24.129625018272183,New,138.92746022655132
131.57436627828446,13.80138045556456,618.9262798115368,9.011280351863366,At-Risk,44.8452444162564
23.880980470956647,16.32243779401279,934.4042557132152,31.2227477832773,Loyal Regulars,57.24661153592895
8.28705035719079,4.337845119172165,453.2974997788375,8.376785158037945,New,104.49831363858027
2.0380233477878322,2.2342983603768976,368.49808168917104,22.60480025627561,New,164.9278754458783
6.744909087008489,24.823414483552934,869.2559967791301,1.0,Champions,35.01758379593857
8.374339934461538,17.637171944146054,2186.109667045062,54.591935431284035,Champions,123.94899102691193
182.45752807214294,7.5462570597608725,388.6258257171658,22.163689485525442,At-Risk,51.499150193205935
11.798566444446594,7.856508205527678,413.3035590112522,18.538591991535995,Loyal Regulars,52.606520377648216
8.46725071545605,18.112895865446657,3746.283423046634,30.134661774570418,Champions,206.82962298664177
185.89575990413317,9.89857374382192,293.6147035715838,38.741049747361814,At-Risk,29.66232420653935
13.762258865564856,22.57575517310743,1544.5741667424277,16.468949562756965,Champions,68.41738647938328
171.49324446420263,3.8680530334388976,586.6619185681216,7.489036936781382,At-Risk,151.66853026483687
9.449427379592004,2.6049933756788732,160.50851981284217,17.495953157688348,New,61.6157113148178
31.388475778120263,12.454622387295798,478.44118677051375,23.40113530695945,Loyal Regulars,38.41474850803526
110.98274203087603,8.00401954026346,755.9335118715651,28.66169041021849,At-Risk,94.44423618269713
3.0907183072306053,26.929246421639775,2177.7163999746726,31.76981628851369,Champions,80.8680779951089
167.50537570884484,11.58085571556913,878.0294315969123,33.71033678223807,At-Risk,75.81731895826165
10.634158764306857,15.550354112066328,1145.0741910236534,29.042263184699248,Champions,73.6365347548665
5.216641417643841,15.558277262342088,1767.438712067208,18.775110324672454,Champions,113.60118361852255
169.7978951458578,8.185113902151103,1241.8765807826653,2.817356216365809,At-Risk,151.7237995254155
8.547784613739713,23.70975392623272,1875.457805001797,39.02070010278234,Champions,79.10068619171837
13.178455082921442,9.134065473540574,321.4096515728342,11.590666325643477,Loyal Regulars,35.18801704497181
19.42401126048169,8.91448727717619,316.0021462215405,18.08557262610718,Loyal Regulars,35.4481571846092
16.817776688478336,13.751359635878845,371.5942267153438,31.529926760062132,Loyal Regulars,27.02236262847876
125.23056751646178,7.485306469350956,949.550307023057,18.099030963238384,At-Risk,126.85523443977193
97.1420312321305,5.006444050267923,1340.2254666927104,29.400248081061985,At-Risk,267.7000787856577
9.17784935319947,1.383824915825476,247.07147053495575,33.238751775297175,New,178.5424353250449
12.991524287115372,12.345394102523429,404.58655178212604,20.203614922062673,Loyal Regulars,32.7722670027543
27.81332295982504,15.192936558741547,478.2584190845412,10.780538045108857,Loyal Regulars,31.478997969577254
4.791281972550728,19.80512639227953,1625.6523871853558,30.493579329654377,Champions,82.08240406984075
9.93529364697872,2.790340581784704,214.22830625547323,42.54278582035871,New,76.77496706099319
5.689364624137772,1.7407907406849168,552.2815079641744,24.810665808969894,New,317.25898757186536
6.011012689594073,18.51234167471484,1580.9118072335082,12.43633866757435,Champions,85.39772196365645
66.31299334516372,11.401041436270106,378.6097703247438,58.97093578098504,At-Risk,33.2083496442942
209.71681249611942,5.361471114023172,696.0150487556881,27.117694281666115,At-Risk,129.81792384094527
13.406954229284187,12.909305654850991,447.85114195726084,27.780516433394048,Loyal Regulars,34.69211698376432
27.111865443237186,10.675853062902151,321.09613892096826,34.07041626182716,Loyal Regulars,30.076860090624052
138.53479224130749,6.351342136609752,832.9629560695626,22.909548844488445,At-Risk,131.1475493137558
5.1977526559846225,2.013355591543673,437.3786442431304,34.725584951225485,New,217.23864680445493
58.77138970973174,4.631694703187015,881.527798470542,23.63000983098979,At-Risk,190.32510883413215
5.063396186181105,1.9050346894073282,255.20519178273406,13.764746186492733,New,133.96354050756443
16.40711556528366,23.95833573837941,2589.256799108153,19.78857141338426,Champions,108.07331641823362
22.163883088881594,13.196945702107037,619.467100034822,31.707805758005936,Loyal Regulars,46.940187071915986
105.52669851662634,11.39029794921354,586.1403563428536,23.340781605564988,At-Risk,51.4596158025282
2.028172596377705,1.0,347.40854274203133,22.03483075053358,New,347.40854274203133
6.587824289705679,18.663506237196753,1076.4362213804502,30.456413279139014,Champions,57.67599119371743
12.573307178756178,23.040532341503415,1468.1591775325041,35.94841663079908,Champions,63.72071425137504
4.730184331815391,1.0,70.03415292486868,26.92078699680647,New,70.03415292486868
7.3522962357333945,13.021656052103229,3207.624152387426,31.501022414977847,Champions,246.329970593052
22.85702941017057,15.913541091346653,448.3522658982707,40.220176474321285,Loyal Regulars,28.174261361732515
2.190327968099562,1.9098075866226116,92.46636196076832,26.768067628567508,New,48.416585319094864
24.182750085992243,11.817230835876195,552.6284305751371,11.334794628531547,Loyal Regulars,46.76463024631796
106.56243099839409,7.16989972974286,597.7052389379012,18.533665859958834,At-Risk,83.36312381865585
86.67853108815953,13.156385009149577,475.34648877132526,6.346617187381316,At-Risk,36.13047873262653
96.88423567689377,12.362150544372374,994.5448057189477,25.67909174446936,At-Risk,80.45079229128905
7.8383144065239225,1.6122120444507093,207.92430688030132,15.820625369634794,New,128.9683373821602
136.32144707525066,8.892533213556664,795.2525294764216,22.03255799967604,At-Risk,89.42924478078523
137.5004899447948,5.103946415573709,810.5836576476394,18.683854161102392,At-Risk,158.81507987119525
115.29556578299517,16.42763258368851,300.5310925210299,36.34537103694611,At-Risk,18.294242398593468
15.410642473132649,7.256067655467022,397.3660031084894,15.276067531111837,Loyal Regulars,54.763271509616835
9.58576210069192,10.735988176062902,327.08640470024847,39.69498748535806,Loyal Regulars,30.466352918450912
23.882426264505124,13.326666186109799,653.0443307765212,4.084837940083144,Loyal Regulars,49.002827988381696
9.156410113716824,2.7314924079409346,192.1165835691293,19.276350344435468,New,70.33392551654626
8.850884715959662,2.489383938938409,476.2685071595565,22.303167950095464,New,191.31982805459086
79.90624077236795,7.442129968441853,434.0329221475884,31.69188863273968,At-Risk,58.321061844941305
10.419911469757636,2.2150981358190363,354.1573259278846,36.472428539022644,New,159.88335694975171
9.056461780945098,13.578606054371686,437.1744258357296,26.50379498248043,Loyal Regulars,32.195825115272385
119.81468111102619,9.091094451028889,228.75536701969457,10.542827447792941,At-Risk,25.162577316948354
8.735029630625672,15.124747758305489,2519.479513245169,29.377192367234443,Champions,166.579935976892
17.07171965431953,20.931512080548675,1599.0527676023685,37.63258420266514,Champions,76.39451757947019
4.084100691424162,1.0689265120578968,160.60369877739203,22.69756040777812,New,150.24765216852734
81.80832731476714,8.509119635428437,583.7951136608967,4.099973213013058,At-Risk,68.60816849139323
2.413361989743626,1.6219607082685232,132.8221055418443,44.72901943953721,New,81.88984163718409
136.3931382931477,6.875165930452594,591.6630090639451,8.455905786407577,At-Risk,86.05799700677126
13.272406890636336,9.701053951152883,254.142132489831,23.14599613376296,Loyal Regulars,26.19737337504741
16.653852877089527,11.886734896654408,279.2114498767357,23.518861054746765,Loyal Regulars,23.48933094783845
132.38480327636668,7.968083970145421,748.8017826025848,16.325959309350292,At-Risk,93.97513698502337
5.084424638486544,2.150921526806496,234.62588918483473,46.105807902819166,New,109.08156632435919
25.52073132140316,8.1622380834742,294.4026429116327,28.75784180893102,Loyal Regulars,36.068862473847645
13.126740171288775,1.9019264314674924,579.1702122720236,33.35843535027332,New,304.51767360167884
6.101617645759134,2.4922969119380367,238.0938976834067,16.024959932896838,New,95.53191537611076
11.624273357781,4.121143402633667,727.7198827319053,42.054080623070725,New,176.58203358486554
5.982039407403329,1.0,338.76856375140295,35.76807953192911,New,338.76856375140295
1.0,2.323990256272144,138.33499944745873,25.36559478408356,New,59.524776007175916
81.77499330394409,4.527606103299734,876.2013046374043,17.238342894899166,At-Risk,193.52419018934222
5.951755358159991,2.7718742923698283,161.00987138290742,38.23371002542597,New,58.087003377505695
168.56759315714007,6.240244744787298,625.2148513571542,1.0,At-Risk,100.1907580434916
139.1011734906718,9.260680128423758,631.0517885054654,25.69703368008653,At-Risk,68.14313633062235
1.0,2.042631024437747,84.43240527886852,16.678813607314638,New,41.33512331337928
130.11539259879595,6.630586567325833,474.58608489716437,14.2010987105331,At-Risk,71.57527921222339
8.762613841119046,21.050996900588554,5110.58669969948,21.996864838697217,Champions,242.77171878527975
14.263920923150575,13.67362240218423,2398.838297304267,19.53939964097166,Champions,175.43546448387193
114.1023004032733,8.817935790296387,600.6216741991628,30.435563630170723,At-Risk,68.11363662458409
15.875414138043654,1.453462206971622,523.1052749277915,14.024569968587084,New,359.9029079797771
9.133892841129684,5.670148059360084,271.2181584006962,29.518803195693245,Loyal Regulars,47.83264132811817
7.156741232997737,2.3325323130976408,444.77263138929777,31.665112580111725,New,190.68230218797376
139.63066835975275,7.230037650800742,331.8414468160001,7.416611623636406,At-Risk,45.897609783435634
8.43981448165501,1.648475264856707,137.71592370105043,19.166604706725124,New,83.54139527414829
16.611799709978246,1.001976406706122,160.76595026075125,23.670799749795318,New,160.44883810113868
9.111109211604907,15.945130534238405,2166.6415617356574,21.747948108858573,Champions,135.88108025100865
22.287192115699327,2.1975562825275037,148.99526646717644,1.0,New,67.80043253127087
135.88133200061964,6.910218057293584,2028.1228112736671,10.79837335530833,At-Risk,293.4962101714038
1.0,1.8852220509980773,185.1880443314831,23.631074012873643,New,98.23142278303001
10.443342622336536,1.0,557.4681689887389,28.756902026484813,New,557.4681689887389
11.218868319017725,21.350298195195734,1682.7008569741147,30.18492483480973,Champions,78.81392763651225
177.45207026253163,15.372272276227676,2027.6581902781347,26.687609140481374,At-Risk,131.90360890327125
5.535701155522203,2.1500811303450242,287.40652259639813,30.374678743110977,New,133.672408236185
10.265093781560857,2.0140720828735046,65.65894901782013,20.909745613082503,New,32.6000988624715
25.501219876072103,7.5683761096169055,309.5044447765993,18.11833982112745,Loyal Regulars,40.8944323450471
5.715950096306679,1.0,278.7915163274884,30.013025191469588,New,278.7915163274884
15.794081238995428,1.4762272214587646,173.1037137149205,21.96539141159467,New,117.26088721210849
120.11973164799824,5.823825433976074,598.3244101398691,37.19029866657375,At-Risk,102.737353123474
8.18006607863688,23.427175930266106,2007.8390532389196,27.062561002270495,Champions,85.70555235575561
11.427484236598037,22.92309876455458,1514.7197468335753,41.53414640064395,Champions,66.07831525708683
115.61063273479266,11.134618437363283,557.3495654664474,32.05473613936438,At-Risk,50.05556037701367
133.59501444770814,12.610896961752934,352.83235939866273,18.58338658842726,At-Risk,27.978371440885876
11.014684718776111,2.090800023610048,448.182723211757,34.49133214702877,New,214.35944047767376
18.927782233525075,15.15556458158256,500.5602213158417,21.227283841206116,Loyal Regulars,33.02814742541071
12.661540435891144,18.992090487172458,2790.8871572447692,27.76892668643759,Champions,146.94997157526058
9.103593353178782,17.775038405207557,604.8926567193159,41.765436407168224,Loyal Regulars,34.03045568340941
10.877530005455425,25.23820273944211,1138.4932263892476,23.0432452337183,Champions,45.10991682502088
44.32214986752358,7.447472760454335,657.1099184807529,26.309053413218177,At-Risk,88.23260448429834
22.97860448048244,13.80327551224288,258.994719563192,4.818017615840603,Loyal Regulars,18.76327972541557
9.23478270047354,20.000337572365655,1230.4848448027979,1.0,Champions,61.52320381346719
97.69084450019142,1.0411678197463452,1392.2783946926156,30.03658402052238,At-Risk,1337.2276479230886
4.493255409774765,22.550135243590784,1240.8490743221796,24.69929197122536,Champions,55.02623646901872
135.58766821280008,8.552173493814697,1201.4270900255835,17.920767648345564,At-Risk,140.4820763861383
35.68186632890229,6.129197932225362,537.9516278763532,37.43400816963499,At-Risk,87.76868259515255
113.21120814318486,5.714076625069227,1004.4682050019263,35.86238235421755,At-Risk,175.78836807946323
6.748235618758696,26.464838726604828,1633.7756623008543,25.18841785208641,Champions,61.73382272148277
144.64538672008953,9.119156955302534,605.3506859915194,44.47310109753167,At-Risk,66.38230803117442
1.0,2.4850817670641296,487.336015169174,13.017291346160114,New,196.10461982702154
5.937683675169834,15.133759402475489,2333.182188841413,25.89742901886131,Champions,154.1706939294783
7.80146858826511,2.2566587307122616,187.23385048270387,34.28652424267935,New,82.96950173924077
13.35395681494538,19.49996387872169,2591.711703042247,28.08949689602527,Champions,132.90853865992622
11.650930446383953,16.58702659776472,1040.1574697026074,11.512967369850802,Champions,62.70909759334321
13.902432551702008,10.868421375632787,250.71553948322065,30.553070769977143,Loyal Regulars,23.06825718455578
15.845777168968809,21.837543086866447,933.8318040807734,28.695175919198817,Champions,42.76267711830638
107.89520962118213,9.854572143995902,783.8235932447408,14.162952854749872,At-Risk,79.53907909865993
26.249449641789933,14.477012859910978,265.9060349576425,7.754309765437711,Loyal Regulars,18.367465549055094
9.836949895458265,23.37754076194128,1949.2294799726349,44.18179943160989,Champions,83.38043337501041
10.915540678288716,1.0,172.16426906237837,11.782588661775772,New,172.16426906237837
11.657637733103986,10.8348419656076,920.9564407243334,36.02094477181809,Champions,84.9995268641362
5.097576944931007,23.367280267560247,1261.5824004950161,40.20750145143188,Champions,53.989269870076185
10.511361612669141,16.627078918828516,1725.001386216228,33.15511778804324,Champions,103.74650861029083
11.923443580658432,1.0,433.8110182531278,14.802457989627971,New,433.8110182531278
3.619450378860212,2.4222890191253597,242.23248958897958,46.09506737312285,New,100.00148110998121
11.988642976215056,28.37267323572238,1947.1659973809294,8.198037467301102,Champions,68.62821776445675
19.58745728419029,5.414448760433374,405.23443948756506,40.23112691707854,Loyal Regulars,74.84315715550883
21.364065488157195,12.414670276422909,383.3842135672033,21.053982123173988,Loyal Regulars,30.88154618937406
193.4954670195008,9.95973464984368,2579.556499212386,12.180060867306697,At-Risk,258.998516516991
8.33857095928126,11.747046892781029,1696.5058821551893,35.170058716206356,Champions,144.41977610541008
12.88156808521272,10.515754708422863,385.21052577358756,19.502530167380904,Loyal Regulars,36.63175268485897
89.88432331085517,8.331187176836655,817.2832999048194,22.56760560867748,At-Risk,98.09926035236927
100.75035504538351,7.409342903888271,454.7489807090701,24.3015445345924,At-Risk,61.37507557794729
20.31450452819437,9.064677359875697,225.92956552266926,31.989997173680592,Loyal Regulars,24.924170663010493
4.792286396085768,1.9364913255617313,177.495935129429,28.697952448177286,New,91.65852322005188
12.540603787257616,17.204278285685014,1511.0715543677509,30.58486582636952,Champions,87.83115044268102
28.90927765393039,8.362895120820824,250.5734654758012,27.401297228935647,Loyal Regulars,29.96252635668678
18.636722742120142,6.249552384704771,306.0851322190014,37.08566389366278,Loyal Regulars,48.977128820956494
16.143023967983968,16.823454839898304,4019.523379615077,26.985447717612995,Champions,238.923777420701
12.17261707322078,19.62294978298977,2062.068328257079,32.39036078033865,Champions,105.08452353298028
11.302212832742185,1.8236340495106695,654.7231380908116,43.2005673758353,New,359.02111954231805
13.361232549829582,22.33062096795083,1445.4429387472364,21.341566611230395,Champions,64.72918692327245
4.613629079953611,1.0974934935567084,353.7760457240244,38.35607382444296,New,322.3491053031418
8.899430995093265,21.739064297866474,2780.8059173136667,13.57143302562261,Champions,127.91746135948372
133.6083990747335,6.114545809589631,853.5121012651506,31.545555523323635,At-Risk,139.58716278264876
147.9426538148602,6.8162814443918185,748.8043199866062,27.286108779701475,At-Risk,109.8552526176416
28.482617638237553,16.932905130701073,461.422684499101,8.737737785989381,Loyal Regulars,27.250060219288358
9.20106070163427,15.237946969296363,528.4773246753018,21.051350716053612,Loyal Regulars,34.681661889239734
8.286688711347571,20.361959126511497,1267.4299383911361,29.653635520799153,Champions,62.24498981244532
12.663194214955599,2.1075341800536345,167.46066808942768,25.943032407420816,New,79.45810306391614
10.71429112238798,2.548982874076911,244.36178518239586,18.606198842763547,New,95.8663895577914
15.110531749617781,2.2344311164820976,144.2080331280879,16.06717085031432,New,64.53903728083144
5.8477083326902095,1.0,82.61818541051512,24.77507588331866,New,82.61818541051512
1.1042537432570603,2.8117357099965017,583.0280029018445,22.414785446242497,New,207.35519374350085
26.90470014436284,13.142487758513019,294.66448555423983,33.480906593666774,Loyal Regulars,22.42075404356923
157.61157859534356,9.838896141423797,356.50250452773594,22.303253974274373,At-Risk,36.23399407854163
12.525152903354162,21.36622220376204,2078.725735124404,21.909927194340504,Champions,97.29027973688274
13.218716988602472,1.1905462709026724,170.24538377855086,27.97850034160431,New,142.99770444828724
6.9548387198629005,4.812649248238723,187.8596766790976,2.14379589690434,New,39.034566408064805
28.51367591086407,12.02398208864644,467.0166931839127,27.87699909525481,Loyal Regulars,38.84043486931754
24.57487346109368,14.305811296489107,381.4472455680606,1.7709250201325446,Loyal Regulars,26.663796806943367
92.25975341710877,8.306093891721723,550.131168199722,15.86314165807801,At-Risk,66.23223567795335
23.48203165736851,9.990014709365333,282.27928510333624,26.200106567981052,Loyal Regulars,28.256143090430893
1.0,3.569998484998947,133.62196659863835,8.770924621682251,New,37.42913818034233
11.29742107125948,2.2607543841411673,236.65158841379647,38.138218233806214,New,104.67815083047931
21.835682915667437,6.343281286669589,413.0361168895975,21.866091296535725,Loyal Regulars,65.11395257807553
6.146109152689691,1.2616234191228919,364.0053457511051,33.908563697103716,New,288.52139254371923
141.7037785316784,6.015749323079552,445.13604476823787,22.22313114542695,At-Risk,73.99511197390886
13.51380120522909,19.3819772830004,1758.725760513401,16.632278383285232,Champions,90.74026529047421
7.135644587782818,3.480099203713916,262.7696844393375,4.80060799098786,New,75.50637756501686
10.073081425133516,2.324089222320047,260.2085487989749,18.451923533744555,New,111.96151434290415
6.413566373737797,1.3507370803898637,341.43046591765784,33.03446600578657,New,252.7734456057952
139.40644450182953,10.387515965659322,371.5137783032346,12.199008256091632,At-Risk,35.765411050287966
90.31231624010253,1.2506486661451781,336.92852533214125,17.65888642661369,At-Risk,269.4030181718755
8.473048424006684,21.817681352857452,2280.8668296357746,17.744124976352584,Champions,104.5421276783406
8.660459880056901,18.93445003996418,1295.5006187543613,23.789246082270648,Champions,68.42029295913008
3.968590896576579,2.971006335959188,294.6086023947531,19.23366828099511,New,99.16121646359225
148.97130709824913,5.750559985146447,814.380371585331,33.14225728850956,At-Risk,141.61757701664797
131.5566666867483,11.865332747954756,697.2133971546024,37.0141819311596,At-Risk,58.76054316932511
184.67497593994432,10.660277163214216,1076.5107325650608,17.0284777376222,At-Risk,100.98337182824977
91.51591832484245,6.048309138783224,1385.187273985386,26.84191340145633,At-Risk,229.0205811576709
10.38517563613229,3.4008818603129667,291.32512359779395,28.80371889971608,New,85.66164176340565
115.86319545701465,7.268311669467987,769.4036301189315,28.500745822708083,At-Risk,105.85726990092721
10.264122790244864,20.12252597037767,1378.4214187438602,6.915186775211279,Champions,68.50141084538947
8.356291076665052,13.590961835764299,1607.5851608982175,45.57073399973568,Champions,118.28339894737212
156.97431028749736,4.413923077105691,325.84825544563864,31.275493873304498,At-Risk,73.8228215022054
14.642548575422374,12.974654156473754,576.6181161663615,40.879386403807736,Loyal Regulars,44.44188717574839
10.425469342485563,2.789366555669705,139.08391258717685,8.91141030022356,New,49.86218548597457
35.33382204117876,3.221617220835417,304.4655143378044,23.844734782756944,At-Risk,94.50704210565762
1.0,2.085993480747625,215.23315510421838,32.11174626968308,New,103.18016671225564
31.415878137811752,7.364100163413727,409.05964746998006,5.235538577482213,Loyal Regulars,55.547811462732064
9.259272076475025,1.5653005262768658,276.66959920771524,17.55483612520664,New,176.75174483316997
5.092030328591974,1.0,921.8518491587862,32.10727959797374,New,921.8518491587862
3.684071688278615,1.0,283.38578162203925,35.64597577036477,New,283.38578162203925
6.7396859229832184,2.2769586752193653,300.0308025926417,37.68975347233657,New,131.76822480703842
16.31636502564174,19.17935324453582,3085.5167920887716,10.878343554456205,Champions,160.8769989659496
8.796488919148203,2.366332933650044,162.81464579189827,47.33517350712274,New,68.8046231688786
7.65100607118931,2.011716417719365,277.79296094223554,16.266530821407404,New,138.08753485104168
16.02114552342507,1.0,458.2358794297438,22.709595068807232,New,458.2358794297438
24.368894647139577,10.248339182723344,553.1462680899782,9.45708336022468,Loyal Regulars,53.974235066543514
172.5923148602362,6.407070486332856,389.2217904613101,8.258362010673464,At-Risk,60.748791712464005
6.714453283102456,15.765855672086364,1331.1332006771547,31.642875400466522,Champions,84.43139581912715
91.70941880194145,10.92099053403227,1051.491752063241,42.93321845918263,At-Risk,96.28171993983105
4.070116960343223,2.458559136212169,322.5090454214802,23.97697919989135,New,131.17807120082563
11.000565159182763,13.278371840458279,273.9035504945676,24.673720082930007,Loyal Regulars,20.627796373347707
10.3830148366199,1.729603057904558,661.4442303496803,34.94582875172134,New,382.42545150852743
78.33649469514913,9.571852862578012,613.1444188126036,25.171247909945283,At-Risk,64.05702507293492
99.97021024972335,10.387334029232699,1040.8600501250628,16.43900987693197,At-Risk,100.20473465047027
10.56970294428226,26.29341960990097,2316.165850291323,34.02969475577204,Champions,88.08918294595483
4.215768582446182,21.755972634953196,1746.8330456813658,23.85498419054079,Champions,80.29211449158103
3.643919639870929,1.9452955631507287,86.40230474751931,33.43439122383497,New,44.41602930897372
19.5078745631629,7.762076932196335,492.9754388709623,40.08305281142195,Loyal Regulars,63.510764345319544
154.82222437678905,11.83094249659413,488.7511459267293,19.33640182719818,At-Risk,41.311260372318614
6.265529279960492,19.75470261668461,552.3536242813018,36.59008345729619,Champions,27.960614492611487
10.288518030855478,23.311952707188237,2480.7654697117136,21.47171982764212,Champions,106.41603047464875
109.04597977815051,9.986244603745257,1281.7897610735486,34.10552350965159,At-Risk,128.3555342308383
1.0,2.0516983214286144,250.10690672815574,55.61688905298,New,121.90237917336904
7.997184514385206,1.0,197.7982301846192,1.0,New,197.7982301846192
135.15370413833577,6.553302563891237,710.6451740038314,24.845029527927466,At-Risk,108.44076968450891
8.306806751823386,25.885967891972626,1612.4346272015046,35.42464383767868,Champions,62.28991065470374
12.103558763704907,7.184832062988229,333.6270456590641,11.324815100511984,Loyal Regulars,46.43491215023695
11.786124704119777,19.586046927736156,2359.568623183285,18.902715266482904,Champions,120.47191717088441
73.96541963257732,7.051406886256436,533.7919454269771,17.540205565661044,At-Risk,75.70006298563848
27.27327681771101,12.268526999291442,329.6754529698042,38.359534427844125,Loyal Regulars,26.871640987450597
25.5088936078311,11.653995015577992,472.48661223177163,20.206501536378155,Loyal Regulars,40.54288779085582
24.519338250183296,12.32146521851797,352.66304979110623,37.19020792542373,Loyal Regulars,28.621843549993372
2.8773554354349677,1.0,194.80073468495846,42.904519793226484,New,194.80073468495846
1.0,2.9425936208997925,392.4815864549097,32.78176073185065,New,133.37947301567786
4.79754964072287,1.2152207528440087,251.54826587283657,31.594419882687458,New,206.99800039139595
3.2506622641678806,19.052598941961264,1598.0361974353937,14.079539436997266,Champions,83.87497171925945
13.111167741715793,14.694429129041744,710.9154829487354,26.823313339059162,Champions,48.37993206171568
150.67291487136976,6.763551864629097,781.6434826476763,17.076043543469595,At-Risk,115.56701246506083
8.507237153250248,1.0,239.48844084724752,36.79173155691761,New,239.48844084724752
10.928645292266879,14.131819018436037,3066.4157863122236,26.063523989244718,Champions,216.98663012255182
7.337961170845222,12.969086434573475,2089.6852626213554,48.63221978335069,Champions,161.12817762171701
123.02853151827335,9.252415876226044,965.5997909275088,20.63279463794323,At-Risk,104.36190978062328
11.539803864423453,16.710999930838717,1392.468767038525,17.325696493810497,Champions,83.32647793677764
2.408470913967281,2.936569355856788,185.88922262452976,18.361617009365126,New,63.30149235324081
19.65853523018019,13.875635791738397,409.07274032637287,10.52186421494446,Loyal Regulars,29.481369103816938
3.4544855569832205,1.2553766435614369,822.5290648883865,16.550143371832938,New,655.2050088767903
4.210538588731188,10.057621714561442,382.0802593834281,21.61402076425354,Loyal Regulars,37.98912608039847
8.487349783842442,26.909400856656738,3119.8646296375578,37.35559069992316,Champions,115.93957986120596
32.79159742042104,6.200751652643406,1211.0704516172943,7.838369414645214,At-Risk,195.31026550644225
9.52544669556047,26.417017446068563,1634.337931202725,24.724631141093006,Champions,61.866860425833224
89.5070616788939,8.772921262763482,1315.4382544916969,1.774057735185579,At-Risk,149.94301385959687
122.08693274630134,5.491828655462639,465.2438696872017,9.399378979363116,At-Risk,84.7156564552375
22.66839209308964,11.234507474935636,445.1815554001332,24.2104428200767,Loyal Regulars,39.6262636696215
20.414656791942775,17.63513739597939,331.67683683559153,27.88462674694878,Loyal Regulars,18.807726267628066
14.54123303439955,1.0978888618189488,258.2928701140322,15.046602204687288,New,235.26322116621208
10.639966454293752,11.985910831733944,2978.5145856162703,28.76389565398608,Champions,248.5013135364184
134.10880652105374,8.203959878153267,382.9887756346156,14.704177724855244,At-Risk,46.68340427340405
24.37333626093188,5.932658831869562,455.19788022544947,53.06937481300195,Loyal Regulars,76.72746623827057
16.062023289876908,13.661860517985971,455.48535191390107,32.66642050759749,Loyal Regulars,33.33992111208061
20.329648534252957,12.305461839309896,464.5806202353245,39.714307638172805,Loyal Regulars,37.754017386914974
8.568740767430718,1.5084591738428343,484.98874639647295,14.937366966995754,New,321.51267651543594
149.42332369713495,8.259516625764386,784.4413193632918,6.6962551723198445,At-Risk,94.97424061310547
23.837524244780244,12.708972846084603,382.3851740484526,14.88158489586102,Loyal Regulars,30.087811082723206
25.501537480942254,11.865801197436395,599.8266928387357,16.41821173100663,Loyal Regulars,50.55088003398608
136.99863589744598,5.616201634624835,516.1757765935813,26.343156377757275,At-Risk,91.90834129089494
1.0,4.010926112400514,559.2752458947474,17.079618132869975,New,139.43793284190534
143.58187544142407,3.8708375027661566,637.9600146297945,31.682563911945103,At-Risk,164.8118822280447
6.562830148467047,24.011031301218416,1956.8983665891305,8.60838419687374,Champions,81.4999714939287
113.3536863220107,7.7454484050139705,728.2592583674927,21.27096704827339,At-Risk,94.02415719354072
17.836827553573134,9.370305527450409,475.21325031620637,28.764379227527762,Loyal Regulars,50.71480848986878
73.5168194906285,7.312122039343076,657.7836662528781,28.098104226441635,At-Risk,89.95797153188292
11.143304558410172,18.169202276172697,2090.9666189297814,8.368174597986426,Champions,115.08301724792284
26.95808949731965,15.93011907860085,360.5250631332835,7.58695321443529,Loyal Regulars,22.63166153086588
14.890165354696121,20.706293433814842,1425.4457618513352,27.22696137214321,Champions,68.84118427122651
100.63879473709295,5.862988806761874,2100.2140488030473,18.558740419576885,At-Risk,358.215599248772
7.85958462447984,1.7117145418726811,243.58345675656798,42.911043462544676,New,142.3037841870984
29.72385933198155,5.222358367267166,320.6503925054855,32.56936498263961,Loyal Regulars,61.39953828432503
128.464389311802,12.595336671803159,477.08133976559196,17.582263941377306,At-Risk,37.87761710519585
128.1110019300947,1.4881537706137653,776.4216880925145,25.145268461852833,At-Risk,521.7348525564611
13.356522694648078,1.8231408064272039,284.1062134329239,35.63765384870094,New,155.8333906143458
15.820700548551814,10.807549995211707,396.0341338925187,14.702736053059677,Loyal Regulars,36.64421021119328
135.1712013746065,15.33539043517675,969.6425854295381,19.6143648706293,At-Risk,63.22907718119421
8.853125392698963,3.235247388310272,135.00829360298127,27.66696230282976,New,41.73043894287613
9.681127156374403,9.73336623627481,2168.0560850728602,1.0,Champions,222.74473521738423
5.650817457506365,2.610844916410854,421.2201593825325,27.33999527484605,New,161.33480649688937
13.431903525028616,20.21262139031147,2814.0988020865534,17.727375645963836,Champions,139.22483124506738
8.523450149440631,2.6312747301215764,592.3204853945457,11.116611250349196,New,225.10780748735343
76.2670456845047,7.505186673811344,276.9814990812903,27.396823056119874,At-Risk,36.905344413056596
34.6096747752544,7.595208720393458,360.33047017995045,25.031988780062587,Loyal Regulars,47.44181278553252
98.88329450702746,8.181405344352104,1815.974819393876,32.25313357919847,At-Risk,221.96367774975283
8.054768363706676,23.25505475986484,4080.722443026132,48.58506781035944,Champions,175.47679354722146
12.761941416271073,21.543386210226004,1578.6046555699293,28.192207470725155,Champions,73.27560487313794
10.036319468677343,1.7262960041822317,512.7140313532598,22.923230761060577,New,297.0023855185478
98.4934969238791,3.273142018488155,273.0434516896912,20.07233483693971,At-Risk,83.41937201240304
4.52736320301734,21.105096717314215,1986.5988746762787,11.010873631340559,Champions,94.1288685517613
79.68428201505822,8.00932565055691,1006.8284649256967,24.558689679934332,At-Risk,125.70702064732369
106.9495197990784,3.805671020603448,840.7348991160779,1.0,At-Risk,220.91633632135822
6.706470491571349,2.8463040623077296,288.83298617456325,21.178192240626775,New,101.47650421451561
10.087408582093772,17.210304706798894,1372.85952366624,32.228988423295945,Champions,79.76962331898137
10.555245281972075,10.879671100951455,271.3241092137758,32.43630550854493,Loyal Regulars,24.938631572240066
15.06256534980503,3.301158348652031,223.01377588653673,17.59776569180545,New,67.55621885802613
13.142588769780563,12.85171800352642,228.29059215946634,20.93012238908901,Loyal Regulars,17.763429924063463
8.474134298651878,1.1940063911682024,312.5101728513152,37.15277079668616,New,261.73241212348853
15.853211564878247,13.711838977387037,3235.757154852158,27.391043795031557,Champions,235.98272705713848
10.930704845418816,20.26618326343682,2362.1568667764163,5.238264625575738,Champions,116.55657289145783
11.2227920599199,2.0676712580627097,188.3989798087917,26.155760169360644,New,91.11650562155167
4.182803413446697,1.8114138669939903,137.81303838364278,20.479162907232315,New,76.08037064016801
15.979765244937584,18.495375715079604,1289.1464180317557,26.128753375643285,Champions,69.70101272290955
26.236235366171602,9.215027607632917,351.0633234600921,43.71281162325156,Loyal Regulars,38.096828181968995
24.438372173802506,12.388228610687607,354.6595113381972,18.29101056824859,Loyal Regulars,28.628750928298526
121.38447496741023,11.974867038144893,274.83995420270935,7.939411064113866,At-Risk,22.951399237021228
96.60503460267998,9.056103415408773,1239.9390201431609,27.88815029027976,At-Risk,136.91749787589995
13.485715111792759,15.612857686181442,2770.793351418911,31.383081203622737,Champions,177.46868684208093
1.0,4.825156847487088,494.4222492033292,26.443598144517615,At-Risk,102.46760153730987
6.421091924176695,20.552965728234728,1526.232191804776,22.527784350058475,Champions,74.25848960124074
21.486676620151325,13.784070634110552,595.7398504052393,8.960336851858044,Loyal Regulars,43.21944266093647
16.23342673779571,12.168616959267455,442.61517223784244,41.17318998707157,Loyal Regulars,36.37349862514595
7.523571064930327,1.0,85.29484061959464,26.52641604947096,New,85.29484061959464
123.35924013257817,7.278688408788971,1023.5170108185438,24.943184473380448,At-Risk,140.6183303000927
124.0770354949063,1.6124063323999476,631.1357171115412,20.39082498183918,At-Risk,391.4247323577193
1.0,2.5167028186484663,222.94388907288834,34.78266336171139,New,88.58570325463175
95.11170218821128,10.093450517000015,497.53917570157574,21.16264296042584,At-Risk,49.29326941897515
155.4557583827181,11.022532312959676,796.5547289796584,5.12966099997071,At-Risk,72.2660370923217
9.46459941093643,16.08737473200064,508.1335214740271,12.062722571656263,Loyal Regulars,31.58585722897717
10.628194269781378,25.903796192214035,2356.814947923729,13.282432540981649,Champions,90.98338059933171
13.340444983658314,27.282584630587206,3170.132159913142,12.925362697256789,Champions,116.19618166084696
21.112893918092734,7.923368262230953,534.4599920663721,20.047301551047667,Loyal Regulars,67.45363516852191
11.156477594759936,18.527004172847878,1715.6460392171318,46.173900155472545,Champions,92.60245332763971
73.50284879440278,7.692809880166711,545.8684035185216,1.0,At-Risk,70.95825998844158
21.416958640040242,13.575287921917793,484.5653528031639,6.938855171434614,Loyal Regulars,35.694664863852765
1.4718148770747632,20.288134292930312,1996.3311710005128,11.75252376583995,Champions,98.39895291387946
1.0,2.555145681944831,80.10063561383228,26.1084054739782,New,31.348754859591512
152.9501252750473,3.3218502940831733,368.43358548432604,34.71426979587547,At-Risk,110.9121582452328
11.849284465276774,1.0,307.58849487306674,1.0,New,307.58849487306674
107.2837380548615,4.552388008435118,596.6835589710851,22.928155167591186,At-Risk,131.07045310406107
9.800296356054988,17.216229553317188,3107.0666347871856,41.41414618825277,Champions,180.4731184121858
17.473684110759955,10.668295090743731,314.85022417849865,28.8405149103207,Loyal Regulars,29.51270296710073
30.077646823043246,11.348569160771058,425.43611862574113,18.277391723600662,Loyal Regulars,37.48808440947419
14.625218081910354,8.97310206723524,480.2753780168062,22.813642608452568,Loyal Regulars,53.52389557347216
105.00634148409561,7.884385214469763,650.9502413958301,51.21173044679105,At-Risk,82.56195298539932
8.998175089557572,1.5315743021005421,406.9845589716126,23.322706837354716,New,265.7295557998306
6.8208287809290935,2.416368148138955,956.992060889819,1.8774309904954833,New,396.04563635176106
6.702075137235042,15.750342352561749,1391.707499751183,30.95473370971773,Champions,88.36046027436512
10.690351670888479,29.31061240138434,1010.3691174551201,26.433567322773353,Champions,34.471102262175876
134.6189789057134,11.67887886694685,2111.010899536411,29.4304610277551,At-Risk,180.7545847153976
9.929548322525308,9.978444935458318,476.8837511222046,26.823476510038432,Loyal Regulars,47.79138976130462
4.698499419890055,2.404982318924677,427.61647806430125,45.971451465078786,New,177.80441656448372
17.877119133485962,10.88888817101668,423.4592957943819,21.270952430932123,Loyal Regulars,38.88912156536953
9.651961125292994,8.941246475497671,510.7882012902552,19.10192188813255,Loyal Regulars,57.12718049882689
9.784869796726719,24.273886223956154,1746.138978714261,45.42202082486557,Champions,71.93487530608007
102.74642247041959,8.11168350926473,386.33932754744137,35.68582886060771,At-Risk,47.62751494263618
1.0,2.6751446598948982,188.6368067514475,40.42163272518155,New,70.51461910805926
1.0,1.0,87.62936022393966,34.11809172027203,New,87.62936022393966
12.09381975173721,2.3087992768481658,196.48182406070592,52.68267252782165,New,85.10130180261106
6.164469596684004,25.349592429770976,3075.043888762566,26.899734260121015,Champions,121.3054567753596
5.244947782708596,19.732187308407198,1905.680281038687,33.20780688553472,Champions,96.57724464366619
124.76903444509568,7.649359440774428,808.5684174714625,25.621481422416984,At-Risk,105.70406891346215
120.5594088746117,10.102169470578758,839.7370701381443,40.29745315040712,At-Risk,83.12442912225619
2.4453445239213973,2.0133758127158625,217.47870719037581,24.24044749039574,New,108.01694637277708
28.13581638590285,13.47435776981877,319.0867250127773,21.126347218604117,Loyal Regulars,23.68103403989317
16.894662883133186,10.759586253469424,1108.8184578464954,15.04682092016984,Champions,103.05400521223179
7.88202916374479,18.813716185861168,2075.2939608169013,9.409308910750433,Champions,110.30749801448161
9.191941874187126,2.608451736429679,276.112091510084,30.121664587361295,New,105.85286576473624
12.540314217589927,2.3319954934569345,69.44091134425915,23.2677917876591,New,29.777463781167263
15.2240069668273,20.431521777372133,689.5444855250038,23.385634658200836,Champions,33.749051736746935
124.10212734905068,10.887972717460524,565.6681575881577,39.274593225055966,At-Risk,51.95348778574937
25.917049639892497,10.987710737681477,295.6017562170121,2.559280873861077,Loyal Regulars,26.902943049207646
9.364312590128865,1.6477349650502306,198.65512872852665,27.65322627376579,New,120.56254976811195
6.692190494667991,3.592912089122808,327.37913675586884,16.991648001335907,New,91.11804815569447
11.684182654600257,2.084661280732764,504.9477794944046,1.0,New,242.220539212449
8.377939625902822,12.05518264671396,434.4591882628487,33.302750242208575,Loyal Regulars,36.03920413277812
11.39261975700014,1.0,541.0450780343853,45.031770654611265,New,541.0450780343853
16.12215390760805,14.623027285339163,412.11334248209465,14.3289866565877,Loyal Regulars,28.182491521114343
10.874754386916052,14.850309674903876,1001.502722236768,22.295961427109745,Champions,67.43985439773333
14.414228322139419,11.878972840397962,403.9504785910455,6.0400742793254345,Loyal Regulars,34.005505696358895
13.93095804409223,21.081372957126902,1196.427044943314,34.260231891567344,Champions,56.75280482805758
15.822092163659946,13.260968489328388,833.256619070223,15.095838901323116,Loyal Regulars,62.835276302841436
11.784288805928322,25.315842361747958,1759.5403648790705,40.31064720354735,Champions,69.5035282546127
11.475003136329995,22.152461748015703,2795.278432468383,32.56584163778879,Champions,126.18364786111272
2.576946887818809,1.0560464752779977,111.28554427071926,4.596487198020647,New,105.37940031609313
12.71565425228758,31.62026867696163,2823.7949263575115,25.972688435727626,Champions,89.30331855196772
20.682971052820704,11.090395149868508,497.1657976002743,26.632832037046867,Loyal Regulars,44.82850167932645
8.623585870878939,17.94678090043677,500.4483347069626,25.38217059783348,Loyal Regulars,27.885130903603063
8.786164217180968,3.2472114211424503,153.78391519740686,15.671480113708297,New,47.35876272056897
17.550383368227617,17.822600817545606,323.01359950479406,23.205688407734865,Loyal Regulars,18.123819458874973
11.736360255717276,2.098001914099383,98.16801356788824,9.964679970254071,New,46.79119351996835
73.12113628396821,12.145122780133391,612.5769004101836,23.795545327950443,At-Risk,50.438098609609575
10.653469690123664,1.1168003688448755,241.78744105894432,48.37680197734203,New,216.50014434453396
23.303131161779206,11.162337242364949,305.5692980944467,27.83464808068034,Loyal Regulars,27.375028317071898
121.16439786306677,8.680358138327406,1078.9386834718046,8.851328413714015,At-Risk,124.29656314614942
12.129236742213395,30.069896150135683,2493.478513017763,19.06034013340549,Champions,82.92275106532125
23.43172312901759,16.385397502641915,471.87214240304235,24.31154536120206,Loyal Regulars,28.798333536123224
97.68914616042306,7.930298867448902,286.0956377913861,4.8958439731025365,At-Risk,36.076274371664404
29.307966514451792,14.1125710353695,308.75286387213464,52.60633245578248,Loyal Regulars,21.877860745453514
118.57557055239636,1.0,1090.3746385181494,11.847793783342059,At-Risk,1090.3746385181494
13.08662267588248,12.30590046993632,963.925926077621,28.14871895761896,At-Risk,78.33038536533923
6.639374092149888,19.34933631782037,1178.619403546175,10.63934349693782,Champions,60.91265272290962
23.73063017736333,18.191683606970003,311.6233001547426,14.350200461100492,Loyal Regulars,17.129986805363444
80.01151085322475,5.297309014086275,604.6318556940537,37.52825713970907,At-Risk,114.1394345857971
6.695857707977084,2.7725398075827608,60.566390186448274,10.96758536359023,New,21.84509308786195
29.666102603844003,6.312044402561807,461.03899107729296,11.467002140298812,Loyal Regulars,73.04115143584472
11.871867764734224,12.194829262652227,539.4087744942732,31.09327817316668,Loyal Regulars,44.2325811109354
9.832255732857753,1.0,241.6707304103427,1.0,New,241.6707304103427
14.679506237107017,14.292343216505369,604.3762729822055,22.94487108696123,Loyal Regulars,42.28671700832426
5.571817271826048,22.80781450488508,1083.0888857397003,2.5595098635830666,Champions,47.48762252111966
19.4342752662043,10.964529398271306,412.00713019974665,25.098317270866335,Loyal Regulars,37.57636239861828
22.29832608829091,13.457066877571545,231.40782763848603,3.410900587460201,Loyal Regulars,17.19600784805238
11.360571575482183,1.0,148.92598768049524,25.366502329704147,New,148.92598768049524
28.014671756395263,14.809201251043941,438.8932883589277,11.58334811178306,Loyal Regulars,29.63652670517857
16.268667951940525,12.056973559920324,489.55901024794343,12.390119071497185,Loyal Regulars,40.603805574836024
11.662139048814192,2.277289531210847,176.76301901618626,53.92712406873587,New,77.61991463694142
37.87274464638185,16.26322781420935,462.47362649176563,16.58334711857751,Loyal Regulars,28.436767397902255
18.513878929740656,23.999296987641177,1845.4101280930793,32.880170835652024,Champions,76.89434107354906
8.344116633749858,13.480295964551086,307.32902134868016,11.512789741901944,Loyal Regulars,22.79838826661212
3.301268221182572,17.716225353912822,2035.643370159258,11.819185131254207,Champions,114.90277017218365
12.526087486816321,18.185397458194824,282.7589044763682,15.01500451222899,Loyal Regulars,15.548678830164885
22.065969495977814,12.724356478807287,487.62243604365244,15.71604504986669,Loyal Regulars,38.32197226286445
16.299828928457398,13.026010372263064,661.4495063195515,18.039303566475535,Loyal Regulars,50.77913247543615
10.950942409329112,21.756346715718305,1605.3075785357714,32.419963777074805,Champions,73.78571409583141
121.23669112130796,11.957039593224188,770.05882786081,24.353082907019672,At-Risk,64.40213079976641
3.0315106144675843,3.049498605863319,364.51779889106604,19.18494072816211,New,119.53368274712503
12.950062273868346,18.685899107508426,991.2815664966396,23.316545505437652,Champions,53.049712020457164
132.64191482577144,12.34803440370891,168.2013864187483,24.864211703004628,At-Risk,13.621713458153842
144.78807861929914,9.780664084716701,252.83437552028735,57.7148276411567,At-Risk,25.850430331757043
29.99218157498796,15.448130522873454,375.0058356124545,20.615651426520664,Loyal Regulars,24.275159706684104
7.833526302415312,1.960901078783447,145.58997796548883,30.651960055588688,New,74.24646737193575
19.201323356036397,17.230865601874697,644.423397718908,28.50129796505029,Loyal Regulars,37.39936301568016
8.64964927083037,3.1402532809442802,615.4874350122279,8.724570855123211,New,195.99929685517267
9.042577490107902,15.286785507540538,3468.837418994935,11.732636620232046,Champions,226.91738673796763
8.721315134570794,16.05257168628705,4149.703693925034,10.755111626615914,Champions,258.5070962473838
5.8573849886967535,23.386335943373616,2258.855113815326,20.408823553376923,Champions,96.58867123455309
145.35641510934968,8.905912227557813,784.5771990964789,17.212335019739534,At-Risk,88.0962195729641
28.46842252913452,11.013240388999868,318.3250962943032,23.39295118279884,Loyal Regulars,28.903854365355485
70.23176484556522,9.23351575404789,1232.07000787312,33.25839911714303,At-Risk,133.43454873437472
13.94392057176937,3.2910290551841355,401.94034407063566,9.610594486257238,New,122.1321165297785
13.726861652236728,14.34638471728422,461.4818123873104,46.20555880612505,Loyal Regulars,32.167115373068654
16.63077613874276,12.991558585762785,334.39160227445205,27.6365793951926,Loyal Regulars,25.739144388796106
9.932795369982845,16.487390532284998,814.6640759940943,3.7728321913822995,Champions,49.41134101232389
16.20389653104769,14.112045222964962,456.1972883720011,25.909154906268068,Loyal Regulars,32.326801761492185
9.5442101693805,11.41084388104538,1460.3624022948093,21.720913907732914,Champions,127.98022806364267
6.477866185716664,1.286180502781289,289.6588639595828,34.024523926826774,New,225.2085639093523
4.670611444397818,1.109979250236397,570.6580630712142,7.121992475853208,New,514.1159737442648
121.24342351084611,9.558981720039508,793.3889669598018,6.938836207865126,At-Risk,82.99931835799374
183.5310442859705,6.315550919651349,520.1785887499599,19.372440221722066,At-Risk,82.36472088782976
12.354113851833194,1.5580899829203099,329.3640808548045,9.47936580373159,New,211.3896401782144
13.134528731603098,1.2316443404520876,712.9250357048043,27.58701783100981,New,578.8400208481597
16.48293341485425,2.9083932972673043,273.07564318730783,1.2594498006254256,New,93.89226809313817
2.2316254180011974,1.0,444.69154462309035,21.65253203030774,New,444.69154462309035
44.254099320885075,6.820179956628665,664.764483399302,7.037792116168166,Loyal Regulars,97.47022624428034
117.6635502456527,4.543253476169697,279.6099086503951,23.48905654746667,At-Risk,61.54398166798458
8.82160329690958,1.0,303.49764906512394,6.376326836216499,New,303.49764906512394
85.50728162097828,6.847262261358289,607.1343364454775,38.034457767526604,At-Risk,88.66818784958303
78.1982516165479,7.851323487345252,286.814813711267,11.377352725219037,At-Risk,36.53075996340675
9.365460651845247,21.473426450802634,2109.097004807782,24.137415500047855,Champions,98.21893164744317
13.321190777827987,10.781599063587043,522.6582119959601,45.374723130978815,Loyal Regulars,48.47687332031724
9.95362513044448,2.4466615152789033,148.41945864433058,14.189299220040414,New,60.662031800263854
35.77756761555051,10.467496322840953,269.3957806014056,15.28970135175433,Loyal Regulars,25.736410340413634
5.227137971797765,1.46046481807886,340.98758609765184,20.884631623850705,New,233.47880885360684
30.126199401332443,11.929731122397554,372.75559177937924,12.22695410260466,Loyal Regulars,31.245934041174387
15.391394678580296,2.3190948340235744,444.66607040915295,53.49892326883872,New,191.74121898140228
9.43683645433446,22.36362529117342,1207.8359704488903,30.195570865217412,Champions,54.00895224825666
7.551612803760768,17.635586299235577,1961.285287521141,45.571134269211775,Champions,111.21179949691573
6.289235546339764,1.0,370.42001575228517,36.3366427847902,New,370.42001575228517
8.015681796871627,16.210411154302513,477.4513865118867,33.06302131171321,Loyal Regulars,29.453379187434315
10.339098914548286,1.9550047923569938,77.80006421364799,40.60464433431599,New,39.79533171366329
11.12837785798077,2.261420412729968,110.10931537188674,30.526524049346165,New,48.69033407148018
135.31542945540198,12.454756360201554,570.6164053151068,3.147424858354416,At-Risk,45.815139920237876
7.964415724357421,2.1985786206815168,103.04744571307731,10.317517720186103,New,46.87002991102251
195.28699520816198,3.1993824528695676,421.693264525958,4.619389312982548,At-Risk,131.80458127090614
10.732937748887625,21.758546424067973,1129.3009728908503,24.530548537250375,Champions,51.9014896896645
15.436750300961746,23.00347595492504,1674.8223941969368,6.040335721160083,Champions,72.80736169954166
28.421155340924493,9.582845500161625,624.8122735157151,19.819567641191135,Loyal Regulars,65.20112147328025
6.568169320674122,3.084586391463845,578.8270375579401,19.924739692721175,New,187.6514268362727
11.070845849375344,21.65556114149077,1682.9598704025325,1.6819751214524565,Champions,77.7149047030733
28.167062568019794,11.316703363255971,386.59905312338566,16.452655740806705,Loyal Regulars,34.161808497926
8.421579508561642,20.916845496460272,2502.487497321218,36.71068486675585,Champions,119.63981364898979
5.069741800122207,2.5509243808935405,598.2894131643723,13.32251608443363,New,234.53827861208603
118.88070173879129,1.707647127169575,1389.6479159011315,36.93412026894218,At-Risk,813.7793188013455
121.54324491923668,6.370487506831658,838.0738679469274,31.780728134864553,At-Risk,131.55568817114607
117.62869415896272,10.901897707528317,501.12348221836424,14.705879261839256,At-Risk,45.9666285322337
10.87998673588706,24.684988373869277,3085.020972483132,1.0,Champions,124.97558944564197
14.425154840239555,14.993411143575443,1177.4976044242364,34.730559942160916,Champions,78.53433705970137
133.7841961900143,8.328943263722026,904.2765386315946,17.01934380957304,At-Risk,108.57038041912328
152.22714556970004,14.010528231204026,417.74352028383083,27.618627681754848,At-Risk,29.81640045187155
247.1541471747014,12.737556508944895,783.2263504066066,27.850195755895285,At-Risk,61.489529004765494
79.15819357286712,7.653503362103196,738.8874770430671,22.268587457756944,At-Risk,96.54238615765362
14.303566670536295,10.977310261664948,420.3266870324228,28.215716111855013,Loyal Regulars,38.29049894857131
15.4662957975188,13.185428457095176,368.21118935455036,38.0369541718262,Loyal Regulars,27.925614291010255
41.37410703805348,14.12898559691363,376.2089793610165,4.861496831812801,Loyal Regulars,26.626750857697562
25.914608205399226,11.155890024282897,742.261129208647,27.381702584202625,Loyal Regulars,66.53535733975289
28.52548139776038,10.49814556203404,602.395277731033,19.03673708706698,Loyal Regulars,57.38111309006441
6.293696234377901,17.926880630534903,3380.8661352011572,10.565569496753685,Champions,188.59199237610358
4.163914657346798,4.277430448556098,570.262737255752,25.69988036869231,New,133.3189970273512
103.42107736656565,5.60926703210993,1290.2268884859177,16.123549277422693,At-Risk,230.0170202452633
28.732668955019776,9.77845253849664,464.69214722319094,45.89854821368539,Loyal Regulars,47.52205375991257
10.196865604247135,15.244351408885596,324.33913385476467,18.726437839837317,Loyal Regulars,21.276020550517785
11.88536479495449,1.3859152246556317,266.32075049955677,18.635128897585624,New,192.16236733796717
25.412916414212205,10.925811991286476,443.37853751838986,8.15492223786708,Loyal Regulars,40.580831692142596
74.42283995633701,7.767931460537437,1206.1717518866662,4.954820390421098,At-Risk,155.27579742615484
10.726616309835302,3.141480768103218,893.5438467500348,29.059401958917956,New,284.4339700635965
22.723523548012363,12.196597742490152,250.99028790275125,21.070695377734783,Loyal Regulars,20.578713277421507
35.72901977100472,7.784506917969119,488.21359339615634,21.864509331051764,Loyal Regulars,62.71605877428203
16.466465646616047,13.453930533935107,378.6211190108213,14.018865908846283,Loyal Regulars,28.142045037011155
10.492889163213844,15.685183105003153,420.3391965660652,28.742077713785836,Loyal Regulars,26.798488341011986
1.2982189598939806,2.1268669762958425,234.17507177804697,25.403762808286643,New,110.10329954245043
21.941154170590895,11.975160348211238,395.77221236971735,8.65548038667754,Loyal Regulars,33.04942905660841
38.87817547463689,12.32234610809195,470.2255084109239,18.670542547613817,Loyal Regulars,38.16038798830135
63.82923607637004,8.079756023978296,1031.7681804426647,7.579988429386589,At-Risk,127.69793758384358
6.707960642091919,15.286567234487428,534.0730505072576,26.815146970721244,Loyal Regulars,34.93740892346034
1.0151897112443429,1.2561390729043658,77.48167985823794,34.463705996628086,New,61.682405658387545
103.72225004909764,6.916188724989663,1292.4766409130425,2.6761603280871,At-Risk,186.87700586351107
13.237436280179452,14.321673542729597,520.743850508244,20.396300901164242,Loyal Regulars,36.36054466362277
158.95576512869604,6.6828382696851865,1012.2808211071047,23.905145815521163,At-Risk,151.47468489534327
8.163476126266353,1.0573200854686595,195.26107039223072,36.55262701257479,New,184.6754573906357
7.623400177212822,26.97573810467117,1881.4367434770043,11.57906263151231,Champions,69.74551488365803
11.300187458951674,1.809928327099255,232.12037795110513,39.181919345859924,New,128.24838115171167
74.88876940433144,9.297783355178456,1030.986924965447,30.602429952317287,At-Risk,110.88523851130955
10.010059114338308,12.37409183295404,372.5375572656026,30.754295042188694,Loyal Regulars,30.106254446365096
1.9865170704948492,2.2466831496107442,404.9407882088566,25.513982357171695,New,180.23938456965587
4.050068230661985,3.257778950869443,162.41339714314842,26.691472793003093,New,49.85402619161843
144.6725679875912,10.347676477145477,214.81831434869673,47.07535432879892,At-Risk,20.760053218049276
32.07896546496252,14.668038761317048,497.90298634111514,20.932323539426452,Loyal Regulars,33.94475529027088
27.499015735357183,17.062659118459916,692.4923424778387,27.552396924511406,Loyal Regulars,40.585253310759654
104.8077395284042,8.185749451039877,761.3153927177553,15.563171029226375,At-Risk,93.00497129447831
23.89454837719427,15.027299411202016,270.23281013051013,9.412123578336459,Loyal Regulars,17.98279269853814
10.825766894048847,1.0,551.0602481857779,33.608629460035864,New,551.0602481857779
141.17653628502887,13.405225843241439,1094.1631915592627,24.023992276981048,At-Risk,81.62213784043861
5.345890859351764,1.4925994235995748,77.61278424944338,13.646399765120758,New,51.998401595433585
70.60747652354085,10.998008997423467,688.1154193764472,9.885596200278805,At-Risk,62.56727190691096
34.21375877694096,6.4252720136623935,608.0277110555381,16.362047401820952,Loyal Regulars,94.6306568442016
2.535523794506253,3.5713358160823674,320.5022177308822,47.4113217922403,New,89.74295172344283
119.92320587294616,14.844898631828185,1624.0189625692697,36.29906031750479,At-Risk,109.39912779783447
42.52132269178338,11.910695203424263,541.7637459489082,21.387783678784118,At-Risk,45.48548482654093
8.4729626647885,1.1125361752578402,566.5026900597302,18.175245565030522,New,509.1993434985951
9.08636579114312,3.886189158556082,137.24050362631385,17.55367447183898,New,35.31493142173906
8.155236002442772,3.1049404889577255,232.25223819066633,33.02860479255214,New,74.80086623773887
75.55580396329768,5.942441971470071,567.522685258927,25.75125952973729,At-Risk,95.5032776060126
164.1871686161012,10.186142702223037,1896.9438594528458,12.713637413985403,At-Risk,186.2278896837813
134.97545806825053,8.981029606367944,981.2279182403145,17.801871094070005,At-Risk,109.25561558605494
45.52619387029954,5.2613660398435185,745.7459663010716,6.556808640820428,At-Risk,141.73998932095805
28.835960201644543,14.163676118399376,319.1440895415702,19.1072307407468,Loyal Regulars,22.53257465602344
17.679473808501985,15.262363860445394,610.5643568787845,37.78490819787291,Loyal Regulars,40.004573502611194
14.108643331087965,1.1908740150589603,620.1332285281072,3.1846620367536573,New,520.7378956013281
2.7762249658889715,5.220400666528548,1419.7272437722563,52.49527860031718,At-Risk,271.9575248074481
4.5403315191269495,2.600959284699897,258.20546925252415,9.628940531590114,New,99.2731684695773
1.198782812039128,1.0,355.8504518359989,20.01068958792276,New,355.8504518359989
25.930254135880173,12.796585947349415,641.1957826492402,29.27908760025197,Loyal Regulars,50.10678514467779
25.016876801193327,17.631409425994928,328.29700886992924,6.7893335105087615,Loyal Regulars,18.62000937859814
13.788204734813089,8.257116602568622,447.8150637931569,53.35581430692388,Loyal Regulars,54.233830687803376
11.982720152599985,1.5445187511451828,324.2829365804375,30.866909042247293,New,209.95726749189546
20.35726624770773,3.8885469597799798,513.7979347153066,1.5341339707992496,Loyal Regulars,132.13108650342187
19.393828188321404,14.927969849447525,241.95944084731315,27.613358005208323,Loyal Regulars,16.20846258985899
9.960054686828784,2.9277423995512053,149.36288072201265,9.475215266606536,New,51.01640115090335
30.62783048633385,12.769903143244589,354.863658662973,22.872174806584542,Loyal Regulars,27.78906423035006
8.161850503635153,1.5438438038846423,609.7324605167789,44.71358849603412,New,394.94439721334584
22.5635961107683,9.170520226891831,482.54962691155436,35.79887963334485,Loyal Regulars,52.61965678855551
2.913878294491793,2.579281971320933,195.81089231515887,47.09395244415087,New,75.91682277951094
17.011888022553226,13.861117181794073,332.0488425092191,21.945207070892085,Loyal Regulars,23.955417024058473
11.947889923142327,18.113900770200203,1688.9071932269446,18.25076194905624,Champions,93.23818291007885
190.14764106804324,10.384796758746884,828.3994906774849,21.913947598864603,At-Risk,79.77040956335928
8.511283298237078,3.5020292518431306,291.4076426240654,32.71234839646969,New,83.21108182368737
5.260224934331902,19.409885279038587,1267.0936276469238,29.310547490448634,Champions,65.28084063512227
2.6776362693691382,2.335042367537413,141.9435575212648,18.869227624894503,New,60.78842914998652
14.515889170883566,17.383414239728815,1419.4144620359907,20.565324601911968,Champions,81.65337617002757
13.12256337713345,2.7260983614463346,399.0910727310397,41.75508448381122,New,146.3964317557865
7.380849218282439,20.045704222242637,1013.0786037305764,44.747944090628444,Champions,50.53843918371639
1.0,2.3693580596999047,496.3953804359953,19.093210917494524,New,209.50627466532737
18.486034427452868,8.778892761846597,252.96425053254674,9.413965693851658,Loyal Regulars,28.81505189719813
21.05438741608656,10.42675532108687,626.6727952733554,24.124026758188258,Loyal Regulars,60.10237854205558
14.74811114545021,12.532773350770777,339.90264068996146,56.874049597299674,Loyal Regulars,27.12110330065589
19.07357192022587,15.318018874508358,592.7886081823095,38.84460650210963,Loyal Regulars,38.698777762234315
8.792240252498674,1.4829857750456399,161.73038769592438,27.111451698418897,New,109.0572751386958
4.211550110307651,20.706049685489788,2628.632032677922,14.61100399246265,Champions,126.94995291738302
1.0,3.7783209067198227,396.60004895302797,17.5944487240895,New,104.96727481449935
196.2024085625788,6.2117333010315,446.3300131468611,7.3626929607576805,At-Risk,71.85273280691962
8.65936906560576,1.0,235.56999410342587,23.291493392339333,New,235.56999410342587
7.724489504788553,1.0,761.9106802172952,24.11007897818555,New,761.9106802172952
12.613198613939264,3.479462143852193,348.34176843568355,43.71192352123481,New,100.11368252738808
1.0,2.390454932053882,142.50535564085027,23.392462643316108,New,59.614324340517676
7.349869692507551,2.604791582550568,327.2328717771572,12.217081848590361,New,125.62727627395674
24.299470833818695,7.352228470967269,433.2008300168983,20.85474932706445,Loyal Regulars,58.92102397627284
114.71085373875312,8.44952724196184,404.1518553837382,15.25667417688567,At-Risk,47.83129798986255
191.77480218401436,13.050758628614068,487.2268977251604,30.078997850283045,At-Risk,37.33322418950459
21.60680237820744,10.251018349007797,372.44183480109876,6.274284418650872,Loyal Regulars,36.332179118296835
124.84711797197848,2.576909420675202,374.2624363934392,27.765828241285462,At-Risk,145.23693902107547
14.952307222942956,3.751693841884334,461.2491287082534,35.0963903612375,Loyal Regulars,122.94423483036275
36.105971638356806,13.617913658828622,236.87133102172288,34.39639481982048,Loyal Regulars,17.39409846148914
129.7641755591341,9.36507116104256,802.7330234954222,25.944714708754496,At-Risk,85.71563522492856
2.1958592453846544,11.79931159587591,2227.1252389453844,16.36061660277317,Champions,188.75043860387655
23.029114590704285,11.060873142221384,404.95402846691036,35.130549327762516,Loyal Regulars,36.6113979665065
9.158302221182588,3.202700806536146,324.37328081797284,22.871817910978134,New,101.28116874232659
23.040186392388904,14.37752223501782,413.18763911466516,14.933511375113659,Loyal Regulars,28.738445495727174
6.645531864645314,2.13820512935328,542.8830789534969,14.599187353240556,New,253.8966311046578
4.853277578327478,3.123094630441539,529.5911838033829,26.663793332115254,New,169.57257030937612
1.0,1.819692977150466,227.40888830752849,30.72395013878708,New,124.9710204760133
1.5693498164560458,1.0,304.689250687893,27.81598433296857,New,304.689250687893
6.015430793811042,1.966396560043858,245.4746581065039,36.6766270323706,New,124.8347678664719
11.599096906893747,12.97311287008567,815.397073995553,13.018126609848887,Champions,62.852846665333026
16.390597142084683,21.26553658458085,532.7523990288557,35.79499447754114,Loyal Regulars,25.05238449591449
8.26876281495251,1.3009781468960737,332.0201719017158,22.49946700968139,New,255.2081083712766
13.644955504810087,1.2059564583011466,83.07242228245968,11.62557517872498,New,68.88509258409326
146.8031696880876,10.323484111596114,231.92263038702617,44.51932744814485,At-Risk,22.465538560427795
6.50331046124139,1.1532559071159798,338.5522720163928,4.571138158582023,New,293.5621399616603
10.894382195098729,27.347654113285255,1583.5187886278015,3.231940733913383,Champions,57.903276897836065
7.95102908371385,21.26242001436136,1715.6809560682204,19.13676881460802,Champions,80.69076591043688
22.18364603890711,10.800839831130709,390.07960355172327,1.3708606731464634,Loyal Regulars,36.11567337823275
27.755278325985643,7.1158733581463665,342.37224600247214,21.964963530032517,Loyal Regulars,48.113875665102846
86.19818688123397,4.274733413364823,683.1680071329823,5.195300997174741,At-Risk,159.8153477821748
4.1167748219893685,20.131128371505042,966.5145676611335,27.337724717455522,Champions,48.010948508440464
11.461776257456313,27.50737844512668,3598.6279703998453,40.3517116776401,Champions,130.82409788990245
25.347341482288076,12.677579508949657,501.72986589522554,18.13580917244445,Loyal Regulars,39.5761561219973
135.83735497723293,8.731257441204944,260.0842500075694,38.27546406345172,At-Risk,29.78771978251014
3.496539081436617,3.259114849334736,226.3671589321374,40.70485105169106,New,69.45663758315985
23.2154262646305,11.467567538719237,367.3516418934929,29.044345510111487,Loyal Regulars,32.033963667810305
63.326316296125036,9.6786211118485,547.1161931033508,24.879303775028358,At-Risk,56.52832017916013
19.93200623361382,7.733610656862497,786.9781381736203,24.099382919495124,At-Risk,101.76076519643348
106.52672129437629,9.950747016735093,568.1655315546279,12.98695755098983,At-Risk,57.0977767396851
1.332628406328995,1.0,175.7012593166935,15.885039631636616,New,175.7012593166935
179.1709804269692,4.996125701730367,657.6397982324625,41.72872397969603,At-Risk,131.6299543873955
1.8604222465407831,1.0,201.880466651289,30.96475157830324,New,201.880466651289
6.077249449910417,1.6356227071067582,388.1452102944786,21.998691191976164,New,237.3073011324635
17.986923566767146,24.621248144426787,693.8778095260221,4.561536067298761,Champions,28.182072876881623
10.651012260420023,20.928679558505024,957.353783317964,13.17092286248985,Champions,45.74363043983409
11.846181040185641,2.044217002900183,206.76026034444405,39.47915638341889,New,101.14398816324685
7.542299902908961,1.2499982637514884,290.6543239822808,24.94341203438145,New,232.5237821610812
7.440993869001009,15.311971229620736,2004.7838517764826,10.318068970485234,Champions,130.92918094688318
12.68338977338119,5.587498211758237,432.04865297056,27.75255095129762,Loyal Regulars,77.32416845545724
12.359671832597256,1.149180377617307,185.56110441334823,35.61270464135369,New,161.47256603709835
21.23263993719095,8.763128438854098,317.3809455322907,20.17592291307835,Loyal Regulars,36.21776717605576
25.63318513311828,8.054912683386739,386.015664461314,30.2038856659337,Loyal Regulars,47.92301042039493
12.84490631917142,21.886154090180558,1156.3761144137807,23.020946763778547,Champions,52.835966961075194
39.77447260844376,11.477476313336403,276.76909379358364,17.677761648153876,Loyal Regulars,24.114107164132257
11.870037369008182,18.689307622552157,1613.3150421161247,14.32081314831153,Champions,86.32288978802818
10.521098085891543,20.937603570794785,1337.5421173168259,12.949795226290469,Champions,63.88229258397661
12.97301668481377,16.49255688732965,1676.2295985349356,6.067132562168322,Champions,101.63552019169892
12.394770138504462,4.703985107279387,136.5961464393425,14.021726728003483,New,29.038388371587498
137.7525083753242,9.6985632757245,1560.7571581316317,24.45027878807518,At-Risk,160.92663560160568
5.102123873117999,22.096751371251084,1293.3805336402181,21.56503218245343,Champions,58.5326101520501
20.94931335779197,16.83573143240247,557.0844756339986,31.083846875836684,Loyal Regulars,33.08941330353013
103.92029679483181,4.784112343129342,600.9603915751297,10.038314402492748,At-Risk,125.61586109870377
19.047771947199,12.832032539160645,448.36197504288106,42.58470670155434,Loyal Regulars,34.94083838040274
4.171376720577334,26.91479057762237,3945.792199120275,44.01465133343424,Champions,146.6031172615144
14.190844778509124,9.10496182566147,582.9388328552976,8.378126973346827,Loyal Regulars,64.0243027941468
116.48493030337518,9.096091226191303,151.7433471053219,26.975370730222497,At-Risk,16.68225871222485
1.0,1.3557917496135516,309.80338867541116,33.83337087141477,New,228.50366862294007
7.019978510774921,2.7889078833832395,165.10042457410475,23.610308112990538,New,59.19895223424179
8.282483459966164,1.6453026970403224,211.92442107355785,25.429487152395332,New,128.80573371379097
161.9735844217363,10.070313274292037,1687.7621869077823,24.641494951409687,At-Risk,167.59778379649617
1.876476111747298,2.6216013131209714,78.35982031945609,33.05834270968852,New,29.89005991386618
100.40999268395163,9.84229753133787,881.0694343645858,37.59227784623506,At-Risk,89.51867504099131
7.827625674826836,2.5044446476624684,626.0734639216047,14.58889789301784,New,249.9849475635057
1.0,2.4963430343407316,629.8026745366991,32.47839015477393,New,252.29011633131822
1.0,1.487938580680873,91.05850577820553,21.88544329245629,New,61.19775840245881
13.249520171802214,15.010428872632993,244.68523271601768,36.13992496447976,Loyal Regulars,16.301015433484896
20.033063061238927,14.589452216112416,667.1256703406123,15.215904805131427,Loyal Regulars,45.72657427150326
32.92785939329638,12.64652390790527,339.0569116710291,9.79489083527766,Loyal Regulars,26.81028511392657
118.13650918642642,5.0341185516961815,1074.698313827038,14.877718936573133,At-Risk,213.4829171762219
76.65204690567758,7.387794246683454,234.58052579111094,15.307889767101587,At-Risk,31.752444364083285
7.099095741856987,21.53357545741398,2066.7199233564766,31.624453714335328,Champions,95.9766262432237
2.195440218066305,1.7056522764727502,424.8151809497363,25.304425833760916,New,249.06318058464083
3.424376702602494,1.9132952991578764,321.3071049039606,51.595968835378066,New,167.93388090452197
90.82852254505354,12.550377971417744,486.7245201027405,16.57264136890364,At-Risk,38.7816622902679
13.7947479118845,1.9627507474478731,529.5110739362985,20.465174944060664,New,269.7800903272163
12.302648539807226,4.206525307140402,866.2130027872197,13.142309961426935,New,205.92126269081493
21.66200478091299,11.060538183275158,510.54883115063336,38.783752839180266,Loyal Regulars,46.159492665794836
32.00988691061768,11.021268955128516,408.34031072985243,7.873213059703996,Loyal Regulars,37.05020831923713
9.17824976852948,15.788405957184203,1454.7681165366755,12.288494206621142,Champions,92.14154490844669
1.0,2.013898209332511,172.1025653813939,17.57693320043306,New,85.45743006466836
100.68839365101421,12.655640360367466,727.3228626585807,25.336205152777335,At-Risk,57.4702537325786
5.840063575038018,25.629927445254868,1956.1048210696013,17.069533351732193,Champions,76.32112206512528
14.214114512473286,12.300508913980421,458.6302420957328,29.63672807682058,Loyal Regulars,37.28546886173679
11.397692958229003,14.924255445259744,947.2739359587373,19.70963869734558,Loyal Regulars,63.472106828593
10.54910353888059,2.979585341155973,681.3394119411208,19.626858983229102,New,228.66920525148825
11.827100950229646,21.920573613566443,1976.7945487358202,33.80131040640949,Champions,90.17987319056286
163.99918601368336,12.4160436994704,192.4133158444941,16.459546702566257,At-Risk,15.497151951285527
12.463917690301983,17.083664649025565,2621.0199021253125,20.274192285648674,Champions,153.42257975514713
20.105893382413363,8.604040679769117,645.7819668001771,12.764144699456478,Loyal Regulars,75.05566173328532
9.966884351270485,2.6774848420913937,81.00973420170038,33.001779158788004,New,30.255907681786674
121.44239707191181,12.860210927408154,610.822120508781,26.528002532695442,At-Risk,47.49705303876272
8.46177019127229,1.720323168867107,145.53783245714777,26.530375225057046,New,84.59912363616513
109.76671714636707,2.5681439600588156,349.60478559415316,16.99583571832582,At-Risk,136.1313037864694
9.606058061962306,20.610250048409874,2093.5418231793833,21.050861999845182,Champions,101.57770130212005
154.63874553668614,7.577036307666744,1164.9347148818927,34.47667920111292,At-Risk,153.74543127148087
19.088668855575328,11.219314108310638,358.55573627063046,45.49078285479498,Loyal Regulars,31.958792918101164
13.951528517550589,1.133583861340561,263.55023860394556,24.086484724516442,New,232.49293465793926
105.7720673771586,13.881453802349082,768.9455788238295,28.922544188154617,At-Risk,55.393735394898265
25.88586688224131,14.883280458360648,452.78481673249905,13.12282728867404,Loyal Regulars,30.42238020033737
121.423059079385,8.02551688016946,823.7756299852316,7.08036356299349,At-Risk,102.64455763849037
14.50896482787213,18.063322266665686,2440.0493900132556,29.355865770516765,Champions,135.0830901420697
166.30031032084537,5.41747496442929,434.38037789904837,15.645455381041202,At-Risk,80.18133553937128
8.282057835847853,1.0,89.34754307142741,22.138436525611194,New,89.34754307142741
133.24160619984784,9.711611108415456,334.7883334082259,21.725333861528657,At-Risk,34.47299625889261
122.52009473338799,7.292511913475441,298.080736133446,38.106078918105354,At-Risk,40.87490561141746
13.726292051496976,17.025647084749743,1696.1914225140026,25.003452928926688,Champions,99.62566556623388
29.905282411918797,10.955490627489976,397.4713705136126,7.407141956416478,Loyal Regulars,36.28056323796771
22.076334124572305,11.153956554194371,241.6474950262879,20.340933948730054,Loyal Regulars,21.664733393229685
9.519187128187815,4.57251743696973,514.2606369692033,35.74609609484639,New,112.4677257239747
36.61369060687219,15.405824194959566,467.3984335732259,42.724211158493496,Loyal Regulars,30.33907356453853
10.893308169075834,1.201194255107018,211.54306008783433,23.69233127582791,New,176.1106159044919
16.40897903775692,10.503187350114162,323.5243569031992,27.92893314237048,Loyal Regulars,30.80249319742761
10.375640336740044,2.2242973071815944,191.26876914106603,36.94811567083336,New,85.99064905735221
11.129576200495686,11.89596224994423,747.2228956583563,49.72136189732376,Loyal Regulars,62.81315289663595
116.26805401386034,8.541091829079194,511.13937576763624,15.245073670372243,At-Risk,59.84473484144024
4.919754872219373,2.0112776966186603,246.30971190464325,6.450511381750168,New,122.46429835061396
24.452933325420435,10.175256158402648,739.987049416116,28.820987031836957,Loyal Regulars,72.72416909180613
10.75929385765646,3.291686465658673,278.584884813232,18.95389987875731,New,84.63287367118261
5.687221418377099,4.76743589203226,200.83312934458914,2.796457222439347,New,42.126026210491545
16.603711728925,14.348936464430533,3444.198358939142,22.18737746871685,Champions,240.0316126199972
10.163940821123218,10.328488418840701,597.1091132893424,12.656921377519485,Loyal Regulars,57.81185872272718
2.38521475446435,2.7494570154065636,1028.2422127841858,38.031241308842056,New,373.98010116995374
11.368971968338789,2.1931815798131984,483.12410341587247,19.551475386322743,New,220.28458922996333
5.532658954230621,1.0,135.40305644738353,34.43610908033389,New,135.40305644738353
11.278090305856914,1.4784613552136165,114.93332297265606,15.666417096895763,New,77.73846950233599
6.536675537227027,19.464708141935837,2065.7076803759,38.5502260419792,Champions,106.12579779325979
3.6017878631624676,1.971982215104256,259.9689173047448,16.97545797632348,New,131.83126871709672
4.097832726777744,2.7903934769661722,170.5662037359994,16.388028077693455,New,61.126219346472176
26.066824261152526,10.135614097266677,246.08250297887673,10.21008851353637,Loyal Regulars,24.27899292705304
3.977366848875932,1.8167024435727401,267.0345868049933,51.97229605869684,New,146.98862092123417
156.34405439568445,9.79504114122465,348.64662237086503,39.17447771205644,At-Risk,35.594196833284016
7.2762818223842345,20.969987165084888,1293.4142552304236,24.385292087651216,Champions,61.67930600281737
95.11329198982968,3.4780230566808576,1249.4624049929446,45.57945241107675,At-Risk,359.2450034489794
12.80367153797232,2.2113864750482675,177.4290971325088,22.639752025922316,New,80.23432318796111
6.139532951070512,19.389909870190564,1757.6409987281643,38.995983204525324,Champions,90.64719797539163
119.50722828282755,13.31402372680305,878.3434031350984,1.0,At-Risk,65.97129621805213
17.257242776721306,9.461693591468007,376.29081660538765,1.0,Loyal Regulars,39.76992205123872
9.281923146869598,20.21741434156153,1997.4256370207165,8.996213532922244,Champions,98.7972845229051
145.27925935045582,5.622422508626256,443.7480030247646,34.975488647842155,At-Risk,78.92469880090654
10.893386184312458,13.547875430303533,373.97288927892384,1.0,Loyal Regulars,27.603803356682118
53.79618627259265,6.65852702801016,245.00206854626637,11.314141510340708,At-Risk,36.795235269846614
8.054927567637629,1.6678314701609946,344.7103295217663,31.770889236740228,New,206.68175153721717
168.01225033037286,10.250365436410833,1365.60487479018,17.617470072686913,At-Risk,133.2249941001466
3.6421738959614345,9.544507192768846,491.2953910584176,33.00508265284292,Loyal Regulars,51.474149595762796
122.79678323979302,1.0,662.2231973677035,33.02155759002547,At-Risk,662.2231973677035
16.88591420128862,2.2792415539335624,401.1087374370679,46.655087658353594,New,175.98342604136278
8.440760787376927,26.04491373310689,1564.453450424029,29.373764600672523,Champions,60.06752283596087
7.94901942187477,2.055939350132401,193.38139759952227,1.0,New,94.05987466851523
21.48410645267795,7.391183057867266,334.19572610240635,11.68321855061768,Loyal Regulars,45.21545786187562
6.378083778559757,21.311981934856437,994.2370587485689,21.586744145774034,Champions,46.65155318672929
128.92488073624665,9.232947730702627,660.694864730367,16.047583099736833,At-Risk,71.55838893502414
10.04997647491075,20.209867193424973,2147.6307646646746,41.98049328356078,Champions,106.26644619235199
8.198467632987809,1.2018466422451661,58.949590663144434,27.627098621825535,New,49.049178648135076
120.24066721744286,4.0385330475288885,580.8752018633647,5.991967166617933,At-Risk,143.83321741511875
94.87735665098504,6.066898639360931,882.4747791961829,12.717345492891397,At-Risk,145.45731380294498
11.321768371199656,2.062698303236714,156.49283665570567,25.379206938972153,New,75.86802025780628
10.717102539825264,19.23739576997936,1267.6521119771091,37.53622628819163,Champions,65.89520365097053
4.328061213043495,2.4776107297567704,483.060170126724,10.967117008650252,New,194.97016392649644
9.260550545818958,19.104564732478003,1875.9128314480313,18.71217094116309,Champions,98.19186449503115
11.834336466645304,2.651540620643959,129.7446065545959,9.963887987706972,New,48.93178160064763
5.466851143986077,21.265977046693234,1536.3560733973043,27.26843706329088,Champions,72.2447912938099
6.1999117803576755,18.662175310576494,4760.776217808254,13.073101392942617,Champions,255.10296300293348
131.15457138588954,9.35095183413144,311.8812829714907,30.928830930231,At-Risk,33.35289160971918
21.880959545213322,11.832163703864195,489.5731095075531,9.423980072297262,Loyal Regulars,41.37646518089218
119.94429394226604,8.751338900782281,411.69637485468553,38.554604300677866,At-Risk,47.043815754625165
8.574944115754295,23.455312054792753,1355.8826272599395,11.630235356746155,Champions,57.80705982902856
