customer_id,recency,frequency,monetary
1802,175,6,761.94
1191,28,2,236.18
1818,175,4,400.0
252,7,9,2816.64
2506,304,2,241.02
1118,2,2,541.78
1412,33,1,436.19
2114,232,1,225.64
409,35,9,1377.92
2580,329,4,364.55
2255,207,1,541.93
53,42,12,1990.09
645,52,4,764.15
1764,90,4,1022.58
2777,352,1,458.44
901,52,8,1181.8
1074,54,1,313.31
473,23,5,885.61
2739,209,2,161.73
2547,271,3,174.57
45,4,15,2633.16
290,13,8,2342.92
913,15,6,907.62
2084,117,5,1394.57
1361,11,4,100.0
2896,210,1,580.28
2604,374,2,394.71
1227,21,1,522.1
297,22,8,2562.91
1242,16,2,723.24
1006,15,8,665.81
1666,223,4,1019.86
747,25,4,1296.53
2852,181,1,260.91
292,1,17,2470.22
782,67,5,940.09
2145,400,1,65.25
323,16,10,3010.98
299,14,11,3233.06
1299,16,1,461.45
195,6,8,1698.7
64,6,15,3936.7
394,22,12,2755.83
728,75,8,1736.59
1584,270,4,833.21
1548,98,4,1305.03
2426,187,4,247.12
15,3,14,3325.48
2568,221,1,360.38
1601,153,3,687.24
1091,49,1,367.89
2112,345,2,457.01
204,34,12,1982.45
2419,290,2,432.84
153,2,8,1498.77
2902,287,3,367.26
1360,60,3,402.91
773,50,5,1129.29
2679,199,2,455.55
1002,43,6,855.85
719,24,4,963.06
613,54,4,1119.4
843,43,9,1790.77
267,17,12,1464.25
52,22,10,2055.62
1196,10,2,274.17
1271,19,4,244.44
1492,17,1,539.24
1583,185,5,499.21
522,55,7,2394.1
1695,96,3,976.04
2664,244,1,357.92
2749,334,1,463.44
1922,125,5,1287.1
103,5,9,2523.0
696,85,5,1772.55
2333,150,2,551.14
2725,251,2,94.58
2273,150,2,497.4
2483,400,2,370.92
1843,129,3,586.31
1831,198,6,1274.45
795,15,6,1187.42
1821,165,5,1047.32
2002,182,3,999.4
145,5,16,3977.31
2526,358,2,223.03
1331,1,4,640.65
2478,384,2,227.4
2882,209,2,287.08
322,18,8,3449.62
1262,18,3,255.6
2415,157,2,371.71
1270,5,2,295.08
1761,177,5,939.91
417,5,11,1961.21
2632,199,1,385.64
2292,273,4,318.56
175,15,9,2143.05
1726,117,5,984.21
2176,304,2,466.27
46,16,10,2893.96
686,63,4,1326.46
1608,113,3,988.7
1232,19,1,642.45
863,15,8,759.08
1966,122,5,400.0
332,21,8,2837.54
94,12,11,3435.44
1642,93,3,400.0
2987,239,1,482.24
507,45,4,2379.64
2910,286,2,80.68
2046,139,6,1104.68
496,43,5,1525.28
2133,173,1,360.0
1,7,12,3250.63
315,27,9,2620.34
1273,4,1,280.58
1942,194,6,509.0
2968,303,4,468.33
1317,7,1,221.66
756,52,4,1019.34
1771,202,4,1153.81
1201,23,2,408.38
2175,162,2,136.6
1992,150,6,404.42
880,36,6,1125.07
766,39,4,1528.14
928,61,5,1285.89
2378,326,1,390.61
1375,2,1,100.0
1815,180,5,1473.48
1799,141,5,400.0
930,81,7,1594.18
437,1,14,3842.16
197,19,13,3938.15
1763,90,5,1125.18
1065,3,2,190.83
2343,257,2,244.28
2529,252,3,396.0
1269,23,2,620.66
2324,213,1,298.47
2780,222,1,298.01
2226,229,1,253.28
451,51,4,833.52
2165,315,1,50.0
2373,150,2,138.95
2013,198,7,1130.74
271,24,9,2462.46
1841,109,3,472.72
2935,309,4,358.3
979,36,5,1417.39
2167,346,3,215.52
355,1,8,3813.61
1877,228,4,1037.8
185,4,10,2497.12
2745,154,1,571.73
1615,214,3,1290.26
2760,150,3,302.15
1707,90,4,1431.69
1862,189,3,1215.59
247,8,11,3021.86
556,15,8,1413.85
1753,124,6,913.78
1365,17,3,235.71
68,24,12,2767.57
2619,269,2,388.66
2285,246,2,403.24
533,40,5,1422.21
2874,286,1,490.87
2706,150,2,267.69
1503,203,6,1287.82
762,30,6,878.27
2753,388,1,229.46
1212,34,1,589.23
2244,226,1,249.67
1794,124,4,1107.26
536,38,4,1081.96
1747,163,5,1314.43
464,26,4,704.94
2678,198,4,389.86
1840,90,3,783.31
2863,150,2,241.25
125,3,16,3456.04
179,41,12,1232.88
193,34,13,2302.26
2308,199,5,334.11
1430,10,1,378.75
1692,160,3,1342.46
742,80,6,1385.32
1035,32,6,1223.59
1967,120,3,899.23
479,48,4,664.56
1028,73,5,1379.69
2602,295,1,222.02
369,3,10,2975.8
2524,201,1,317.5
846,53,6,761.08
257,41,9,2479.56
1223,3,2,478.48
1993,90,4,716.6
212,17,18,2658.08
2690,277,4,277.45
1950,103,3,1515.05
1363,41,1,396.37
2152,283,1,486.76
2154,272,2,356.3
568,26,5,1460.45
2207,400,1,204.12
2094,90,3,1011.34
1711,184,4,827.95
1264,17,2,565.87
2124,276,1,309.53
799,45,4,1056.15
81,29,8,4521.55
33,1,8,1696.69
415,14,15,2264.04
1805,124,3,1172.01
2214,249,1,242.28
1322,20,3,543.68
1568,194,7,893.09
784,46,8,783.18
2992,191,4,132.72
1413,17,3,412.68
458,53,5,1295.76
140,45,14,2048.74
2231,400,1,347.82
1026,53,7,1044.59
89,32,8,2972.52
1443,3,1,530.61
1832,149,3,685.69
2577,262,2,497.43
255,2,13,2059.76
606,29,6,1126.19
1045,48,4,1485.84
569,36,5,1543.38
1733,143,4,848.7
2543,343,4,108.44
858,71,5,1107.79
2473,261,3,366.69
818,29,5,1347.49
2031,187,5,657.59
1878,172,6,682.67
142,4,16,3197.97
444,6,8,1688.19
1175,2,3,331.05
487,15,4,1045.15
882,44,4,500.0
2565,216,1,301.5
1085,3,4,100.0
1300,13,2,453.55
176,2,8,1000.0
1095,14,2,498.66
2701,160,2,392.61
2847,201,1,148.78
1964,90,6,647.25
2682,216,1,102.87
2098,186,3,1500.07
2156,199,1,122.54
1557,226,4,690.6
1671,197,3,792.03
178,7,12,1000.0
1079,27,1,311.6
599,69,5,1680.03
2191,180,1,624.83
2532,288,3,269.91
2668,359,4,221.64
2787,199,1,236.63
480,38,4,1477.17
1968,119,8,1085.76
1058,1,2,592.57
2269,191,2,192.32
534,74,5,832.53
1104,10,2,451.61
1107,22,3,326.84
2928,246,1,221.74
1124,15,4,354.5
943,46,6,1456.19
163,15,11,2657.22
1552,138,6,785.88
966,28,9,1096.46
472,57,5,2145.55
845,23,9,1286.71
999,66,6,1333.67
1905,140,6,400.0
31,14,9,1424.44
2891,196,3,56.55
424,10,14,2831.04
512,61,10,1418.91
2759,218,2,479.76
2738,260,3,442.48
1394,13,2,497.85
1587,128,4,806.71
1930,121,3,937.88
2498,263,1,412.93
788,37,5,681.55
2637,276,1,351.84
2539,179,1,410.51
403,10,9,2597.84
434,1,13,4563.77
1152,17,1,314.4
74,25,14,1915.26
1537,162,3,1662.27
2710,269,3,170.93
622,66,6,1515.62
1438,60,4,782.35
1560,90,4,537.83
1567,90,8,1337.45
325,45,8,3806.75
333,1,10,3790.97
1393,2,3,289.15
651,51,7,836.9
2237,160,2,306.89
1534,90,5,869.88
2164,275,2,446.48
544,68,5,1076.61
2959,198,1,171.64
1819,97,3,481.45
1625,231,4,735.42
1178,40,2,429.44
680,36,5,1094.62
2097,156,7,1375.39
2030,122,4,765.7
1660,90,10,621.33
1638,167,5,874.76
240,2,9,3337.68
2125,400,1,405.49
2620,308,2,276.54
2291,220,3,308.99
765,59,9,1301.27
1129,28,1,126.84
1886,163,7,874.67
1117,23,1,425.2
1103,60,2,337.39
2848,247,5,312.75
2331,150,4,527.3
1362,15,3,517.39
2317,187,1,139.4
1408,5,1,372.42
2530,150,2,353.46
344,8,13,2600.46
1106,8,2,265.33
2593,272,3,474.23
558,52,12,1201.35
1476,17,3,495.4
2704,349,1,509.77
595,37,6,1539.37
1558,145,3,1046.37
412,44,12,1945.68
1056,22,1,458.11
2474,150,1,365.08
109,3,10,3016.39
2026,146,6,985.48
2707,300,1,321.17
319,2,8,2660.88
2719,400,3,336.79
841,45,6,1318.25
2958,252,1,200.24
1352,9,3,437.43
2826,300,2,442.39
2367,150,5,438.29
1883,153,3,1349.04
681,59,6,1471.66
730,22,7,1005.88
790,46,7,1272.57
1814,170,5,1525.3
1346,38,2,508.29
1869,201,6,689.89
2070,151,5,982.11
433,14,13,2429.37
565,68,7,841.86
1749,145,3,820.59
1777,118,3,400.0
71,22,18,2358.44
1789,157,4,872.01
1230,6,1,608.35
1513,127,7,1410.13
57,1,8,1834.12
1602,124,3,425.52
652,79,4,1807.71
2177,242,1,344.28
898,31,8,1889.88
786,58,9,1059.23
310,4,11,4031.23
2405,353,1,368.63
1742,149,3,917.65
908,82,5,747.97
603,68,4,945.86
1179,1,3,481.87
2298,357,2,570.23
1746,93,6,475.29
1162,24,3,366.77
1510,220,3,1073.63
2096,142,3,898.34
1578,184,4,623.27
573,17,7,1080.13
555,33,4,852.68
946,49,8,740.92
2997,268,1,341.04
875,77,4,1187.58
2995,219,2,230.94
1570,142,5,1683.52
2669,400,4,214.98
2628,214,1,241.44
1554,205,6,946.1
121,24,11,3358.91
2660,231,2,155.22
810,39,5,980.18
2187,174,4,147.18
1619,186,5,935.59
314,45,10,2896.55
1563,218,3,945.04
234,10,18,3017.76
508,44,4,1697.87
1337,26,2,565.59
1386,6,2,510.88
112,2,12,2675.32
1579,144,3,764.17
411,5,10,1504.91
219,15,8,2243.72
2115,166,3,281.0
1308,25,1,477.7
1081,22,3,528.51
760,39,7,1449.08
912,42,9,1343.38
808,77,6,866.78
440,1,8,3802.72
545,63,7,2170.69
486,18,6,1543.84
2476,319,2,131.56
388,2,14,2320.29
2917,350,3,234.24
1193,3,1,348.23
1231,12,1,495.6
1211,22,1,453.44
1274,1,1,257.49
1940,208,6,738.39
2304,400,1,207.89
931,40,5,1547.66
136,5,8,2098.36
1781,90,4,684.02
2168,250,4,194.71
1498,30,3,598.79
2257,282,2,440.2
367,45,12,3607.42
2025,167,6,861.01
2898,400,1,327.62
30,1,9,2274.57
2502,215,1,467.69
2969,247,1,507.47
1048,27,5,1065.5
2888,259,1,221.03
1422,48,3,413.95
1489,1,1,245.89
184,31,8,2461.83
1135,21,2,461.58
189,11,15,2323.23
421,23,14,1549.92
171,16,8,2602.48
1378,24,1,340.02
461,56,5,1230.38
44,36,17,2805.93
88,15,8,2212.57
1323,18,1,281.37
1741,106,4,400.0
706,35,9,1618.04
904,67,6,1331.8
283,7,11,2242.69
2459,150,4,50.0
694,48,4,1146.2
2090,90,5,510.11
2067,247,8,889.66
258,17,8,3438.18
2645,203,1,212.0
2595,150,1,74.14
2443,228,1,154.73
2884,400,3,158.02
1217,26,3,168.26
1042,15,8,1262.79
2454,233,4,345.76
150,4,8,2694.67
1737,263,4,1972.99
2359,400,2,210.39
2393,378,3,254.35
2442,150,3,326.35
2113,185,2,416.03
2418,207,2,335.77
135,42,9,2852.01
2931,334,1,133.04
832,28,7,830.21
1801,168,3,1127.6
2930,357,1,361.81
2989,288,1,250.23
1899,109,7,733.44
865,70,7,1363.44
529,20,8,2022.62
2220,258,2,139.02
431,2,12,2054.01
2744,231,5,238.21
1745,140,3,400.0
611,71,4,1460.61
950,65,5,547.81
2812,293,1,226.37
222,12,17,2041.04
1916,90,5,719.15
2412,281,3,365.03
1037,22,5,1062.98
2646,400,1,187.32
933,44,4,844.3
2556,253,1,346.05
174,3,13,1977.9
566,41,6,1036.76
1961,171,5,1055.56
813,62,7,1895.54
2688,208,1,220.11
959,77,4,1654.25
528,42,5,1442.74
1414,26,3,519.7
1612,90,4,885.27
273,30,17,2561.46
927,34,4,1153.51
1740,123,3,1257.07
848,64,4,865.1
953,31,7,1386.67
1621,185,3,922.38
3000,218,1,268.77
2316,164,1,363.89
1913,124,6,881.24
2594,369,1,272.27
2032,138,4,1629.47
1101,1,4,373.31
1293,7,1,611.04
2876,314,2,617.6
169,1,12,2467.87
2377,297,1,531.73
1468,9,1,606.09
2767,324,1,300.44
1399,2,4,498.92
1229,40,3,366.15
2235,400,1,133.58
1739,175,7,526.19
368,35,12,2951.13
2276,242,2,314.32
868,34,6,845.33
1303,18,1,758.26
352,29,15,1000.0
2395,357,3,392.78
2504,220,2,277.48
980,31,6,1279.92
1848,111,7,555.69
2371,150,2,423.45
499,50,7,1516.15
1629,141,3,1466.39
211,11,12,3553.92
2471,225,5,257.82
602,55,5,1447.88
228,7,14,2596.03
366,7,15,4451.8
582,35,4,1355.66
2856,299,2,320.32
2179,321,3,179.02
2019,155,6,862.32
860,67,6,1277.64
408,1,12,1969.68
1921,111,8,760.01
1614,127,6,1137.86
679,27,5,1238.14
1265,11,4,529.22
2408,150,4,395.53
692,90,6,1102.37
8,30,11,2117.0
2868,273,3,300.03
1205,43,1,397.51
2234,288,2,95.87
416,8,9,3498.19
671,68,7,921.29
811,39,4,1153.29
1090,9,1,461.95
200,22,10,2958.07
284,1,10,4161.4
232,10,10,1165.13
2731,213,3,321.51
2862,388,4,414.57
97,11,13,2366.31
1588,127,4,616.0
2570,175,1,283.18
1607,147,4,1419.75
677,42,7,1339.86
1861,129,7,400.0
2782,150,1,376.04
2864,265,1,50.0
2588,255,2,120.37
1400,17,2,279.41
1371,22,1,813.28
105,35,10,2652.88
2088,176,5,948.6
600,31,4,1003.24
1757,165,8,909.37
1324,1,1,405.1
643,48,4,860.95
701,60,6,1354.72
227,45,12,2530.4
1698,270,3,1424.25
1011,35,7,1162.55
1573,138,3,1145.88
777,15,4,1097.53
1731,195,3,1011.12
2827,391,1,378.6
2229,399,4,252.01
2795,150,1,542.48
465,48,8,1547.66
2652,197,1,259.31
1094,13,1,439.84
1272,27,4,499.81
2924,150,2,398.46
1581,117,7,400.0
1208,5,1,658.93
213,15,14,4160.21
13,26,11,3657.58
2973,166,3,356.05
423,1,13,3007.02
1689,162,5,1335.59
1780,120,5,767.37
2640,327,1,334.99
2320,249,3,264.82
638,77,4,1576.52
1279,26,1,542.7
1641,90,3,864.79
510,54,6,671.02
598,25,4,1284.51
2713,344,4,374.97
2635,150,3,320.6
2365,374,5,172.86
2644,301,2,301.38
519,32,5,1108.08
2794,305,1,247.61
574,15,6,1179.92
2726,346,3,564.72
1098,7,4,558.67
1948,155,9,1471.13
1449,2,1,296.95
1585,190,5,895.41
2597,400,5,552.86
965,40,4,1689.23
1019,40,6,1019.54
2909,264,2,105.34
359,42,8,3285.41
737,55,6,1065.94
1785,107,6,1308.02
1609,140,3,969.52
260,1,16,2203.51
2772,275,3,270.8
2643,243,1,285.96
2743,274,2,115.58
2384,207,1,261.72
1030,45,5,1213.78
2409,205,4,199.35
970,56,8,1308.02
2991,274,2,346.58
820,67,5,500.0
2717,400,4,313.1
2326,150,1,190.74
457,78,8,967.98
463,55,7,1392.9
2345,400,1,152.86
2689,213,4,584.33
382,17,9,3613.6
1892,204,4,909.68
1833,120,10,731.88
2309,284,2,166.52
1507,233,3,959.93
806,25,6,500.0
2439,334,2,341.05
757,63,5,1278.01
2516,354,2,481.81
1254,2,2,649.8
870,55,5,1691.59
2065,125,3,771.47
1411,45,4,390.6
2361,357,1,479.58
2288,254,1,173.09
2859,151,1,416.66
1174,53,1,537.84
543,53,6,1113.19
2105,389,3,197.69
1256,60,3,405.33
1767,160,3,1720.23
1766,150,6,1025.29
1290,11,1,486.7
2422,347,2,292.13
2528,281,1,436.49
1344,1,4,592.14
1526,90,6,1334.53
2895,185,3,50.0
2687,197,1,183.78
2195,219,1,150.18
2421,378,4,95.3
1678,114,3,1513.37
1287,5,1,251.07
436,18,15,3811.29
1728,176,3,960.22
238,1,9,1328.5
2348,268,5,328.72
110,1,8,4230.6
2275,199,2,271.94
164,11,9,3067.2
289,5,8,2292.77
253,28,14,2895.22
2584,241,3,313.01
1965,180,5,1088.81
1289,19,4,499.94
745,32,5,500.0
1207,7,1,331.95
2420,171,1,567.25
1392,60,1,160.62
2334,321,2,164.86
991,15,4,1806.56
840,23,7,1136.38
1150,9,3,432.9
1222,60,1,100.0
1744,270,4,459.27
2401,225,2,175.76
462,46,7,1497.07
1310,14,2,354.47
1436,2,1,471.9
158,21,9,2865.4
1912,149,3,1099.07
2360,343,4,316.56
678,53,8,574.08
2849,155,2,136.82
1873,90,3,920.2
239,15,14,2679.56
2918,299,4,391.74
1092,5,3,456.91
2871,222,1,324.82
101,1,11,2794.94
316,17,12,2791.97
1024,31,5,1661.56
2747,189,2,50.0
768,55,4,1381.9
1345,15,4,300.19
262,45,11,1000.0
1452,9,1,147.3
2835,348,1,585.1
196,6,9,2275.12
1776,236,5,1264.24
2842,165,3,310.75
1736,166,3,747.66
180,2,9,3108.33
2923,215,4,493.37
341,10,10,2261.95
1100,6,3,259.66
1544,203,7,678.69
749,60,5,1354.53
2756,209,3,50.0
663,40,6,1438.89
481,47,7,957.66
2139,228,2,133.54
872,37,5,1383.35
1454,11,3,394.55
2953,221,1,374.93
550,40,5,2035.38
2021,184,3,733.87
2709,213,3,279.93
743,78,6,1217.41
2416,275,1,84.06
2638,191,1,290.69
2567,275,2,253.35
2293,156,1,346.81
1910,160,5,1282.47
791,23,4,1438.01
2121,299,1,322.28
1447,8,2,328.63
248,45,9,1238.89
830,62,8,1053.4
1125,10,3,367.17
2721,269,2,158.26
627,86,9,1761.35
348,1,8,1347.96
279,18,12,3700.61
1784,133,4,550.04
2281,193,4,307.0
656,15,4,1541.81
1214,34,1,290.05
839,86,5,2087.51
2625,175,1,277.77
2589,315,2,165.93
2351,265,1,479.13
1710,146,3,1457.13
2024,209,3,540.74
977,32,5,1705.48
446,44,15,1520.85
618,50,4,1232.8
1475,41,4,434.12
1779,177,5,443.45
2518,235,2,274.68
1245,34,1,436.91
2996,246,3,295.8
2553,400,1,340.88
548,63,5,974.09
2211,309,4,214.6
1624,115,3,1018.38
264,10,8,1108.23
1398,1,1,112.89
2354,243,2,194.2
1816,197,7,836.7
354,2,8,1441.53
1076,20,4,400.2
209,1,13,3339.64
614,88,4,1197.39
2091,125,3,912.72
2100,162,3,1099.66
1499,6,2,524.07
1136,18,4,365.34
2881,165,1,334.27
2079,131,4,916.77
58,3,11,2877.13
2484,244,1,50.0
812,15,7,945.78
2196,150,1,116.65
562,56,6,1234.27
2944,248,1,348.25
230,14,15,1681.77
2510,246,1,88.77
1722,152,4,1029.43
2180,201,3,231.12
1451,10,2,388.62
1235,8,1,157.49
1072,4,2,160.79
2850,157,2,197.36
1038,47,7,1268.19
890,39,8,1353.2
1054,8,2,462.65
708,64,7,1209.56
425,1,13,2351.77
70,45,12,4108.16
2250,270,3,267.54
2536,190,2,467.75
2840,331,1,391.83
2407,400,2,50.0
2964,247,1,283.62
2582,273,2,438.71
2093,97,9,855.3
941,42,7,1598.63
621,55,6,1481.8
2520,257,2,284.69
1197,22,3,410.18
2068,172,5,1093.82
1033,64,5,1381.4
1506,214,3,879.57
1577,90,3,1379.05
2131,169,1,254.69
2045,98,10,961.04
1396,15,2,337.08
280,23,15,3180.18
1466,8,1,545.17
1504,131,6,707.06
2283,192,1,174.84
2839,164,1,99.35
2724,150,4,380.73
554,60,4,1355.85
835,38,4,1102.65
963,46,4,988.41
597,18,5,957.32
2452,174,3,539.87
803,32,7,1339.92
2137,321,2,231.35
2986,270,2,571.58
2720,361,1,113.62
441,1,13,2196.7
509,66,4,659.57
77,22,9,2085.91
2482,150,5,280.92
650,45,6,1560.91
523,43,4,1346.99
1488,18,1,247.34
2209,180,2,403.02
1495,12,1,440.18
655,56,4,936.87
2817,253,1,110.01
1539,189,4,729.44
1424,7,1,286.19
1652,139,3,1048.88
631,51,7,1318.63
2542,150,5,700.0
1508,165,3,1051.71
2942,271,2,109.91
483,59,4,1997.01
1928,171,6,400.0
1114,1,1,514.58
2564,172,1,73.87
1089,11,1,162.46
439,18,11,2955.19
1718,192,5,524.64
2444,247,2,92.73
857,48,7,912.83
1984,186,3,787.26
167,5,13,1958.89
60,5,13,3006.35
612,56,4,744.93
531,75,4,1389.45
2788,295,2,454.16
50,3,15,2075.2
1884,187,7,1413.66
1012,47,9,1730.32
859,24,4,1671.89
1018,30,6,500.0
49,11,11,1989.81
720,82,5,1249.42
2391,306,3,50.0
2653,319,1,50.0
2247,183,1,487.79
1160,15,4,312.33
633,62,6,1278.92
1339,2,2,364.61
2128,218,1,342.57
2603,202,1,100.13
1437,17,1,100.0
26,23,9,3662.71
2966,150,3,199.21
220,28,10,2839.33
2819,286,3,197.01
277,24,9,1254.73
2158,252,1,375.48
1481,16,3,240.37
1236,16,2,365.59
1594,174,4,1045.22
1000,45,6,1137.9
2141,150,2,67.86
362,15,11,4332.75
1458,56,1,604.02
1994,207,3,1065.73
1672,266,3,784.35
2335,220,1,148.1
1651,187,4,789.87
1836,171,3,1117.59
1115,18,1,392.03
1847,212,7,866.73
1318,1,3,392.52
2630,198,1,440.96
298,3,11,1000.0
1314,22,1,326.73
938,23,6,1108.18
241,42,12,3847.14
1433,10,1,100.0
583,88,4,1178.75
2907,328,2,196.6
1955,125,5,1076.44
1335,2,2,269.76
1730,129,3,942.22
1673,149,7,635.93
351,10,10,1706.89
2746,400,2,386.86
1221,1,4,298.12
350,14,11,1822.43
1519,226,7,1654.01
2548,245,5,260.13
644,19,6,939.16
2836,229,4,358.99
945,26,4,1329.62
1463,18,2,198.99
658,52,7,1556.1
2703,175,2,433.17
2894,187,1,124.21
1237,38,3,362.71
2468,349,1,579.63
648,56,5,637.77
1126,3,1,514.94
1111,30,1,577.02
2651,238,2,315.47
1941,123,6,901.82
539,37,8,701.71
1049,64,4,1370.2
2984,165,2,192.89
2376,245,2,569.18
2210,294,1,203.73
2339,150,2,378.89
2163,319,4,323.6
802,72,5,2277.21
787,48,4,892.0
2695,165,1,220.84
2041,198,5,809.22
789,28,5,1017.55
2184,375,3,209.89
2469,187,1,199.3
2014,148,3,1509.4
715,43,7,1347.06
804,29,4,798.38
2009,196,9,1127.89
2762,400,3,456.76
124,1,16,1939.9
1809,138,3,1455.91
2287,325,1,194.17
2148,234,4,350.3
619,75,7,1382.91
407,7,13,1938.41
1158,10,2,355.12
1069,13,1,273.23
1134,1,4,391.39
2906,303,2,406.88
498,39,9,1088.1
1062,35,4,477.11
326,20,9,1582.92
343,2,8,2379.96
2357,164,3,198.23
2267,264,3,332.75
783,24,5,718.72
2368,354,1,427.71
300,1,14,2777.19
1462,12,1,247.83
2374,400,1,368.75
304,15,8,2388.33
1238,4,1,493.99
2572,304,4,155.24
1657,91,9,873.18
665,33,6,1385.28
1691,170,4,400.0
221,16,12,2918.27
1627,174,6,924.22
1189,16,1,645.26
1456,1,1,321.68
450,1,12,1255.28
2003,130,9,1381.34
2617,166,3,306.05
85,5,16,3045.51
942,41,6,1013.4
962,59,4,956.56
842,73,7,593.34
1327,21,1,477.83
2379,325,3,504.15
2431,313,3,437.67
1374,20,4,302.4
291,1,10,2442.72
1868,182,7,400.0
1555,135,5,943.32
605,64,4,950.26
2033,90,5,1193.52
917,51,7,1129.77
2633,240,1,317.75
2338,343,1,224.44
2099,181,5,1502.01
2438,281,2,103.85
822,16,4,1538.06
2470,197,3,313.38
1001,83,4,500.0
1704,120,4,814.87
19,8,12,2565.83
1778,147,3,998.67
1209,10,4,266.9
2561,359,2,299.91
1937,180,5,994.32
1719,169,7,844.86
1428,8,1,411.35
2242,385,5,135.83
2311,150,1,338.12
1358,2,2,253.78
2058,169,3,767.01
361,7,12,1000.0
2271,264,2,398.16
2085,90,5,604.55
1565,169,3,1556.99
345,7,13,2361.54
987,38,5,1150.92
1261,18,3,523.42
1714,149,4,1216.66
1721,90,3,959.9
2647,400,5,150.21
2887,388,4,531.11
1576,269,8,1447.5
86,5,12,3977.37
2064,149,3,685.96
669,21,8,1420.92
1015,39,8,966.56
129,1,21,3752.42
1874,218,3,507.56
1147,1,2,239.47
892,35,7,500.0
2472,150,1,318.51
308,5,11,1657.27
384,31,8,1243.6
1834,90,3,838.56
1128,10,3,691.78
427,8,9,2535.05
495,46,5,697.4
1566,90,5,1306.85
2792,383,2,326.91
2612,160,1,97.24
1252,5,1,376.34
1296,1,3,394.19
276,10,10,2104.99
490,15,5,500.0
1958,93,5,537.69
691,33,6,793.33
2052,148,4,676.58
2239,252,1,120.12
1243,30,3,352.71
2674,333,1,50.0
2080,254,3,1163.25
1059,10,1,594.25
119,33,10,2142.85
1996,205,3,1071.18
2286,150,1,382.16
282,6,16,2220.59
2808,249,5,181.02
2336,306,3,50.0
2763,287,5,318.12
2946,232,1,244.5
1180,4,2,100.0
1603,90,4,1004.28
2117,384,4,87.09
305,19,19,3386.55
1845,90,4,755.61
1357,7,3,402.28
2437,327,2,577.3
576,40,5,755.21
1872,170,8,1874.45
2846,150,2,183.93
2624,272,2,281.29
1418,4,1,222.05
1796,153,4,1063.7
844,54,4,732.89
2813,223,1,220.21
270,5,12,2777.2
630,39,5,1008.2
1034,50,5,807.08
287,9,14,3324.23
2212,202,4,388.75
301,1,17,3298.41
1511,172,3,1535.62
1812,96,3,1178.39
66,11,9,2189.84
2398,252,2,267.49
891,56,9,1256.5
1768,127,3,496.56
1732,156,5,1026.49
1377,23,1,360.16
231,23,13,2294.1
504,29,6,955.11
2460,344,1,198.97
1351,15,2,250.84
1445,60,3,419.6
2552,240,1,384.84
1005,15,9,1422.62
837,25,6,1961.65
1589,90,4,1802.17
375,1,12,1896.83
1353,18,1,222.54
2111,210,1,231.35
1787,133,5,1115.54
1804,124,5,1516.56
2072,187,4,1050.16
752,40,9,1829.21
100,1,8,1846.45
1724,186,7,844.32
867,25,4,864.57
911,67,5,985.87
2010,145,4,986.29
530,56,9,747.64
637,40,6,1276.25
186,16,12,1573.31
1188,3,1,540.62
1972,151,3,1036.24
932,38,5,1017.78
1382,26,1,210.4
2296,178,3,50.0
2383,311,2,336.82
2402,282,3,318.03
2000,193,7,1768.83
608,75,4,500.0
2897,389,5,90.93
152,4,17,2781.64
1284,12,2,590.89
2263,294,2,395.48
732,15,6,1874.01
1338,30,2,361.56
1599,150,7,833.21
2841,165,1,385.39
24,6,14,2209.73
2858,225,2,500.1
159,4,12,2955.81
862,42,6,1393.55
903,57,5,972.07
2656,183,2,366.86
2938,400,2,700.0
445,25,8,1980.58
2939,150,3,226.92
755,40,4,1170.42
924,57,9,1174.32
2971,303,2,327.27
2103,333,1,282.3
312,1,10,2673.95
549,17,8,1608.55
1946,136,9,1490.7
1457,33,1,861.53
307,10,12,2990.22
288,11,12,2691.03
695,75,8,1333.54
309,23,12,2000.98
2321,320,3,538.37
750,69,4,1118.21
2816,150,1,551.64
1240,23,3,493.51
909,42,7,1019.99
1881,216,5,640.87
2381,199,1,414.82
1407,23,1,376.25
2495,150,1,452.69
971,45,5,500.0
14,3,13,2657.24
874,26,6,966.15
809,51,5,1566.16
2579,243,1,50.0
515,45,4,1149.82
2414,159,1,50.0
410,1,14,3899.66
2834,211,1,472.94
2260,213,1,293.78
2824,245,2,473.77
1226,31,4,100.0
1656,164,7,1172.89
1611,263,8,1182.26
383,14,13,3234.65
2107,295,1,227.31
2188,177,1,177.8
1622,269,6,1339.28
2832,370,1,123.96
553,55,4,1948.39
223,1,12,2480.52
1097,17,1,221.95
2755,150,5,259.24
9,13,12,3504.6
1477,8,1,276.69
317,7,11,4422.73
428,32,11,2382.4
1986,165,3,1609.33
106,4,9,2537.15
2016,90,3,1154.02
143,10,12,3020.16
122,33,8,1678.79
2372,205,4,306.23
2866,221,5,130.34
1190,32,3,596.75
2962,150,2,50.0
2601,251,1,543.28
1658,139,5,1259.64
116,30,11,2723.22
1406,13,3,358.07
1512,124,3,727.67
2493,150,2,120.99
2798,257,2,218.76
2949,327,3,287.82
1597,229,6,1344.35
2890,257,2,422.34
673,42,6,1304.18
1432,12,1,479.65
2173,328,5,317.15
592,31,7,1017.08
1403,20,2,598.06
889,50,4,1045.99
1755,111,5,712.69
1367,7,3,441.86
2397,273,1,318.53
214,3,11,1948.65
2008,90,5,1067.43
2149,273,1,327.05
801,41,9,1273.53
2481,304,4,258.06
2440,275,3,535.03
2284,159,3,264.81
2663,165,1,302.2
2712,306,1,685.91
274,36,16,1473.61
72,3,17,1861.36
1790,188,8,1176.49
1088,37,3,197.12
395,6,13,1225.61
584,32,7,1689.43
2081,171,5,1182.24
1981,90,6,400.0
501,31,7,1428.25
2015,111,3,793.14
2224,150,1,317.48
2980,241,2,502.91
2741,354,3,249.73
2319,269,2,403.27
1260,22,1,241.73
1743,156,6,1751.04
206,1,10,2814.79
734,42,7,848.07
2503,390,2,124.6
527,26,4,1368.04
1376,17,2,374.46
899,55,7,1085.02
378,1,13,2421.33
1727,121,5,675.94
2683,184,1,320.8
2723,247,1,147.65
387,4,12,1714.01
199,32,13,2043.06
1051,9,1,313.0
591,54,7,1694.98
520,41,5,859.44
2951,279,2,350.41
430,1,13,4268.42
1084,34,1,561.53
208,16,10,3008.14
492,90,6,924.11
1610,90,5,1657.96
2913,331,1,341.11
793,53,10,1034.8
2020,132,3,733.15
1187,15,3,367.61
1186,10,1,596.53
2182,361,2,69.88
1341,24,1,319.79
2233,257,1,584.42
84,1,14,3335.33
2370,196,1,230.11
2227,199,1,308.79
21,14,12,2086.17
1379,28,1,382.8
1559,99,4,866.48
1939,158,3,1139.09
2838,288,2,263.12
1938,168,5,1404.89
974,48,7,1994.91
2790,235,2,292.82
884,51,4,1383.07
1099,1,3,311.63
157,16,10,2774.18
2277,330,1,145.56
887,35,7,989.5
2999,185,2,460.39
1592,90,5,1553.74
2479,150,2,404.88
2718,307,1,190.38
2535,359,1,526.34
2118,179,3,171.38
1473,16,4,284.23
2649,280,1,168.04
459,30,6,1399.87
2499,355,3,207.76
79,6,15,2486.86
2915,150,4,284.6
1057,21,2,448.48
907,58,7,1033.52
1564,155,5,576.44
2427,311,1,233.86
2697,213,1,232.39
381,1,12,2643.92
948,55,4,500.0
1713,136,3,819.1
2757,266,4,290.5
716,42,4,500.0
1914,160,5,985.53
687,16,4,1387.71
2671,349,3,201.94
1294,21,4,327.38
306,45,12,1668.08
210,2,10,2071.81
2012,182,5,400.0
2222,155,1,295.54
2976,263,1,50.0
1538,212,5,690.7
886,68,6,1000.11
1860,184,3,400.0
918,48,4,1467.46
1887,139,4,1429.55
1661,160,3,858.85
192,34,8,1000.0
1748,90,6,1393.67
2132,176,4,538.11
1266,6,3,437.7
484,64,4,893.34
916,43,6,1939.44
2600,217,2,377.35
278,15,11,2157.51
989,51,7,747.92
1988,130,3,1020.46
1895,112,8,571.87
1870,179,3,883.6
572,79,4,620.56
994,58,4,1115.12
2796,344,3,201.1
2947,150,1,258.1
586,50,7,949.73
2329,353,1,426.79
2994,199,1,121.39
1350,1,3,457.63
2901,155,2,259.9
675,29,4,796.58
2591,150,3,76.46
856,39,6,994.72
448,20,14,1884.02
1420,16,2,492.96
2230,181,5,508.63
1617,90,3,1101.92
2259,150,1,132.4
2822,273,4,193.68
2754,212,2,524.78
1717,171,4,1461.37
2672,165,1,437.31
1248,60,2,357.52
295,2,11,3086.11
589,45,4,879.98
1282,52,3,370.27
1423,1,3,329.73
2350,222,3,75.2
1427,24,2,279.04
2253,337,3,233.49
426,11,8,2396.14
535,47,11,1033.05
1055,10,4,416.12
1865,111,3,914.59
2505,182,1,50.0
1426,29,1,301.95
133,1,8,1341.59
1838,123,4,1339.56
1826,191,3,1184.74
422,23,10,2747.86
2659,322,2,583.14
2029,107,9,701.28
2990,182,2,70.71
1369,10,1,146.4
557,34,4,500.0
2044,136,7,1537.65
1487,11,3,341.22
2680,171,1,258.68
571,41,7,1215.3
353,16,9,1988.83
92,18,11,2905.82
2563,344,2,527.42
2534,150,1,382.44
1171,5,3,371.76
2249,400,1,245.52
1286,1,3,329.63
1703,233,5,1813.64
1469,3,4,272.14
1908,90,5,973.78
1478,32,3,217.11
698,69,4,675.11
2507,215,1,305.13
349,7,14,3775.6
1645,143,7,648.8
2347,339,3,515.04
2432,205,1,253.44
2169,254,2,357.78
1138,5,2,525.9
1798,96,7,965.59
1545,147,4,1032.33
2837,213,5,465.97
2821,213,1,259.82
1340,1,1,338.97
2491,300,1,142.15
454,52,7,913.7
914,61,6,1503.17
1200,9,1,323.14
1275,2,1,183.46
1867,117,3,1242.63
38,1,17,1701.32
975,30,8,1564.55
2771,230,1,300.54
984,60,5,1315.49
1806,90,4,919.82
1962,186,3,1404.6
1419,24,2,488.18
1285,1,1,418.95
40,8,10,2328.81
2541,219,1,205.61
170,13,14,1355.38
1356,1,2,519.51
738,34,9,1336.94
1591,186,5,593.28
2700,150,1,154.78
1898,211,4,1308.8
635,41,8,1879.98
2648,250,3,91.2
1919,162,5,1539.15
1291,15,1,486.6
1381,13,1,377.48
580,81,6,1903.45
329,8,14,2448.69
1643,185,7,1486.42
893,62,6,1507.28
1850,170,3,1209.69
781,49,5,1549.81
160,19,9,2858.17
1546,175,6,452.38
1934,90,7,713.74
2979,189,3,368.58
62,4,8,1287.4
850,90,7,984.35
2130,150,1,268.13
2893,266,3,464.62
1044,46,7,1289.69
2497,171,1,273.2
2261,150,3,445.57
2122,290,2,254.74
1071,60,1,394.91
54,33,12,3451.21
259,12,8,2934.88
506,27,6,869.84
753,27,6,1013.68
1979,155,3,1514.42
2948,159,1,244.36
2411,340,2,134.33
1518,90,3,808.41
2998,150,1,209.92
2274,394,1,219.18
1390,4,1,293.81
1267,29,2,365.3
2467,277,3,195.53
1712,115,3,505.55
772,19,5,901.37
2803,312,1,416.03
1808,150,5,712.36
2686,339,2,459.81
1086,35,2,220.87
2258,303,1,355.49
1533,113,9,1022.28
1326,7,3,505.22
2120,195,3,348.79
1813,128,4,714.96
1715,157,5,1487.21
2035,165,3,1387.18
2424,175,1,365.06
2435,150,1,353.84
1682,132,6,1237.55
2228,204,1,115.83
1164,46,3,673.08
964,15,8,777.38
2903,392,1,353.15
1663,152,5,1318.58
399,20,10,2679.13
585,59,7,1638.59
949,48,7,1125.24
705,41,4,1299.72
432,21,8,1404.16
293,25,11,3082.1
146,1,13,1643.93
324,4,10,1585.6
2109,276,2,138.65
1166,15,2,524.74
1453,21,3,428.64
3,19,14,2576.9
577,31,8,1785.67
2658,268,2,153.4
340,1,13,3060.94
2540,302,1,392.83
2936,384,2,259.71
926,66,7,1300.9
266,20,12,1604.26
377,27,12,1145.63
2023,147,6,1133.85
1464,17,4,464.83
272,24,13,2881.63
697,86,7,1632.71
2974,315,3,260.61
245,1,15,2361.9
2814,156,2,694.86
477,90,4,1107.65
2786,359,2,112.47
2844,310,2,444.33
2299,195,3,603.33
2449,193,1,50.0
2784,261,1,224.7
2954,152,1,432.67
2983,150,3,494.98
2160,156,2,147.66
251,5,14,1999.55
414,12,11,3215.94
546,15,5,1373.18
1194,6,2,473.39
739,21,4,1821.66
311,8,10,2347.45
1980,157,6,782.21
894,18,4,1286.16
1132,9,1,487.65
1450,42,1,197.42
2908,150,1,88.43
16,3,10,1311.55
1951,140,7,992.35
722,56,7,997.7
1421,8,2,113.3
2634,251,3,358.73
982,43,4,1708.94
1875,119,3,1140.79
1540,198,6,695.25
2531,274,4,200.83
1551,117,5,1552.8
2423,150,3,258.55
364,11,13,1183.68
2769,224,1,139.4
183,38,11,1726.42
986,15,4,815.98
1991,107,4,979.12
1195,8,1,502.95
1770,168,9,955.72
1676,114,4,889.72
1122,5,3,304.36
188,12,10,3201.89
620,55,4,1782.33
1613,98,5,500.89
1176,11,2,238.02
1183,13,3,358.37
2385,249,1,50.0
2716,212,1,318.37
615,32,7,1439.52
1514,161,5,1524.33
1467,2,1,549.07
402,34,8,2156.48
995,49,5,819.23
935,60,7,1550.42
372,1,8,2724.95
1923,124,7,667.17
2307,270,3,430.17
594,47,7,1223.21
1911,159,3,1391.89
727,82,4,1604.59
827,36,8,1698.76
1675,154,3,1507.09
688,15,5,585.77
2216,215,2,608.11
137,10,10,1683.01
2765,295,1,473.25
629,40,6,1022.78
335,1,8,2304.67
391,45,8,2584.3
2310,192,2,155.88
1110,10,3,711.26
1738,107,3,636.7
2699,267,3,202.31
711,22,4,872.63
1040,40,4,1117.36
2715,150,1,245.82
1851,209,3,577.28
2596,342,1,425.99
1562,90,3,907.84
2758,254,1,288.21
1595,113,6,977.85
2751,333,1,407.59
1113,60,4,191.82
466,16,4,1554.92
1561,90,3,1118.12
1224,60,1,216.95
1954,134,7,932.3
2967,345,4,269.5
2349,289,1,399.33
1509,179,6,733.36
1105,26,2,452.25
1989,176,3,1319.42
339,9,14,2977.92
216,4,10,2658.33
1616,150,5,778.92
1917,123,3,1202.63
2515,265,1,375.38
2805,248,1,248.95
1593,202,3,860.19
2241,251,1,381.67
1685,111,4,878.63
2523,197,2,527.9
817,50,5,1392.83
1068,5,1,442.87
2004,90,5,1827.89
275,10,16,3297.01
2245,200,1,338.4
866,44,8,1076.88
102,15,14,2185.33
1502,160,3,639.14
2150,383,1,156.58
172,1,13,1955.16
108,21,8,3097.0
1863,90,3,1363.01
1522,177,10,598.49
2988,209,3,315.87
2203,150,1,340.26
2055,133,6,1135.01
1765,143,5,1317.29
2034,238,8,672.19
1963,270,8,787.03
2251,249,2,279.54
2341,170,5,121.05
2576,150,4,378.18
1925,132,7,819.19
296,11,11,2435.43
713,30,6,1399.95
73,1,11,1396.54
1953,218,6,1516.29
2270,234,1,419.38
2562,278,1,479.49
2886,235,2,304.62
482,41,9,1887.75
2219,157,1,379.62
1531,237,4,1206.76
2116,392,1,217.33
1515,90,4,714.35
2961,191,1,327.44
1491,28,2,496.68
1172,5,2,578.97
2453,219,2,400.97
2430,150,2,368.88
2074,171,3,676.11
2217,285,4,390.81
2272,184,3,343.49
406,33,19,2532.47
758,28,5,896.69
1957,90,6,953.45
2185,227,1,378.38
1952,90,5,1247.53
98,8,9,2617.37
1334,20,4,237.08
2390,231,2,218.81
744,35,6,1423.26
807,47,8,1167.76
2770,186,2,220.85
1897,136,6,1542.94
2500,174,2,176.23
1536,171,7,1090.16
2051,90,5,748.0
2011,141,4,770.91
149,1,9,2463.53
2555,336,5,493.72
2054,162,7,924.77
1903,90,6,1592.32
1316,58,2,402.9
693,33,7,1184.28
819,36,10,1357.52
1729,201,5,949.72
1387,11,2,476.05
2282,206,1,221.87
2734,150,2,418.72
1600,138,5,543.39
2611,249,2,307.36
2458,175,2,330.11
702,33,4,1636.39
1879,90,3,1335.3
2657,150,3,586.12
922,39,7,1498.0
1425,1,2,602.63
1709,137,3,864.24
906,40,12,1500.23
455,69,8,1472.82
2186,348,1,202.03
2305,390,2,270.29
1772,90,6,1443.79
168,3,9,3940.75
731,47,6,1692.35
2189,150,2,231.7
1311,23,1,387.86
27,3,14,3763.66
2060,124,5,1043.5
1653,151,6,1025.67
1623,259,9,779.01
588,76,7,1118.81
2017,115,3,451.15
998,29,4,703.3
1177,8,3,307.96
1701,143,5,1385.47
1041,42,9,1444.09
34,44,10,1885.76
1810,103,7,1048.18
2627,305,2,244.95
1380,41,2,439.64
42,10,13,3039.86
1792,191,5,1467.94
2190,383,3,246.92
2607,338,1,216.28
1973,217,3,1500.9
2290,212,1,191.65
1926,188,9,641.86
610,39,7,1709.95
1133,2,2,384.93
29,13,18,2163.85
442,45,12,2337.14
2356,316,2,396.66
2799,231,2,286.95
494,61,5,1777.45
1259,7,4,472.04
1302,1,4,394.32
2366,150,3,422.79
1383,19,4,472.93
1305,49,3,508.42
237,4,10,1519.39
552,15,8,500.0
521,46,4,1270.08
2447,372,3,234.17
1233,10,1,191.09
1139,1,1,530.92
721,69,10,1981.66
736,15,4,987.61
2654,256,1,536.19
1751,189,5,1486.59
59,1,12,2058.22
632,61,4,1385.27
1182,1,2,423.71
2204,150,3,337.64
593,85,8,1182.87
1304,8,3,577.64
1388,19,2,391.39
2616,302,1,295.07
2631,305,3,185.91
1846,251,3,1043.46
940,79,4,1043.01
2789,241,3,347.33
1250,4,1,329.3
905,53,9,593.13
2544,187,2,137.52
1280,8,1,479.03
2403,247,3,367.62
2960,368,5,122.11
2127,150,4,50.0
2388,150,3,441.85
2043,118,5,555.75
1143,5,4,249.16
2382,226,1,521.66
707,58,4,1257.96
2642,395,1,347.1
1023,40,5,1035.43
746,54,8,1081.36
1547,134,3,1050.2
2358,245,2,254.18
2047,148,5,1291.61
514,56,7,1098.02
82,14,8,2075.3
2662,193,2,108.92
1309,6,2,403.93
2496,278,4,105.59
915,34,7,1474.2
1405,1,3,494.14
1648,202,3,1270.63
2761,287,2,236.76
1109,58,2,474.46
151,35,14,2307.01
2727,202,4,183.86
775,54,4,1003.54
330,4,15,2763.01
7,1,11,2677.71
944,68,4,1123.8
823,63,7,1180.44
735,35,5,1994.82
910,25,7,1702.86
469,30,4,1473.33
182,1,8,2840.37
165,1,10,2428.21
1524,211,4,800.09
452,61,9,867.27
491,52,7,1194.46
2005,121,4,496.45
1144,40,2,454.02
1312,46,1,100.0
2243,262,2,278.96
1112,6,3,571.64
2855,216,1,487.1
1978,158,5,587.78
1442,14,3,751.55
1890,177,7,520.49
1007,50,4,1394.41
1628,90,3,671.27
1633,90,3,1188.09
1075,49,1,532.17
579,32,4,1312.25
2728,282,5,266.45
2346,257,4,184.38
2264,191,1,648.39
2303,162,2,50.0
328,14,17,1896.58
1791,269,7,1182.51
443,7,12,2034.66
1859,90,5,1045.28
2171,304,3,280.01
2833,312,3,150.91
833,32,4,1825.16
2375,248,2,192.78
2104,243,1,126.45
1415,9,3,538.53
1202,4,2,353.55
2315,244,1,397.6
1500,56,4,423.7
2878,188,2,321.84
87,19,16,2967.14
1404,34,1,268.83
2927,298,1,50.0
1482,47,1,398.52
778,68,6,1103.4
800,30,6,1320.44
1667,100,3,1039.71
55,13,10,3636.4
2363,275,3,450.12
1288,1,3,183.22
1668,156,4,1065.04
2587,261,1,443.31
2155,382,5,282.72
1702,175,4,1250.72
1246,1,3,279.66
114,24,12,3761.96
2807,215,3,368.35
988,29,4,1237.35
502,64,5,1587.27
2892,150,2,117.98
1010,62,4,1011.55
1199,1,4,616.29
1395,17,2,614.1
590,29,6,1174.59
769,15,5,993.43
18,11,12,3211.7
1043,34,4,965.39
1448,10,4,276.08
2464,400,1,283.88
286,1,8,2844.03
2639,334,2,456.33
429,6,11,3271.1
1329,8,3,400.24
1949,153,5,932.34
670,53,7,1450.25
32,2,10,1765.08
1342,8,3,444.25
723,40,5,776.44
952,58,7,1510.96
1915,173,7,1006.86
2294,221,3,428.74
215,18,15,3888.77
990,71,8,2164.67
1165,9,2,315.04
2793,219,1,72.5
2006,91,6,921.16
327,12,8,2742.11
561,44,5,794.44
1384,4,3,107.59
1725,115,3,1048.66
1087,15,1,256.18
2684,165,4,374.72
342,9,15,3600.57
1654,230,6,1339.07
148,10,11,1946.47
2340,196,2,336.58
2413,274,4,266.61
1108,32,3,561.15
849,68,5,956.85
967,88,4,1341.0
1073,43,2,463.1
2465,294,2,288.47
1906,177,3,1118.77
156,4,10,3393.84
666,56,4,653.14
662,20,5,841.97
1003,30,4,1034.56
2342,150,2,241.09
2517,244,1,76.02
177,17,8,2138.15
2655,264,2,462.97
1880,104,3,1232.24
1525,199,3,1015.34
2818,150,1,151.55
1204,6,3,100.0
25,9,18,2143.6
2811,150,2,151.67
2810,332,2,477.96
2078,201,5,753.98
2300,343,2,574.68
876,38,4,836.13
2900,212,3,50.0
939,64,6,544.21
2698,189,3,50.0
1553,103,7,1397.58
347,15,12,1622.98
2508,182,3,171.81
2972,184,1,344.16
2038,155,7,879.43
1927,97,3,1098.02
386,24,13,3252.62
1830,182,3,1315.61
2162,315,1,103.27
2509,211,1,231.45
2197,285,5,133.97
244,6,13,2469.19
2087,185,3,1416.88
1827,144,5,400.0
937,23,7,958.41
1690,153,3,1394.69
2581,309,3,491.2
313,1,11,3196.05
1460,60,2,434.93
2926,225,1,544.4
2108,336,2,321.51
1333,50,1,420.8
969,47,4,500.0
1455,20,4,422.04
661,42,7,729.76
1935,90,3,1136.92
936,15,7,1789.07
371,1,12,3107.14
567,44,5,801.67
1974,90,5,908.99
1855,90,3,1185.74
1025,48,4,500.0
825,82,4,1179.04
983,15,6,1493.0
2673,336,3,483.41
2957,163,2,478.32
1646,128,3,884.03
2583,286,3,200.6
2246,321,4,132.11
2119,261,4,329.73
814,43,5,1071.5
1793,207,3,971.21
1431,28,2,574.96
779,30,10,1175.29
1750,150,3,1239.12
1321,21,4,443.64
2400,308,3,318.66
2872,199,4,444.92
1053,2,1,527.51
2322,288,4,375.17
1014,62,4,641.15
1929,90,5,400.0
1402,5,4,362.84
1823,90,3,529.13
2248,397,4,437.37
2494,238,2,50.0
2592,262,2,321.96
127,25,13,2052.86
2092,192,7,592.94
2135,209,1,425.55
888,49,5,1755.34
2457,346,1,510.85
1348,16,4,500.33
1008,55,7,581.08
356,15,13,3307.85
1004,15,5,1955.08
1484,7,4,231.99
683,79,4,1068.22
828,70,4,1175.2
2851,400,5,194.14
2205,249,3,175.77
2692,150,4,289.95
985,46,6,538.05
1234,11,3,394.82
2554,240,5,454.57
1640,136,7,1105.66
141,45,11,1475.76
218,20,8,2112.89
2466,237,3,497.02
363,9,10,1388.34
2665,243,4,276.8
346,14,11,2512.46
2059,131,5,1129.16
23,5,16,4339.12
712,41,5,1812.95
2950,319,5,425.3
11,1,13,2350.5
2417,150,5,320.97
1835,190,3,400.0
794,63,4,829.32
2766,281,2,329.05
95,22,8,3605.73
130,10,15,2447.4
1901,117,4,1050.9
2410,252,2,135.62
1933,136,3,447.2
2670,246,1,421.64
1866,153,5,1103.15
1659,180,3,967.81
517,23,4,1234.36
1858,270,5,889.86
1278,1,4,436.46
951,15,8,1682.4
1121,19,1,511.37
420,20,17,4216.12
923,59,6,1122.12
2729,318,1,349.59
478,52,5,1781.3
2036,90,3,1070.24
2178,213,1,359.23
1693,98,6,716.31
2213,150,1,171.34
1472,1,2,328.87
1203,20,1,571.9
1670,96,5,1356.62
2775,285,1,428.24
1971,192,8,1557.96
821,47,5,1088.45
1998,123,5,1336.88
2869,205,2,285.73
1249,6,1,315.16
2873,348,1,130.75
2650,358,1,273.86
1047,70,6,1663.63
1889,192,4,1153.5
616,63,5,1467.34
1319,6,1,243.08
2885,150,1,469.58
2461,308,3,171.27
1773,131,4,991.46
2952,150,1,375.02
132,3,9,4004.93
78,1,14,2679.03
2053,164,3,561.27
725,37,6,1985.03
1315,22,1,638.9
1852,109,3,1283.19
2297,150,1,214.88
2487,232,1,348.65
1373,2,2,509.64
1856,186,4,767.8
1320,4,1,471.01
2875,270,2,65.97
2172,216,2,330.82
376,5,11,2275.46
1909,204,6,870.98
334,1,13,2862.83
2252,332,2,183.25
2737,176,4,652.37
1605,157,5,907.05
1119,55,1,475.12
2829,257,4,225.45
1944,104,6,1389.24
2262,178,5,111.26
2550,150,3,297.32
1343,5,4,175.41
321,11,15,3384.42
1620,176,5,400.0
2448,297,1,129.14
2061,141,8,1327.62
1674,175,4,1244.59
1943,90,4,962.15
261,14,13,3117.36
2355,245,1,374.36
2040,94,6,1118.22
690,70,8,1444.99
902,54,4,1030.31
2027,119,6,615.34
139,6,17,2695.04
1918,137,3,1161.01
1829,187,3,515.83
1574,153,3,1408.49
320,4,15,3340.52
654,90,5,1612.23
2138,188,2,460.72
2323,365,3,227.01
559,15,8,1331.13
113,39,9,2699.51
532,69,6,829.45
225,4,14,3882.03
724,25,5,1792.67
2429,286,3,448.18
2571,253,3,50.0
1434,54,2,320.58
2330,326,1,390.57
1459,20,1,213.32
2702,373,1,198.99
847,41,4,964.45
194,15,16,1954.41
1465,10,1,297.79
947,64,5,1234.08
2022,119,5,862.24
1630,109,7,1325.13
118,3,14,2649.29
646,31,8,886.1
1871,230,3,1246.1
4,13,11,2130.18
75,18,13,2473.5
1756,93,3,850.62
468,26,8,1215.18
6,2,8,2252.66
1247,44,2,622.29
920,36,4,1718.35
229,33,8,2990.81
1064,10,3,513.48
243,36,13,3362.94
2280,285,2,457.04
1161,6,3,287.6
2514,299,1,206.6
1527,179,8,830.51
1606,169,4,1479.54
2785,280,4,465.97
2667,188,3,314.85
2666,311,2,407.08
1990,154,3,1147.6
2610,400,2,184.73
1976,90,4,1094.21
1762,240,3,1384.47
1306,10,3,416.77
1542,90,3,1156.97
623,37,8,1233.53
2314,159,2,144.81
1494,1,1,226.98
111,5,17,2253.78
2488,239,1,144.55
1170,32,2,517.6
2462,350,1,218.06
233,12,13,2819.38
67,2,16,2728.69
2708,240,2,71.25
2073,156,4,819.43
2193,177,4,453.72
537,32,6,1590.33
126,8,11,1281.45
2134,291,2,324.88
1255,2,3,271.57
2485,179,2,324.92
1977,115,6,924.47
2463,314,2,384.44
2489,258,5,171.68
2076,130,4,756.7
485,29,5,980.18
1655,148,3,1338.51
2677,150,1,337.8
2551,190,1,249.81
2406,254,5,365.06
1775,104,3,1294.88
919,59,4,1239.23
1647,134,4,1495.74
1027,23,7,1276.17
1031,59,7,500.0
883,26,8,957.25
1336,10,1,414.67
2223,324,1,348.24
365,42,11,3318.06
2126,167,1,50.0
28,10,12,2081.71
474,38,7,647.58
526,15,4,1393.08
726,66,7,1201.48
56,38,13,2043.4
639,54,5,786.99
303,11,11,4170.7
2609,233,2,379.21
1277,37,1,387.59
2636,150,2,478.45
625,24,4,1363.91
2056,156,4,1245.93
1281,13,3,371.37
1050,53,4,1678.9
337,29,11,3451.58
48,11,16,4464.24
107,7,11,1412.12
1080,15,1,331.2
1145,52,3,319.35
2441,261,3,389.86
1837,101,5,904.5
1754,142,4,400.0
1102,60,1,263.08
1969,104,8,905.52
524,54,6,1074.59
1429,22,1,502.84
2608,150,1,449.16
604,59,5,724.13
1490,56,3,344.01
2352,292,1,495.17
61,7,14,2662.34
2750,205,2,246.11
672,32,8,1432.81
93,21,8,3353.34
667,78,4,1539.27
1888,134,3,576.44
281,33,8,2221.08
1720,172,4,899.0
360,12,17,2240.13
900,48,4,1314.93
1936,151,3,1203.62
1995,139,7,724.49
2313,251,2,358.78
761,44,4,1451.81
2159,150,4,645.85
2623,229,1,236.01
43,1,8,1601.82
2174,159,1,300.27
205,13,13,3058.58
1474,18,3,641.43
2101,150,3,385.87
69,1,15,3026.84
1876,195,4,1462.35
2380,335,1,309.72
2232,284,1,296.86
138,18,8,3066.69
797,57,6,1429.25
2181,233,3,273.58
2129,150,2,86.29
759,74,8,747.75
542,45,5,696.6
1020,25,4,1420.7
2289,283,1,398.53
166,27,14,3652.09
249,45,10,3681.23
1332,35,2,357.24
2018,119,4,1160.02
447,45,11,2527.27
1359,3,2,496.84
2146,262,3,209.87
1330,2,3,462.22
2911,244,2,451.44
2151,150,1,211.38
435,1,13,1857.06
2123,314,2,439.96
578,65,7,1598.74
2985,329,3,439.63
2742,319,1,279.7
1849,163,4,941.09
763,15,6,1558.14
389,20,16,2940.04
236,19,12,3759.19
2606,150,5,300.92
1985,90,5,400.0
268,18,14,3428.66
771,60,7,1117.66
2166,236,1,269.26
438,25,13,2057.13
674,45,6,984.46
250,28,13,3604.07
2202,264,2,264.21
1575,159,7,991.93
2143,277,3,328.95
2082,90,6,622.16
2618,385,1,434.24
2904,230,3,435.53
2740,344,4,315.0
449,7,12,2687.03
1470,26,2,471.3
717,75,5,1450.2
2399,319,4,261.12
2615,262,3,234.64
2049,204,4,1302.49
1902,136,3,753.7
1169,35,1,399.11
83,6,11,2108.45
2425,150,4,332.35
1461,3,1,308.8
1894,107,3,1171.99
1669,154,3,1321.96
2001,114,5,1268.62
476,47,8,1488.63
518,38,4,500.0
405,5,9,2539.09
385,19,15,1708.3
2982,197,3,257.17
2153,400,1,292.27
1634,148,8,1224.81
2860,351,1,311.2
689,15,5,1502.72
1241,34,1,505.52
63,26,8,3738.0
853,48,4,758.05
2752,311,1,171.09
2477,211,1,675.48
1263,22,4,503.92
224,6,11,4213.82
2194,305,5,475.29
374,17,14,2449.93
1825,158,3,1176.87
2537,304,5,87.09
2870,225,1,88.19
2598,219,2,203.06
2685,192,2,377.42
10,18,9,1784.31
1945,90,4,1239.85
1839,126,6,615.56
709,46,5,1059.43
256,12,17,1962.7
1618,212,6,872.75
390,24,15,1725.32
1582,147,3,947.69
925,26,5,1236.7
2037,127,7,1090.04
2404,181,1,331.45
1225,60,1,100.0
1947,147,3,893.99
740,15,4,1541.59
41,1,9,2460.43
869,61,4,1413.93
540,48,6,1221.97
2511,357,2,311.56
1372,7,2,354.16
1146,10,2,498.31
1032,49,4,936.7
373,1,8,2583.36
668,52,5,706.99
358,13,17,4301.95
968,41,4,971.86
1354,9,2,362.09
1036,52,5,1378.75
471,66,4,1629.19
1397,1,1,513.47
2621,199,1,414.55
1550,165,6,463.62
1257,22,2,497.85
2095,138,6,1511.79
1556,222,3,1153.44
2590,182,2,134.4
1251,28,1,507.76
1700,90,5,1212.74
1253,40,1,303.75
2781,253,2,156.83
80,1,8,3450.71
1173,33,2,553.23
815,41,5,1933.02
1853,204,3,702.6
2221,280,5,317.34
2629,181,1,595.31
2106,318,3,472.85
134,6,12,1000.0
1141,60,3,388.09
934,38,5,1582.12
929,52,7,1831.25
824,31,5,637.92
1532,202,3,922.96
1215,10,1,564.41
505,55,5,765.94
2965,205,1,470.2
2396,365,2,597.85
1997,123,4,1238.61
1959,95,6,1750.05
1385,1,4,100.0
895,47,4,1403.31
829,46,4,1580.58
2921,207,1,645.0
1684,93,3,603.09
2575,227,4,478.11
2970,359,2,197.98
2513,251,3,135.43
653,49,4,1404.32
173,10,10,3172.51
39,17,14,3287.46
2861,242,1,303.38
714,15,4,640.28
91,1,13,3156.39
2955,344,2,343.22
1206,45,1,384.13
2586,150,5,177.11
1828,107,3,955.11
1156,1,1,402.12
1325,26,4,195.25
217,5,8,1978.87
511,44,9,1392.75
1681,144,8,583.18
500,51,5,1336.02
2549,293,1,461.59
1857,214,3,1013.15
1389,37,1,190.68
1520,206,5,1012.18
2387,312,3,423.51
2722,274,4,396.87
2077,129,6,1165.6
1541,166,4,1253.61
1218,8,1,319.1
1417,12,1,530.32
2218,189,1,370.9
2622,352,5,360.11
1677,90,5,915.5
1198,1,1,100.0
1543,140,5,944.51
954,15,4,1808.4
751,42,5,1902.19
235,3,12,2113.45
733,51,7,1425.15
2993,178,1,181.03
1157,17,3,310.54
2574,400,2,50.0
2446,304,1,525.92
1210,5,1,515.77
1066,42,1,558.08
2157,247,5,440.07
1063,1,4,330.82
1168,11,4,252.32
1493,35,2,325.52
2475,254,1,187.03
885,21,5,500.0
144,5,9,2420.66
2943,355,2,423.92
851,56,5,980.69
718,57,4,1554.09
2865,400,1,373.8
265,31,19,2210.05
76,19,16,3935.65
396,40,9,2852.38
2546,217,4,617.52
2225,203,1,356.95
2800,282,2,212.53
397,29,12,2484.29
1366,33,2,100.0
2501,334,2,333.94
1904,138,3,1050.51
596,48,8,500.0
2110,150,2,350.49
1297,44,2,308.75
1822,253,4,885.82
873,37,4,500.0
2912,186,5,72.81
2327,215,2,163.11
1549,143,3,562.08
37,5,13,3740.4
2527,150,1,565.49
2144,289,3,551.47
2941,318,4,173.69
978,44,4,861.47
1572,231,3,737.92
1123,7,2,432.5
2240,150,1,367.15
1893,143,4,1444.0
676,57,5,500.0
729,35,7,903.01
413,45,19,1925.27
1517,204,7,1105.69
1650,90,3,1107.9
826,66,8,1881.64
617,46,5,906.33
115,15,11,2423.76
418,5,17,2723.2
1626,169,5,1126.15
2940,157,1,50.0
90,9,11,3386.96
2083,143,3,1348.97
754,28,6,1139.66
1631,191,6,788.28
12,45,16,2148.22
2445,400,3,415.51
285,12,8,2805.55
1067,16,3,220.82
1192,3,2,361.95
1441,8,1,577.24
2802,150,1,329.6
2801,400,1,373.01
2711,287,1,404.15
1569,164,8,400.0
2428,216,5,132.53
2578,252,2,270.21
1688,175,4,495.66
852,51,9,1533.33
2208,396,1,276.56
896,83,7,2500.0
497,63,5,1088.41
2306,247,2,495.09
1783,201,10,1040.89
336,1,14,3271.27
516,18,4,1331.15
1349,14,2,500.79
1016,27,6,1615.35
2809,159,3,437.35
2804,177,1,142.36
1782,128,4,1283.24
1786,196,3,498.17
2071,90,4,1005.64
357,1,8,1949.48
2853,224,3,76.89
1313,31,1,431.59
1636,140,6,1352.31
551,21,4,565.61
2389,307,1,375.65
2480,345,1,58.85
2522,291,2,375.16
2266,150,3,512.1
1228,17,2,419.29
2823,188,3,177.1
958,64,6,1105.38
1774,160,8,502.22
2142,150,2,330.59
1009,15,7,1633.08
1093,37,1,503.57
2675,319,2,469.94
997,38,4,1303.1
1680,235,3,1152.68
154,10,13,3655.01
2783,361,2,293.97
581,58,4,1348.84
1471,4,2,494.87
704,44,8,1609.48
1213,22,1,299.92
897,24,6,500.0
488,55,6,1181.84
560,48,6,1569.71
1142,2,2,354.93
1120,3,2,268.23
513,72,7,1419.55
634,33,7,1324.52
2585,392,2,220.07
1665,166,5,576.78
1013,77,4,685.13
1932,233,6,870.74
1151,1,2,518.78
2806,230,2,266.14
117,24,13,2986.32
741,44,6,1365.95
2764,298,3,187.5
1975,90,5,692.0
1082,11,1,651.61
1811,270,3,807.29
831,54,4,518.45
120,11,10,2655.27
657,60,5,763.23
2733,184,1,444.09
2693,331,1,176.75
2933,250,2,272.03
636,50,11,1628.62
370,1,11,3182.73
269,6,13,2125.84
47,5,8,2731.33
992,47,4,1440.85
877,69,7,825.4
774,17,6,580.55
1220,6,1,525.66
1127,3,1,243.97
5,2,11,2152.4
1596,142,5,769.09
2312,150,4,404.56
2492,218,4,228.67
1078,10,1,256.36
838,53,4,1850.38
682,37,7,1079.18
1716,154,4,1038.9
2353,203,2,50.0
2362,251,1,184.34
2198,150,1,500.18
1149,17,3,265.55
575,74,5,2248.32
51,45,8,2001.49
854,37,5,1288.22
1983,161,7,823.5
1824,210,7,901.59
834,65,7,1090.4
1116,21,2,317.35
1167,1,4,431.42
2519,297,3,342.47
1907,161,7,878.14
972,78,4,1172.55
400,21,8,3591.31
2560,298,4,308.28
2369,227,4,102.63
20,5,9,3352.38
685,49,4,1334.02
36,24,12,2687.37
2830,313,4,157.03
525,46,10,1568.72
2456,150,2,212.53
921,55,6,912.47
1842,93,3,648.5
1891,137,3,1372.88
538,38,6,1567.38
1706,190,3,962.87
2932,287,1,364.96
246,39,10,3206.93
785,53,4,1005.12
1410,19,1,397.89
2538,309,4,333.6
155,45,10,2434.28
1687,201,4,922.44
626,15,6,855.56
2877,228,1,238.31
1347,60,1,209.5
570,27,8,1106.15
2934,171,1,228.1
1759,129,6,1391.61
1817,240,4,779.97
2066,204,7,807.57
128,29,12,2801.77
2978,298,1,367.19
2007,151,5,400.0
981,16,4,1305.61
2975,281,2,492.21
191,1,14,2666.71
1140,36,3,255.08
993,41,4,1228.81
700,56,7,1731.57
607,16,6,958.1
181,6,13,3128.64
302,11,15,1000.0
2545,181,2,335.04
2776,316,1,301.41
1061,3,1,526.87
2820,176,1,173.15
2879,201,1,50.0
2566,192,2,196.7
1070,26,1,483.01
2525,207,1,145.33
2206,206,3,402.85
1244,1,2,258.85
17,5,12,2713.64
2981,365,1,479.73
547,15,6,648.95
659,70,6,1268.74
2705,278,3,417.18
2736,363,2,278.01
1505,217,3,1193.19
960,71,6,757.48
2332,336,1,218.73
798,86,6,500.0
226,4,8,2849.06
2075,114,5,400.0
1800,169,3,1116.01
2486,150,3,127.54
2963,150,1,369.32
2278,400,1,334.04
2086,229,3,711.66
1694,152,5,1299.94
1046,24,6,500.0
470,69,5,1116.27
955,55,8,820.43
2977,182,3,236.83
640,59,4,1359.17
2779,150,4,302.01
1219,22,3,457.96
1159,60,3,521.34
1416,20,2,242.41
2714,282,3,50.0
1528,139,8,983.92
2922,163,3,83.8
1301,1,2,412.19
2867,231,1,155.68
1604,252,4,581.17
161,6,12,3014.18
1705,90,6,1335.06
957,42,5,1572.88
2916,150,4,504.54
878,75,4,932.89
1920,209,3,1439.37
1885,184,5,976.74
2201,150,2,235.35
99,1,10,3465.21
2828,400,4,313.91
2558,230,1,332.12
254,5,16,2708.54
104,10,13,3522.76
1446,12,2,378.77
1444,21,3,542.32
1649,133,5,944.76
587,71,7,672.3
628,22,8,1479.16
1697,125,5,935.22
2102,286,1,397.64
2200,150,1,112.3
404,26,15,2934.64
1155,7,4,617.82
2256,150,1,441.99
1683,194,4,674.8
2057,225,6,1084.31
2845,200,1,152.14
453,15,4,1173.13
2302,150,1,50.0
1328,16,1,474.37
2050,112,9,400.0
881,53,4,500.0
2919,257,2,305.63
624,28,4,1764.18
2394,358,1,253.06
2773,224,3,490.86
1788,124,4,715.1
263,2,12,3419.01
1635,206,7,407.01
1439,9,2,479.65
2199,183,2,217.92
1970,234,5,459.79
2521,218,4,50.0
1803,164,3,550.46
641,58,4,1923.72
2386,281,1,287.53
2599,150,5,228.22
2831,150,3,354.45
1960,146,3,835.58
489,22,5,1210.16
1844,113,3,1348.59
1735,187,4,590.68
147,14,8,1279.58
1535,130,4,482.84
1987,90,3,548.68
1370,22,2,253.23
2451,268,2,282.95
2937,277,3,136.7
660,58,6,1421.3
1795,98,10,846.79
2512,150,3,458.35
187,25,9,3702.72
1148,1,1,657.86
609,38,7,1558.83
2192,239,1,458.19
1931,133,5,1028.85
198,34,11,3012.67
2328,327,1,405.21
294,6,8,2541.56
767,46,4,1186.55
401,1,9,2600.18
123,5,8,2606.38
203,2,15,2547.7
836,36,7,1080.06
2295,181,1,110.56
1440,1,1,422.33
1734,139,5,1445.45
1696,154,8,1010.07
2929,313,2,118.73
1708,128,8,997.31
2914,217,1,260.11
1154,30,1,215.62
1662,155,5,1029.58
2433,250,2,201.47
1760,100,3,1446.05
855,51,4,1687.18
1590,133,6,1653.61
2268,246,4,445.19
642,68,5,1112.78
2,45,16,2087.16
2161,162,3,423.39
699,65,4,1448.83
1637,186,4,800.61
1292,3,2,380.7
2857,325,1,531.2
2490,226,3,258.96
1521,127,4,719.23
1854,122,3,830.96
1137,3,1,608.98
2899,267,5,310.36
1632,203,3,1174.23
1999,111,5,570.84
664,27,5,820.66
684,37,4,1492.75
1258,37,2,155.3
318,2,16,2453.9
649,69,5,1206.25
1435,5,4,315.72
1480,1,3,381.4
710,74,7,1825.37
1283,8,1,476.52
1769,139,5,819.69
973,32,6,652.67
2676,248,3,609.06
2681,259,1,327.34
1307,3,2,551.07
1401,15,4,446.1
1409,7,4,273.15
2238,189,2,263.61
1497,35,1,322.26
2039,235,4,737.7
1530,113,4,1239.16
1664,201,7,935.77
1355,5,2,554.41
2925,191,1,228.07
2945,180,2,359.81
1644,150,4,529.18
1052,5,3,226.54
796,24,4,860.63
2694,364,2,543.53
1598,186,8,1044.06
2605,160,2,419.86
2730,177,2,215.2
2626,170,4,375.79
1820,137,6,531.19
1723,173,6,1241.82
1184,11,2,593.69
2573,150,4,434.47
1060,4,3,481.63
541,48,6,916.17
1679,90,5,1176.95
2797,334,4,252.25
2956,203,1,353.83
2533,297,2,288.31
1758,90,4,934.25
1924,109,3,1243.58
96,10,14,3018.97
1021,42,8,1680.1
564,25,7,1302.15
2791,188,2,337.65
864,32,4,1472.54
1485,3,1,500.64
1882,141,7,1133.5
1039,44,5,814.91
207,1,10,3216.15
393,6,10,2018.91
2843,177,1,263.64
871,40,6,945.08
398,8,9,2941.99
2815,266,1,235.51
2883,208,5,215.54
1029,43,8,996.08
2691,286,1,330.01
1486,3,2,490.57
2661,364,1,335.81
961,77,4,870.19
1571,178,7,978.62
2774,275,3,332.61
1896,101,3,1498.62
2732,168,1,386.3
2147,315,3,423.4
805,35,4,1161.81
1752,198,4,1625.57
2455,378,1,239.98
503,41,8,1067.48
780,28,6,1391.78
1864,90,5,681.33
201,15,12,3619.48
2183,373,3,50.0
2089,158,3,400.0
2279,150,4,50.0
1797,155,7,1153.82
379,25,10,1709.13
2337,150,4,233.13
419,16,10,1831.72
1699,148,6,566.14
392,7,8,1432.78
2641,307,1,318.22
1523,150,3,1381.47
1163,6,2,223.46
1496,19,2,276.47
2696,172,2,130.91
2028,118,7,1628.83
1153,1,1,527.87
1368,7,2,443.73
2569,308,2,400.42
65,4,12,2009.77
2063,140,3,1010.67
1181,27,2,398.78
493,44,5,1002.75
380,4,9,1617.13
2236,170,5,556.91
764,62,8,947.37
2265,225,1,459.27
792,15,6,977.03
1077,19,1,459.31
879,64,7,1316.88
338,18,10,1517.91
2768,281,2,326.69
2344,394,4,50.0
1017,15,7,592.26
1276,18,3,327.56
456,20,4,1794.9
816,90,6,1525.66
2318,318,1,182.35
996,29,4,1230.99
1982,190,5,1464.86
202,1,11,3239.71
162,15,11,3563.32
1580,178,5,1335.14
2778,256,1,359.63
2450,259,1,152.89
703,28,4,2004.91
1501,90,7,927.56
1130,45,1,310.35
2614,245,3,260.66
1022,46,8,1014.74
1586,107,5,874.61
1956,229,3,1451.1
2254,185,1,259.46
35,45,9,2472.25
776,44,10,1086.05
2557,211,2,343.76
1479,15,2,314.58
1391,2,1,360.59
2140,279,1,348.49
1364,60,2,580.37
2613,245,3,402.88
2825,150,5,483.57
2042,219,8,1635.86
242,45,10,2132.89
2062,231,3,1271.93
2364,330,2,182.75
601,24,4,500.0
2436,157,3,144.03
1298,17,2,488.88
2215,236,2,383.36
2889,310,3,234.78
2069,154,7,1250.31
647,34,6,1051.8
1529,154,7,994.2
2880,250,3,290.68
1268,5,3,313.54
1900,159,5,892.9
563,47,7,829.83
2735,177,1,274.23
190,4,10,2521.51
1807,239,5,602.04
976,18,8,1242.3
2748,303,2,482.51
2048,182,6,779.41
2559,236,1,373.37
1083,26,1,279.22
475,69,8,1321.53
2905,150,1,241.88
748,51,4,739.59
2301,335,1,271.05
22,2,13,3627.48
460,43,6,1388.8
1185,8,1,463.27
2325,215,3,309.51
956,72,6,1898.95
1216,3,1,463.8
2434,242,2,138.25
2854,220,1,313.08
1516,142,4,490.73
2392,312,5,225.72
770,34,6,1121.41
1686,153,6,794.97
131,8,11,2055.84
2920,214,1,277.2
2136,235,3,355.27
1483,10,1,146.72
331,6,14,2757.09
1239,54,2,406.83
467,42,8,894.69
2170,228,4,468.1
1639,167,4,1923.26
1096,7,3,389.57
1131,1,1,455.53
1295,60,1,543.29
861,71,6,987.51
